user_id,data_provenance,as_of_date,signup_date,focus_area,account_age_days,days_since_last_session,sessions_7d,sessions_30d,pulse_checkins_7d,pulse_checkins_30d,weekly_active_days,avg_session_minutes,content_diversity_30d,consultations_90d,days_since_last_consultation,briefs_started_30d,referrals_created_90d,feedback_helpful_rate,signup_completed,onboarding_completed,pulse_completed,brief_created,consultation_booked,repeat_consultation_90d,invites_created,invites_opened,invites_completed,retained_d1,retained_d7,retained_d30,future_30d_churn,future_14d_consultation
SYN-00079,synthetic_demo,2026-01-01,2025-09-25,career,98,29,0,1,0,1,0,4.41,2,0,180,0,0,0.7953,1,1,1,0,0,0,0,0,0,1,0,0,1,0
SYN-00118,synthetic_demo,2026-01-01,2025-03-10,family,297,26,0,4,0,2,0,5.98,2,0,180,0,1,0.7361,1,1,1,0,0,0,1,1,0,1,0,0,1,0
SYN-00287,synthetic_demo,2026-01-01,2025-01-30,family,336,2,1,4,1,3,1,9.77,3,2,51,0,0,0.8452,1,1,1,0,0,1,0,0,0,0,0,0,0,1
SYN-00938,synthetic_demo,2026-01-01,2025-06-07,education,208,16,0,1,0,0,0,8.88,2,0,180,0,0,0.4386,1,1,0,0,0,0,0,0,0,0,0,0,1,0
SYN-01468,synthetic_demo,2026-01-01,2025-02-10,finance,325,1,1,3,1,3,0,9.33,2,0,180,0,2,0.746,1,1,1,0,0,0,2,1,1,1,1,0,0,0
SYN-02369,synthetic_demo,2026-01-01,2025-01-02,finance,364,7,0,1,0,0,0,2.59,1,0,180,0,0,0.8222,1,1,0,0,0,0,0,0,0,0,0,0,0,0
SYN-00385,synthetic_demo,2026-01-02,2025-11-13,career,50,1,1,2,0,0,1,7.06,4,0,180,0,0,0.8512,1,1,0,0,0,0,0,0,0,0,0,0,0,1
SYN-00483,synthetic_demo,2026-01-02,2025-04-13,relationship,264,7,0,4,0,3,0,6.62,3,1,7,1,0,0.8748,1,1,1,1,0,0,0,0,0,1,1,0,0,0
SYN-00507,synthetic_demo,2026-01-02,2024-10-13,relationship,446,7,0,7,0,3,0,3.23,2,0,180,0,0,0.3464,1,1,1,0,0,0,0,0,0,0,0,0,0,0
SYN-00606,synthetic_demo,2026-01-02,2025-04-10,relationship,267,7,0,3,0,2,0,5.3,1,1,32,0,0,0.8331,1,1,1,0,0,0,0,0,0,0,0,0,0,0
SYN-00842,synthetic_demo,2026-01-02,2025-05-22,career,225,20,0,1,0,1,0,9.49,2,0,180,0,0,0.7321,1,1,1,0,0,0,0,0,0,0,0,0,1,0
SYN-00875,synthetic_demo,2026-01-02,2024-12-21,personal_growth,377,6,1,5,1,5,1,8.6,1,2,63,0,1,0.9903,1,1,1,0,0,1,1,1,1,1,0,0,0,0
SYN-01352,synthetic_demo,2026-01-02,2025-11-27,personal_growth,36,17,0,3,0,2,0,5.62,3,0,180,0,0,0.6429,1,1,1,0,0,0,0,0,0,0,0,0,1,0
SYN-01630,synthetic_demo,2026-01-02,2025-04-30,relationship,247,1,2,5,0,4,2,9.32,3,1,19,0,1,0.7255,1,1,1,0,0,0,1,1,0,0,0,0,0,0
SYN-01676,synthetic_demo,2026-01-02,2024-12-25,relationship,373,20,0,1,0,0,0,6.49,5,1,68,0,0,0.4793,1,1,0,0,0,0,0,0,0,0,0,0,0,1
SYN-01891,synthetic_demo,2026-01-02,2024-08-11,relationship,509,21,0,1,0,0,0,7.11,2,0,180,0,0,0.663,1,0,0,0,0,0,0,0,0,0,0,0,1,0
SYN-02017,synthetic_demo,2026-01-02,2025-09-28,education,96,0,1,4,0,2,1,4.44,2,0,180,1,1,0.519,1,1,1,1,1,0,1,1,0,0,0,0,0,0
SYN-02020,synthetic_demo,2026-01-02,2024-10-20,education,439,7,0,2,0,0,0,5.52,2,1,34,0,0,0.5426,1,1,0,0,0,0,0,0,0,1,1,0,1,0
SYN-02129,synthetic_demo,2026-01-02,2025-08-05,finance,150,0,2,7,1,4,1,6.38,2,1,52,0,1,0.5915,1,1,1,0,0,0,1,0,0,1,0,0,0,1
SYN-02156,synthetic_demo,2026-01-02,2024-08-10,career,510,7,0,2,0,2,0,5.71,2,0,180,0,0,0.8502,1,1,1,0,0,0,0,0,0,0,0,0,1,0
SYN-02159,synthetic_demo,2026-01-02,2025-04-20,relationship,257,30,0,0,0,0,0,8.48,0,0,180,0,0,0.7008,1,1,0,0,0,0,0,0,0,1,0,0,0,0
SYN-00048,synthetic_demo,2026-01-03,2025-06-23,education,194,7,0,4,0,1,0,2.61,0,1,31,0,0,0.8864,1,1,1,0,0,0,0,0,0,1,1,0,1,1
SYN-00170,synthetic_demo,2026-01-03,2024-11-02,career,427,4,1,4,0,0,0,6.26,3,1,43,0,0,0.9154,1,1,0,0,0,0,0,0,0,1,0,0,0,0
SYN-00554,synthetic_demo,2026-01-03,2024-08-02,relationship,519,13,0,3,0,1,0,1.0,0,0,180,0,0,0.7447,1,1,1,0,0,0,0,0,0,0,0,0,0,0
SYN-00974,synthetic_demo,2026-01-03,2024-10-18,relationship,442,22,0,2,0,2,0,5.12,3,0,180,0,1,0.797,1,1,1,0,0,0,1,1,0,0,0,0,1,0
SYN-00979,synthetic_demo,2026-01-03,2025-01-27,career,341,6,2,5,2,4,2,11.25,2,0,180,1,1,0.9438,1,1,1,1,1,0,1,1,0,1,0,0,0,0
SYN-01749,synthetic_demo,2026-01-03,2025-08-26,relationship,130,28,0,2,0,0,0,7.63,5,0,180,0,1,0.7735,1,1,0,0,0,0,1,0,0,1,1,0,1,0
SYN-01969,synthetic_demo,2026-01-03,2024-09-01,career,489,7,0,2,0,0,0,3.99,1,0,180,0,0,0.6691,1,1,0,0,0,0,0,0,0,0,0,0,1,0
SYN-02036,synthetic_demo,2026-01-03,2024-10-30,relationship,430,7,0,4,0,1,0,4.52,2,0,180,0,0,0.6817,1,1,1,0,0,0,0,0,0,0,0,0,0,0
SYN-02142,synthetic_demo,2026-01-03,2025-02-02,career,335,13,0,1,0,0,0,6.45,2,0,180,0,0,0.5455,1,1,0,0,0,0,0,0,0,0,0,0,0,0
SYN-02233,synthetic_demo,2026-01-03,2024-12-26,relationship,373,7,0,2,0,1,0,6.75,3,0,180,0,0,0.6602,1,1,1,0,0,0,0,0,0,1,0,0,1,0
SYN-00462,synthetic_demo,2026-01-04,2025-11-20,career,45,7,0,5,0,3,0,5.38,3,0,180,2,1,0.576,1,1,1,1,1,0,1,1,0,1,0,0,1,0
SYN-00536,synthetic_demo,2026-01-04,2025-10-04,finance,92,4,1,4,1,1,1,8.79,2,0,180,0,0,0.9432,1,1,1,0,0,0,0,0,0,1,1,0,0,0
SYN-01275,synthetic_demo,2026-01-04,2024-09-10,education,481,1,2,3,0,1,2,8.42,2,0,180,0,0,0.8051,1,1,1,0,0,0,0,0,0,1,1,0,0,1
SYN-01426,synthetic_demo,2026-01-04,2024-12-05,career,395,7,0,4,0,3,0,3.25,4,0,180,0,1,0.3629,1,1,1,0,0,0,1,1,0,1,0,0,0,0
SYN-01754,synthetic_demo,2026-01-04,2025-04-23,education,256,26,0,1,0,0,0,4.58,1,0,180,0,0,0.5083,1,1,0,0,0,0,0,0,0,0,0,0,1,0
SYN-01888,synthetic_demo,2026-01-04,2025-01-08,career,361,1,3,10,0,4,3,5.32,3,1,52,0,0,0.3467,1,1,1,0,0,0,0,0,0,1,1,0,0,1
SYN-02037,synthetic_demo,2026-01-04,2025-09-19,finance,107,1,1,3,1,2,1,6.17,0,1,37,0,0,0.5131,1,1,1,0,0,0,0,0,0,1,0,0,1,0
SYN-02328,synthetic_demo,2026-01-04,2024-08-17,career,505,12,0,3,0,1,0,7.22,0,0,180,0,2,0.6527,1,1,1,0,0,0,2,1,0,1,0,0,1,0
SYN-00405,synthetic_demo,2026-01-05,2025-01-18,career,352,20,0,1,0,0,0,4.47,3,0,180,0,0,0.7859,1,1,0,0,0,0,0,0,0,0,0,0,1,1
SYN-00430,synthetic_demo,2026-01-05,2025-01-12,career,358,0,2,5,0,3,2,3.79,2,0,180,2,0,0.5408,1,1,1,1,1,0,0,0,0,0,0,0,0,0
SYN-00867,synthetic_demo,2026-01-05,2025-09-21,education,106,7,0,3,0,0,0,4.65,0,0,180,0,0,0.5691,1,1,0,0,0,0,0,0,0,0,0,0,0,0
SYN-00981,synthetic_demo,2026-01-05,2025-10-05,finance,92,0,2,5,0,4,2,9.8,1,0,180,0,1,0.5326,1,1,1,0,0,0,1,0,0,0,0,0,0,0
SYN-01215,synthetic_demo,2026-01-05,2024-11-06,relationship,425,30,0,0,0,0,0,1.79,0,0,180,0,0,0.8023,1,1,0,0,0,0,0,0,0,0,0,0,1,0
SYN-01317,synthetic_demo,2026-01-05,2025-01-24,relationship,346,7,0,2,0,2,0,7.43,1,0,180,1,0,0.7837,1,1,1,1,0,0,0,0,0,1,0,0,0,0
SYN-01375,synthetic_demo,2026-01-05,2024-09-20,career,472,29,0,5,0,4,0,1.9,1,0,180,0,0,0.3334,1,1,1,0,0,0,0,0,0,1,0,0,1,0
SYN-01404,synthetic_demo,2026-01-05,2025-01-07,career,363,7,0,3,0,2,0,9.26,5,1,39,1,0,0.8488,1,1,1,1,0,0,0,0,0,0,0,0,0,1
SYN-01578,synthetic_demo,2026-01-05,2025-08-09,finance,149,1,1,7,1,4,1,4.72,4,1,54,1,1,0.3538,1,1,1,1,0,0,1,1,1,1,1,1,0,0
SYN-01685,synthetic_demo,2026-01-05,2025-04-08,relationship,272,21,0,4,0,2,0,2.96,1,0,180,0,0,0.5193,1,1,1,0,0,0,0,0,0,0,0,0,1,0
SYN-01753,synthetic_demo,2026-01-05,2024-09-03,career,489,8,0,4,0,2,0,3.75,2,0,180,0,0,0.407,1,1,1,0,0,0,0,0,0,1,0,0,0,0
SYN-01948,synthetic_demo,2026-01-05,2024-11-19,family,412,30,0,0,0,0,0,2.22,0,0,180,0,0,0.7804,1,1,0,0,0,0,0,0,0,0,0,0,1,0
SYN-00003,synthetic_demo,2026-01-06,2025-07-09,relationship,181,7,0,4,0,1,0,4.92,3,0,180,0,0,0.6816,1,1,1,0,0,0,0,0,0,1,1,0,0,0
SYN-00158,synthetic_demo,2026-01-06,2025-11-15,education,52,18,0,7,0,2,0,5.77,1,0,180,2,0,0.474,1,1,1,1,0,0,0,0,0,1,1,0,0,0
SYN-00391,synthetic_demo,2026-01-06,2024-12-23,career,379,6,1,2,0,2,1,5.53,3,0,180,0,0,0.7686,1,1,1,0,0,0,0,0,0,1,0,0,1,0
SYN-00463,synthetic_demo,2026-01-06,2025-12-06,relationship,31,6,2,5,2,3,2,10.23,2,0,180,0,0,0.8933,1,1,1,0,0,0,0,0,0,0,0,0,1,0
SYN-00492,synthetic_demo,2026-01-06,2025-01-16,education,355,2,1,4,0,2,1,1.0,2,0,180,0,0,0.4225,1,1,1,0,0,0,0,0,0,1,1,1,0,0
SYN-00503,synthetic_demo,2026-01-06,2025-11-25,finance,42,2,4,7,3,4,4,5.08,3,0,180,0,0,0.6395,1,1,1,0,0,0,0,0,0,1,0,0,0,1
SYN-00710,synthetic_demo,2026-01-06,2025-04-11,career,270,6,4,6,1,1,3,7.37,2,0,180,1,0,0.7159,1,1,1,1,1,0,0,0,0,1,0,0,0,1
SYN-00832,synthetic_demo,2026-01-06,2024-12-27,relationship,375,3,1,4,0,3,1,6.84,4,0,180,0,1,0.9017,1,1,1,0,0,0,1,1,1,0,0,0,0,0
SYN-01332,synthetic_demo,2026-01-06,2024-10-14,relationship,449,6,2,3,1,2,2,4.23,2,0,180,0,0,0.6596,1,1,1,0,0,0,0,0,0,0,0,0,1,0
SYN-02263,synthetic_demo,2026-01-06,2025-09-23,finance,105,7,0,2,0,1,0,4.0,1,0,180,0,0,0.8988,1,1,1,0,0,0,0,0,0,0,0,0,0,0
SYN-02318,synthetic_demo,2026-01-06,2024-11-15,personal_growth,417,9,0,3,0,2,0,5.28,3,0,180,0,0,0.6188,1,1,1,0,0,0,0,0,0,0,0,0,0,1
SYN-00221,synthetic_demo,2026-01-07,2025-09-04,career,125,30,0,0,0,0,0,3.81,0,0,180,0,0,0.8123,1,1,0,0,0,0,0,0,0,0,0,0,1,0
SYN-00232,synthetic_demo,2026-01-07,2024-10-04,relationship,460,7,0,2,0,2,0,10.77,3,0,180,0,0,0.7911,1,1,1,0,0,0,0,0,0,0,0,0,1,0
SYN-00336,synthetic_demo,2026-01-07,2025-10-10,career,89,6,2,2,0,0,1,9.02,2,0,180,0,1,0.651,1,1,0,0,0,0,1,1,1,1,1,1,1,0
SYN-00349,synthetic_demo,2026-01-07,2025-06-13,career,208,2,1,3,1,2,1,6.94,4,0,180,1,0,0.5206,1,1,1,1,1,0,0,0,0,1,1,1,1,0
SYN-00762,synthetic_demo,2026-01-07,2025-01-01,finance,371,7,0,2,0,2,0,7.17,4,0,180,0,0,0.9064,1,1,1,0,0,0,0,0,0,1,0,0,0,0
SYN-00927,synthetic_demo,2026-01-07,2025-08-05,career,155,2,3,6,3,4,0,3.55,2,0,180,0,1,0.455,1,1,1,0,0,0,1,1,0,0,0,0,1,0
SYN-01105,synthetic_demo,2026-01-07,2025-10-11,career,88,22,0,2,0,1,0,4.04,3,0,180,1,0,0.7518,1,1,1,1,1,0,0,0,0,1,0,0,1,0
SYN-01164,synthetic_demo,2026-01-07,2025-07-18,family,173,29,0,1,0,0,0,5.9,0,0,180,0,1,0.7208,1,0,0,0,0,0,1,1,1,1,1,0,0,0
SYN-01281,synthetic_demo,2026-01-07,2025-11-07,career,61,6,1,3,0,0,1,4.05,2,0,180,0,0,0.4315,1,1,0,0,0,0,0,0,0,0,0,0,0,0
SYN-01430,synthetic_demo,2026-01-07,2025-09-08,personal_growth,121,5,3,4,1,4,3,4.42,4,0,180,1,1,0.6629,1,1,1,1,0,0,1,1,0,0,0,0,0,0
SYN-01435,synthetic_demo,2026-01-07,2025-05-29,career,223,7,0,1,0,1,0,2.34,3,0,180,0,1,0.4509,1,1,1,0,0,0,1,0,0,0,0,0,1,0
SYN-01890,synthetic_demo,2026-01-07,2024-10-08,family,456,7,0,1,0,0,0,1.0,2,0,180,0,0,0.4827,1,1,0,0,0,0,0,0,0,1,1,0,0,0
SYN-02056,synthetic_demo,2026-01-07,2025-05-01,education,251,22,0,6,0,1,0,6.73,0,0,180,1,0,0.9393,1,1,1,1,1,0,0,0,0,0,0,0,1,0
SYN-02083,synthetic_demo,2026-01-07,2025-06-18,relationship,203,6,1,1,0,0,1,8.11,3,1,48,0,2,0.7197,1,1,0,0,0,0,2,1,1,1,0,0,1,0
SYN-02203,synthetic_demo,2026-01-07,2025-04-15,relationship,267,29,0,3,0,2,0,7.21,2,0,180,0,1,0.8968,1,1,1,0,0,0,1,1,0,1,1,0,1,0
SYN-02237,synthetic_demo,2026-01-07,2025-02-08,career,333,13,0,3,0,0,0,4.5,2,1,6,0,0,0.6659,1,1,0,0,0,0,0,0,0,0,0,0,1,0
SYN-02272,synthetic_demo,2026-01-07,2025-02-01,personal_growth,340,7,0,2,0,1,0,3.14,1,1,6,0,1,0.5269,1,1,1,0,0,0,1,0,0,1,0,0,0,0
SYN-00103,synthetic_demo,2026-01-08,2025-04-08,career,275,16,0,1,0,1,0,3.25,2,0,180,0,0,0.8312,1,1,1,0,0,0,0,0,0,1,1,0,0,0
SYN-00111,synthetic_demo,2026-01-08,2025-07-22,finance,170,10,0,3,0,1,0,2.64,3,1,22,0,0,0.8543,1,1,1,0,0,0,0,0,0,0,0,0,0,0
SYN-00159,synthetic_demo,2026-01-08,2025-11-02,career,67,11,0,2,0,1,0,7.5,2,2,4,0,0,0.5074,1,1,1,0,0,1,0,0,0,1,1,0,0,0
SYN-00331,synthetic_demo,2026-01-08,2025-10-12,personal_growth,88,3,2,6,0,2,2,5.08,2,0,180,0,0,0.5477,1,1,1,0,0,0,0,0,0,1,0,0,1,0
SYN-00808,synthetic_demo,2026-01-08,2024-08-11,education,515,6,2,6,0,3,2,5.51,1,0,180,1,0,0.6994,1,1,1,1,1,0,0,0,0,1,0,0,1,0
SYN-00893,synthetic_demo,2026-01-08,2025-02-15,personal_growth,327,7,0,5,0,1,0,6.1,0,2,13,1,0,0.806,1,1,1,1,0,1,0,0,0,1,0,0,0,1
SYN-00899,synthetic_demo,2026-01-08,2025-01-01,career,372,7,0,1,0,1,0,5.96,2,1,5,1,0,0.8619,1,1,1,1,0,0,0,0,0,1,1,0,1,0
SYN-01101,synthetic_demo,2026-01-08,2024-08-18,personal_growth,508,6,1,4,1,4,0,5.27,3,1,7,0,1,0.7657,1,1,1,0,0,0,1,1,0,1,1,0,0,0
SYN-01103,synthetic_demo,2026-01-08,2024-08-20,finance,506,7,0,3,0,1,0,1.06,1,0,180,0,0,0.5599,1,1,1,0,0,0,0,0,0,0,0,0,0,0
SYN-01171,synthetic_demo,2026-01-08,2025-11-09,personal_growth,60,27,0,2,0,2,0,1.0,0,0,180,0,0,0.7837,1,1,1,0,0,0,0,0,0,1,1,1,1,0
SYN-00119,synthetic_demo,2026-01-09,2025-01-15,family,359,29,0,1,0,1,0,6.46,1,0,180,0,0,0.5684,1,1,1,0,0,0,0,0,0,0,0,0,1,0
SYN-00513,synthetic_demo,2026-01-09,2025-03-07,personal_growth,308,29,0,2,0,2,0,5.34,2,0,180,0,0,0.5173,1,1,1,0,0,0,0,0,0,0,0,0,1,0
SYN-00613,synthetic_demo,2026-01-09,2025-02-16,family,327,6,1,5,1,5,1,10.2,1,0,180,0,0,0.6646,1,1,1,0,0,0,0,0,0,1,1,0,1,0
SYN-00783,synthetic_demo,2026-01-09,2025-04-16,personal_growth,268,1,3,5,0,2,0,4.25,1,0,180,1,0,0.5127,1,1,1,1,0,0,0,0,0,0,0,0,0,0
SYN-01077,synthetic_demo,2026-01-09,2025-03-07,career,308,16,0,2,0,1,0,1.62,3,1,13,0,0,0.5533,1,1,1,0,0,0,0,0,0,0,0,0,1,0
SYN-01209,synthetic_demo,2026-01-09,2025-11-23,personal_growth,47,0,3,9,2,8,3,6.73,4,0,180,0,1,0.6079,1,1,1,0,0,0,1,0,0,1,1,1,1,0
SYN-01700,synthetic_demo,2026-01-09,2024-10-05,career,461,7,0,3,0,2,0,4.18,3,0,180,0,1,0.9169,1,1,1,0,0,0,1,1,0,0,0,0,0,0
SYN-01926,synthetic_demo,2026-01-09,2025-03-06,personal_growth,309,6,2,6,0,1,2,6.27,3,1,16,3,1,0.5512,1,1,1,1,1,0,1,0,0,1,0,0,1,1
SYN-00293,synthetic_demo,2026-01-10,2024-12-14,finance,392,28,0,1,0,0,0,4.62,4,0,180,0,1,0.8464,1,1,0,0,0,0,1,1,0,1,0,0,1,0
SYN-00332,synthetic_demo,2026-01-10,2024-08-19,family,509,3,3,9,1,6,3,8.11,2,1,9,1,1,0.8512,1,1,1,1,1,0,1,0,0,0,0,0,1,1
SYN-00542,synthetic_demo,2026-01-10,2025-02-14,career,330,29,0,1,0,1,0,6.19,1,0,180,0,0,0.6956,1,1,1,0,0,0,0,0,0,0,0,0,1,0
SYN-02326,synthetic_demo,2026-01-10,2025-02-01,personal_growth,343,1,1,2,1,1,1,4.28,3,0,180,2,0,0.8174,1,1,1,1,1,0,0,0,0,1,0,0,1,0
SYN-00305,synthetic_demo,2026-01-11,2025-08-11,career,153,17,0,5,0,2,0,6.79,3,0,180,0,0,0.7305,1,1,1,0,0,0,0,0,0,0,0,0,1,0
SYN-00515,synthetic_demo,2026-01-11,2025-08-09,relationship,155,0,6,12,6,10,4,6.86,2,1,33,1,0,0.5402,1,1,1,1,0,0,0,0,0,1,1,0,0,1
SYN-00620,synthetic_demo,2026-01-11,2025-11-09,finance,63,15,0,3,0,1,0,9.09,4,0,180,0,0,0.7721,1,1,1,0,0,0,0,0,0,0,0,0,0,1
SYN-00768,synthetic_demo,2026-01-11,2024-09-21,finance,477,6,1,3,1,1,1,4.41,3,0,180,0,0,0.4661,1,1,1,0,0,0,0,0,0,1,1,0,0,0
SYN-00865,synthetic_demo,2026-01-11,2025-07-08,personal_growth,187,6,1,3,1,1,1,4.68,1,2,44,0,1,0.464,1,1,1,0,0,1,1,1,1,0,0,0,0,0
SYN-00971,synthetic_demo,2026-01-11,2025-10-19,career,84,7,0,4,0,0,0,7.28,3,0,180,0,1,0.9016,1,1,0,0,0,0,1,0,0,0,0,0,0,1
SYN-01137,synthetic_demo,2026-01-11,2025-02-11,finance,334,30,0,0,0,0,0,1.0,0,1,45,0,0,0.81,1,1,0,0,0,0,0,0,0,0,0,0,1,0
SYN-01538,synthetic_demo,2026-01-11,2025-11-28,career,44,29,0,2,0,1,0,4.85,3,0,180,0,0,0.788,1,1,1,0,0,0,0,0,0,1,1,1,1,1
SYN-01650,synthetic_demo,2026-01-11,2025-01-02,relationship,374,6,3,5,1,2,3,5.42,1,0,180,0,0,0.7276,1,1,1,0,0,0,0,0,0,1,1,0,0,0
SYN-01809,synthetic_demo,2026-01-11,2024-11-15,career,422,15,0,2,0,0,0,3.04,2,0,180,0,0,0.5985,1,1,0,0,0,0,0,0,0,0,0,0,0,1
SYN-01928,synthetic_demo,2026-01-11,2025-10-05,personal_growth,98,7,0,1,0,0,0,7.8,3,0,180,0,1,0.5884,1,1,0,0,0,0,1,0,0,0,0,0,1,0
SYN-00633,synthetic_demo,2026-01-12,2025-08-23,career,142,7,0,5,0,2,0,7.08,2,0,180,0,0,0.5605,1,1,1,0,0,0,0,0,0,0,0,0,0,1
SYN-00810,synthetic_demo,2026-01-12,2025-10-02,career,102,1,1,6,1,4,1,9.65,2,0,180,0,0,0.7597,1,1,1,0,0,0,0,0,0,0,0,0,0,1
SYN-00857,synthetic_demo,2026-01-12,2025-08-08,relationship,157,1,2,7,1,2,1,6.15,3,1,77,0,0,0.9518,1,1,1,0,0,0,0,0,0,1,0,0,0,0
SYN-01240,synthetic_demo,2026-01-12,2025-05-15,education,242,7,0,2,0,0,0,6.73,4,0,180,0,1,0.7831,1,0,0,0,0,0,1,1,1,0,0,0,1,0
SYN-01670,synthetic_demo,2026-01-12,2025-09-07,family,127,6,3,4,0,1,1,5.65,3,0,180,0,0,0.2794,1,1,1,0,0,0,0,0,0,1,0,0,1,0
SYN-01785,synthetic_demo,2026-01-12,2025-04-28,career,259,29,0,2,0,0,0,4.28,2,1,50,0,0,0.6493,1,1,0,0,0,0,0,0,0,0,0,0,1,0
SYN-01849,synthetic_demo,2026-01-12,2024-09-04,finance,495,30,0,0,0,0,0,4.61,0,0,180,0,0,0.8867,1,1,0,0,0,0,0,0,0,1,0,0,1,0
SYN-02066,synthetic_demo,2026-01-12,2025-08-11,finance,154,6,1,3,1,3,0,1.78,2,0,180,0,0,0.6691,1,1,1,0,0,0,0,0,0,0,0,0,0,1
SYN-02102,synthetic_demo,2026-01-12,2025-02-04,career,342,6,1,7,1,2,1,4.92,3,1,11,1,0,0.3346,1,1,1,1,1,0,0,0,0,0,0,0,0,0
SYN-02168,synthetic_demo,2026-01-12,2025-05-12,career,245,22,0,3,0,1,0,4.44,2,0,180,1,0,0.6902,1,1,1,1,0,0,0,0,0,1,0,0,1,0
SYN-02200,synthetic_demo,2026-01-12,2025-12-12,family,31,9,0,4,0,1,0,6.45,3,0,180,0,0,0.5939,1,1,1,0,0,0,0,0,0,0,0,0,1,1
SYN-02244,synthetic_demo,2026-01-12,2025-11-04,personal_growth,69,8,0,6,0,0,0,3.01,2,0,180,0,0,0.872,1,1,0,0,0,0,0,0,0,0,0,0,1,0
SYN-00134,synthetic_demo,2026-01-13,2024-10-29,family,441,13,0,1,0,0,0,7.33,3,0,180,0,0,0.7886,1,0,0,0,0,0,0,0,0,1,0,0,1,0
SYN-00165,synthetic_demo,2026-01-13,2025-05-25,finance,233,20,0,1,0,0,0,8.44,2,0,180,0,0,0.4656,1,1,0,0,0,0,0,0,0,1,0,0,0,0
SYN-00301,synthetic_demo,2026-01-13,2025-09-14,career,121,2,1,3,0,1,1,8.12,3,1,25,0,0,0.5225,1,1,1,0,0,0,0,0,0,1,1,0,0,1
SYN-00543,synthetic_demo,2026-01-13,2025-06-14,personal_growth,213,7,0,2,0,2,0,7.67,3,0,180,0,0,0.9521,1,1,1,0,0,0,0,0,0,0,0,0,1,1
SYN-00856,synthetic_demo,2026-01-13,2025-03-03,career,316,6,2,6,1,3,1,1.0,2,1,5,3,0,0.7942,1,1,1,1,1,0,0,0,0,1,0,0,1,1
SYN-01010,synthetic_demo,2026-01-13,2024-09-08,finance,492,1,1,7,0,1,1,6.07,0,0,180,1,1,0.599,1,1,1,1,0,0,1,0,0,1,1,1,1,0
SYN-01156,synthetic_demo,2026-01-13,2024-08-03,relationship,528,6,2,7,2,4,2,11.98,4,0,180,0,1,0.7467,1,1,1,0,0,0,1,1,1,0,0,0,0,0
SYN-01517,synthetic_demo,2026-01-13,2025-07-13,education,184,4,2,5,1,3,2,5.28,2,0,180,2,1,0.9629,1,1,1,1,1,0,1,1,0,1,1,0,0,1
SYN-01582,synthetic_demo,2026-01-13,2024-12-28,relationship,381,0,10,13,8,10,6,9.41,3,1,66,2,1,0.8285,1,1,1,1,1,0,1,0,0,1,0,0,0,1
SYN-01672,synthetic_demo,2026-01-13,2025-06-12,relationship,215,3,1,7,1,3,1,2.92,3,0,180,0,0,0.6033,1,1,1,0,0,0,0,0,0,0,0,0,1,0
SYN-01801,synthetic_demo,2026-01-13,2024-09-12,personal_growth,488,7,0,2,0,1,0,3.36,1,0,180,0,0,0.8363,1,1,1,0,0,0,0,0,0,0,0,0,0,0
SYN-02170,synthetic_demo,2026-01-13,2024-12-27,relationship,382,6,1,3,0,1,0,5.62,3,0,180,0,0,0.3961,1,1,1,0,0,0,0,0,0,1,1,0,0,0
SYN-02339,synthetic_demo,2026-01-13,2025-06-16,career,211,12,0,2,0,2,0,10.4,3,0,180,0,1,0.6981,1,1,1,0,0,0,1,0,0,0,0,0,1,0
SYN-00521,synthetic_demo,2026-01-14,2025-02-22,relationship,326,7,0,5,0,2,0,5.7,3,0,180,0,0,0.6955,1,1,1,0,0,0,0,0,0,1,1,0,0,0
SYN-00539,synthetic_demo,2026-01-14,2025-06-21,family,207,18,0,2,0,1,0,2.29,4,0,180,0,1,0.8038,1,1,1,0,0,0,1,0,0,0,0,0,1,0
SYN-00593,synthetic_demo,2026-01-14,2024-08-25,personal_growth,507,5,1,4,0,2,1,4.39,3,0,180,1,0,0.4657,1,1,1,1,0,0,0,0,0,1,1,0,0,0
SYN-00789,synthetic_demo,2026-01-14,2025-08-02,finance,165,6,2,5,1,4,2,5.59,4,0,180,0,0,0.6787,1,1,1,0,0,0,0,0,0,1,1,0,0,0
SYN-01047,synthetic_demo,2026-01-14,2025-04-01,career,288,7,0,2,0,1,0,4.05,1,0,180,0,1,0.3756,1,1,1,0,0,0,1,1,0,0,0,0,0,0
SYN-01288,synthetic_demo,2026-01-14,2025-11-28,family,47,15,0,3,0,0,0,4.3,2,0,180,0,0,0.8673,1,1,0,0,0,0,0,0,0,0,0,0,1,0
SYN-01381,synthetic_demo,2026-01-14,2024-09-25,career,476,7,0,1,0,0,0,3.15,3,1,48,0,0,0.7172,1,1,0,0,0,0,0,0,0,0,0,0,1,1
SYN-01593,synthetic_demo,2026-01-14,2024-10-07,education,464,10,0,3,0,1,0,7.1,4,1,63,0,0,0.6517,1,1,1,0,0,0,0,0,0,1,0,0,0,1
SYN-01686,synthetic_demo,2026-01-14,2025-06-12,relationship,216,15,0,3,0,3,0,6.88,3,0,180,0,0,0.5572,1,1,1,0,0,0,0,0,0,0,0,0,1,0
SYN-02243,synthetic_demo,2026-01-14,2024-08-25,finance,507,7,0,1,0,0,0,9.6,1,0,180,0,0,0.474,1,1,0,0,0,0,0,0,0,1,1,1,0,0
SYN-00193,synthetic_demo,2026-01-15,2025-06-06,relationship,223,7,0,2,0,0,0,1.51,0,0,180,0,0,0.8022,1,1,0,0,0,0,0,0,0,0,0,0,1,0
SYN-00212,synthetic_demo,2026-01-15,2024-08-16,personal_growth,517,6,2,4,2,3,2,7.08,1,0,180,0,0,0.8622,1,1,1,0,0,0,0,0,0,1,1,1,1,0
SYN-00269,synthetic_demo,2026-01-15,2024-12-12,career,399,7,0,3,0,1,0,2.13,2,0,180,0,0,0.6734,1,1,1,0,0,0,0,0,0,1,1,0,0,0
SYN-01200,synthetic_demo,2026-01-15,2024-10-11,relationship,461,7,0,1,0,0,0,2.58,2,0,180,0,0,0.8066,1,1,0,0,0,0,0,0,0,0,0,0,0,0
SYN-01463,synthetic_demo,2026-01-15,2025-04-09,career,281,10,0,2,0,1,0,6.88,3,0,180,0,0,0.775,1,1,1,0,0,0,0,0,0,1,0,0,0,0
SYN-02179,synthetic_demo,2026-01-15,2025-08-16,finance,152,30,0,0,0,0,0,4.21,0,0,180,0,0,0.8279,1,1,0,0,0,0,0,0,0,0,0,0,1,0
SYN-00352,synthetic_demo,2026-01-16,2024-10-25,finance,448,6,2,5,2,4,1,6.02,1,0,180,0,0,0.7666,1,1,1,0,0,0,0,0,0,0,0,0,0,0
SYN-00619,synthetic_demo,2026-01-16,2025-11-17,career,60,6,1,3,0,2,1,6.06,2,0,180,0,2,0.7786,1,1,1,0,0,0,2,2,2,1,1,0,1,1
SYN-00818,synthetic_demo,2026-01-16,2025-11-13,relationship,64,7,0,3,0,3,0,6.5,0,0,180,0,0,0.9075,1,1,1,0,0,0,0,0,0,0,0,0,1,1
SYN-00864,synthetic_demo,2026-01-16,2025-08-12,family,157,7,0,2,0,1,0,1.98,2,0,180,0,1,0.7284,1,1,1,0,0,0,1,1,1,0,0,0,1,0
SYN-00970,synthetic_demo,2026-01-16,2025-08-18,family,151,6,3,4,3,3,2,2.63,1,0,180,0,0,0.4213,1,1,1,0,0,0,0,0,0,1,1,1,0,0
SYN-01109,synthetic_demo,2026-01-16,2025-09-06,finance,132,7,0,3,0,3,0,10.87,4,0,180,1,3,0.7483,1,1,1,1,1,0,3,2,0,0,0,0,0,0
SYN-01269,synthetic_demo,2026-01-16,2025-11-26,career,51,24,0,5,0,3,0,7.94,1,0,180,0,1,0.9698,1,1,1,0,0,0,1,1,1,0,0,0,0,1
SYN-01510,synthetic_demo,2026-01-16,2025-06-12,personal_growth,218,5,1,3,0,2,1,6.62,2,0,180,1,0,0.4258,1,1,1,1,0,0,0,0,0,1,1,1,1,0
SYN-01533,synthetic_demo,2026-01-16,2025-02-02,career,348,15,0,1,0,0,0,8.14,4,0,180,0,0,0.6147,1,1,0,0,0,0,0,0,0,1,0,0,1,0
SYN-01854,synthetic_demo,2026-01-16,2025-12-10,family,37,23,0,2,0,2,0,5.4,2,0,180,0,0,0.6834,1,1,1,0,0,0,0,0,0,0,0,0,1,0
SYN-02136,synthetic_demo,2026-01-16,2025-06-28,career,202,29,0,1,0,1,0,3.7,3,0,180,0,1,0.8526,1,1,1,0,0,0,1,0,0,0,0,0,1,1
SYN-00007,synthetic_demo,2026-01-17,2024-08-20,career,515,29,0,1,0,1,0,4.12,3,0,180,0,0,0.3767,1,1,1,0,0,0,0,0,0,0,0,0,1,0
SYN-00085,synthetic_demo,2026-01-17,2024-09-11,career,493,7,0,1,0,0,0,1.47,1,0,180,0,0,0.7495,1,1,0,0,0,0,0,0,0,0,0,0,0,1
SYN-00191,synthetic_demo,2026-01-17,2025-02-17,finance,334,5,2,5,0,0,2,7.85,3,0,180,0,2,0.8478,1,1,0,0,0,0,2,1,0,0,0,0,0,1
SYN-00251,synthetic_demo,2026-01-17,2025-11-21,career,57,7,0,6,0,1,0,3.29,1,0,180,0,1,0.723,1,1,1,0,0,0,1,1,1,1,0,0,1,0
SYN-00376,synthetic_demo,2026-01-17,2025-01-05,relationship,377,6,1,5,1,2,1,4.87,4,0,180,0,0,0.6941,1,1,1,0,0,0,0,0,0,0,0,0,0,1
SYN-00414,synthetic_demo,2026-01-17,2025-07-26,finance,175,10,0,5,0,3,0,11.17,2,0,180,1,0,0.9831,1,1,1,1,1,0,0,0,0,0,0,0,1,0
SYN-00496,synthetic_demo,2026-01-17,2025-03-09,family,314,9,0,2,0,0,0,6.64,3,0,180,0,0,0.6622,1,0,0,0,0,0,0,0,0,1,1,1,0,0
SYN-00706,synthetic_demo,2026-01-17,2025-07-28,relationship,173,26,0,3,0,3,0,5.42,0,0,180,0,0,0.7107,1,1,1,0,0,0,0,0,0,1,0,0,1,0
SYN-01061,synthetic_demo,2026-01-17,2025-02-02,relationship,349,7,0,1,0,0,0,7.49,3,0,180,0,0,0.8198,1,0,0,0,0,0,0,0,0,0,0,0,0,0
SYN-01133,synthetic_demo,2026-01-17,2025-03-18,finance,305,7,0,3,0,2,0,8.15,3,0,180,1,2,0.7745,1,1,1,1,0,0,2,1,1,0,0,0,0,0
SYN-01257,synthetic_demo,2026-01-17,2025-12-07,career,41,6,3,4,0,1,3,2.45,3,1,9,0,0,0.3742,1,1,1,0,0,0,0,0,0,1,0,0,0,1
SYN-01267,synthetic_demo,2026-01-17,2025-04-09,relationship,283,7,0,4,0,0,0,3.54,3,0,180,0,0,0.3935,1,1,0,0,0,0,0,0,0,0,0,0,0,0
SYN-01291,synthetic_demo,2026-01-17,2025-07-16,finance,185,4,2,6,2,2,2,3.18,2,0,180,0,0,0.9707,1,1,1,0,0,0,0,0,0,1,1,0,0,0
SYN-01301,synthetic_demo,2026-01-17,2025-07-11,family,190,7,0,2,0,0,0,3.09,2,0,180,0,1,0.5532,1,1,0,0,0,0,1,0,0,0,0,0,0,0
SYN-01382,synthetic_demo,2026-01-17,2024-12-28,relationship,385,1,1,10,1,4,1,5.15,2,0,180,0,0,0.609,1,1,1,0,0,0,0,0,0,1,1,0,0,0
SYN-01422,synthetic_demo,2026-01-17,2025-06-06,relationship,225,15,0,1,0,1,0,7.85,1,1,8,0,0,0.4631,1,1,1,0,0,0,0,0,0,0,0,0,1,0
SYN-01893,synthetic_demo,2026-01-17,2025-09-28,finance,111,4,3,4,1,2,3,6.67,2,1,13,0,0,0.9145,1,1,1,0,0,0,0,0,0,0,0,0,0,0
SYN-02011,synthetic_demo,2026-01-17,2025-01-18,finance,364,0,1,3,1,1,0,8.02,2,0,180,0,1,0.5363,1,1,1,0,0,0,1,1,0,0,0,0,1,0
SYN-02096,synthetic_demo,2026-01-17,2025-01-29,education,353,7,0,2,0,1,0,5.52,3,0,180,0,0,0.6743,1,1,1,0,0,0,0,0,0,1,1,0,0,0
SYN-02312,synthetic_demo,2026-01-17,2024-08-04,relationship,531,7,0,1,0,0,0,6.33,0,0,180,0,1,0.578,1,1,0,0,0,0,1,1,0,0,0,0,0,0
SYN-00234,synthetic_demo,2026-01-18,2025-09-24,finance,116,0,3,6,0,4,3,6.62,2,1,45,4,1,0.8061,1,1,1,1,0,0,1,0,0,1,0,0,0,0
SYN-00838,synthetic_demo,2026-01-18,2024-09-13,relationship,492,7,0,1,0,1,0,7.28,1,0,180,0,0,0.3446,1,1,1,0,0,0,0,0,0,0,0,0,0,0
SYN-00866,synthetic_demo,2026-01-18,2025-08-05,education,166,26,0,4,0,1,0,7.29,2,0,180,1,0,0.7145,1,1,1,1,1,0,0,0,0,1,0,0,1,0
SYN-00991,synthetic_demo,2026-01-18,2024-09-28,relationship,477,30,0,0,0,0,0,5.71,0,0,180,0,0,0.5174,1,1,0,0,0,0,0,0,0,0,0,0,1,0
SYN-01181,synthetic_demo,2026-01-18,2025-04-12,relationship,281,3,1,3,1,1,0,4.43,0,0,180,1,0,0.8936,1,1,1,1,0,0,0,0,0,0,0,0,1,0
SYN-01327,synthetic_demo,2026-01-18,2025-12-09,relationship,40,7,0,2,0,1,0,4.23,1,0,180,1,0,0.8166,1,1,1,1,0,0,0,0,0,1,1,1,0,0
SYN-01358,synthetic_demo,2026-01-18,2025-04-15,finance,278,30,0,0,0,0,0,2.24,0,0,180,0,0,0.8285,1,1,0,0,0,0,0,0,0,1,1,0,1,1
SYN-01360,synthetic_demo,2026-01-18,2024-12-04,personal_growth,410,8,0,1,0,1,0,7.46,2,0,180,0,1,0.5166,1,1,1,0,0,0,1,1,0,1,0,0,0,0
SYN-01457,synthetic_demo,2026-01-18,2025-12-09,relationship,40,7,0,5,0,5,0,7.69,3,1,90,0,1,0.9435,1,1,1,0,0,0,1,1,1,1,0,0,0,0
SYN-01512,synthetic_demo,2026-01-18,2025-08-28,relationship,143,0,5,7,3,5,3,4.74,2,0,180,0,2,0.9299,1,1,1,0,0,0,2,2,1,0,0,0,0,0
SYN-01814,synthetic_demo,2026-01-18,2025-01-10,education,373,6,3,8,1,3,2,4.66,2,0,180,0,0,0.8683,1,1,1,0,0,0,0,0,0,0,0,0,0,1
SYN-01841,synthetic_demo,2026-01-18,2025-09-13,career,127,0,3,9,2,5,2,4.09,1,0,180,0,0,0.8893,1,1,1,0,0,0,0,0,0,0,0,0,0,0
SYN-02196,synthetic_demo,2026-01-18,2024-12-04,career,410,1,1,5,1,2,1,5.26,3,0,180,0,0,0.7163,1,1,1,0,0,0,0,0,0,0,0,0,0,0
SYN-02358,synthetic_demo,2026-01-18,2025-05-01,career,262,6,1,4,0,4,1,5.24,2,1,65,0,0,0.6681,1,1,1,0,0,0,0,0,0,1,0,0,0,1
SYN-02388,synthetic_demo,2026-01-18,2025-07-30,education,172,1,1,4,1,1,0,4.5,3,0,180,1,0,0.9099,1,1,1,1,1,0,0,0,0,0,0,0,1,0
SYN-02400,synthetic_demo,2026-01-18,2025-04-23,finance,270,0,2,6,1,3,2,5.36,2,0,180,2,1,0.6521,1,1,1,1,1,0,1,0,0,0,0,0,0,0
SYN-00167,synthetic_demo,2026-01-19,2024-09-14,relationship,492,11,0,2,0,1,0,3.31,2,0,180,0,0,0.7832,1,1,1,0,0,0,0,0,0,0,0,0,0,0
SYN-00640,synthetic_demo,2026-01-19,2025-07-08,relationship,195,0,1,3,0,2,1,7.2,3,0,180,0,1,0.9412,1,1,1,0,0,0,1,1,1,0,0,0,0,0
SYN-00904,synthetic_demo,2026-01-19,2024-08-05,career,532,7,0,3,0,0,0,2.61,1,0,180,0,0,0.5914,1,1,0,0,0,0,0,0,0,0,0,0,1,1
SYN-00961,synthetic_demo,2026-01-19,2024-10-10,career,466,75,0,0,0,0,0,8.72,0,0,180,0,1,0.8386,1,1,0,0,0,0,1,0,0,1,0,0,1,1
SYN-01141,synthetic_demo,2026-01-19,2025-09-01,career,140,0,3,9,2,8,3,3.31,4,0,180,0,2,0.8266,1,1,1,0,0,0,2,1,1,0,0,0,0,0
SYN-01187,synthetic_demo,2026-01-19,2024-11-14,finance,431,6,1,3,1,1,1,6.44,1,0,180,0,0,0.6634,1,1,1,0,0,0,0,0,0,1,0,0,0,0
SYN-01488,synthetic_demo,2026-01-19,2024-11-30,personal_growth,415,3,1,3,0,2,1,8.04,2,0,180,1,0,0.4722,1,1,1,1,1,0,0,0,0,1,1,1,0,0
SYN-01603,synthetic_demo,2026-01-19,2024-09-01,career,505,25,0,2,0,0,0,8.87,2,1,28,0,0,0.8203,1,1,0,0,0,0,0,0,0,1,0,0,1,0
SYN-01738,synthetic_demo,2026-01-19,2025-08-23,finance,149,7,0,1,0,1,0,6.35,2,0,180,0,0,0.7533,1,1,1,0,0,0,0,0,0,1,0,0,0,0
SYN-01810,synthetic_demo,2026-01-19,2025-08-19,education,153,7,0,3,0,0,0,8.44,2,0,180,0,0,0.5312,1,1,0,0,0,0,0,0,0,0,0,0,0,0
SYN-01912,synthetic_demo,2026-01-19,2025-11-05,relationship,75,6,5,8,2,4,5,3.97,3,0,180,1,2,0.7301,1,1,1,1,1,0,2,2,0,0,0,0,0,1
SYN-02252,synthetic_demo,2026-01-19,2025-03-06,finance,319,7,0,1,0,0,0,7.95,3,0,180,0,1,0.9123,1,1,0,0,0,0,1,1,0,1,1,0,0,0
SYN-00043,synthetic_demo,2026-01-20,2025-02-28,career,326,6,1,4,0,3,1,2.55,3,0,180,1,0,0.8784,1,1,1,1,0,0,0,0,0,1,0,0,1,0
SYN-00128,synthetic_demo,2026-01-20,2025-05-23,education,242,7,0,4,0,1,0,4.85,3,0,180,0,1,0.6706,1,1,1,0,0,0,1,0,0,1,0,0,1,1
SYN-00168,synthetic_demo,2026-01-20,2025-06-11,relationship,223,6,3,7,1,5,2,7.93,2,1,25,1,1,0.7568,1,1,1,1,1,0,1,1,1,1,0,0,0,1
SYN-00541,synthetic_demo,2026-01-20,2024-11-20,relationship,426,8,0,5,0,0,0,4.63,3,0,180,0,0,0.8037,1,1,0,0,0,0,0,0,0,1,0,0,0,0
SYN-00736,synthetic_demo,2026-01-20,2025-11-12,personal_growth,69,6,1,5,0,2,0,7.48,1,0,180,0,0,0.7505,1,1,1,0,0,0,0,0,0,1,0,0,0,0
SYN-00744,synthetic_demo,2026-01-20,2024-09-17,personal_growth,490,6,2,6,1,4,2,6.01,3,0,180,2,0,0.6468,1,1,1,1,0,0,0,0,0,0,0,0,0,0
SYN-00887,synthetic_demo,2026-01-20,2025-04-23,finance,272,6,1,3,0,2,1,7.36,1,0,180,1,0,0.5139,1,1,1,1,1,0,0,0,0,1,0,0,1,1
SYN-01088,synthetic_demo,2026-01-20,2024-11-05,relationship,441,1,3,13,1,9,3,5.63,2,2,66,1,1,0.947,1,1,1,1,1,1,1,1,0,1,0,0,0,0
SYN-01224,synthetic_demo,2026-01-20,2025-01-13,relationship,372,7,0,1,0,0,0,1.0,3,0,180,0,0,0.8099,1,0,0,0,0,0,0,0,0,0,0,0,0,0
SYN-01748,synthetic_demo,2026-01-20,2025-10-05,personal_growth,107,7,0,1,0,1,0,7.82,1,0,180,0,0,0.6153,1,1,1,0,0,0,0,0,0,1,1,0,0,0
SYN-01811,synthetic_demo,2026-01-20,2025-03-30,career,296,54,0,0,0,0,0,2.86,0,0,180,0,1,0.3839,1,1,0,0,0,0,1,1,0,1,0,0,1,0
SYN-01963,synthetic_demo,2026-01-20,2024-11-28,education,418,30,0,0,0,0,0,5.64,0,0,180,0,0,0.8938,1,1,0,0,0,0,0,0,0,1,0,0,1,0
SYN-02327,synthetic_demo,2026-01-20,2025-02-08,finance,346,13,0,1,0,0,0,7.39,0,0,180,0,0,0.6319,1,1,0,0,0,0,0,0,0,0,0,0,1,0
SYN-00019,synthetic_demo,2026-01-21,2024-10-28,career,450,3,1,6,1,2,0,3.12,2,0,180,0,0,0.4726,1,1,1,0,0,0,0,0,0,1,0,0,1,1
SYN-00431,synthetic_demo,2026-01-21,2024-12-19,relationship,398,2,1,9,1,5,1,10.11,2,1,31,0,0,0.7121,1,1,1,0,0,0,0,0,0,0,0,0,1,0
SYN-00638,synthetic_demo,2026-01-21,2025-11-18,finance,64,24,0,2,0,2,0,3.65,4,0,180,0,0,0.6219,1,1,1,0,0,0,0,0,0,0,0,0,1,0
SYN-00920,synthetic_demo,2026-01-21,2025-08-18,family,156,3,4,9,2,4,0,9.81,1,0,180,0,1,0.7127,1,1,1,0,0,0,1,0,0,0,0,0,0,0
SYN-01015,synthetic_demo,2026-01-21,2025-01-08,personal_growth,378,30,0,0,0,0,0,7.31,0,0,180,0,1,0.7859,1,1,0,0,0,0,1,0,0,1,1,0,1,0
SYN-01440,synthetic_demo,2026-01-21,2025-05-11,relationship,255,29,0,4,0,3,0,2.86,2,0,180,0,0,0.883,1,1,1,0,0,0,0,0,0,0,0,0,1,0
SYN-02004,synthetic_demo,2026-01-21,2025-02-13,education,342,1,1,6,0,6,1,5.88,3,2,80,0,1,0.7975,1,1,1,0,0,1,1,1,0,0,0,0,0,0
SYN-02138,synthetic_demo,2026-01-21,2025-02-07,education,348,6,1,4,1,4,0,6.29,2,0,180,0,0,0.8867,1,1,1,0,0,0,0,0,0,0,0,0,1,0
SYN-02338,synthetic_demo,2026-01-21,2025-02-03,education,352,7,0,1,0,1,0,3.83,3,0,180,1,0,0.6709,1,1,1,1,1,0,0,0,0,0,0,0,0,1
SYN-00163,synthetic_demo,2026-01-22,2025-12-10,education,43,12,0,2,0,0,0,2.08,2,1,23,0,0,0.7247,1,1,0,0,0,0,0,0,0,0,0,0,1,1
SYN-00286,synthetic_demo,2026-01-22,2025-06-13,career,223,1,1,6,0,3,0,11.45,2,1,27,1,0,0.6928,1,1,1,1,0,0,0,0,0,1,1,1,1,0
SYN-00298,synthetic_demo,2026-01-22,2025-08-25,finance,150,30,0,0,0,0,0,2.08,0,0,180,0,0,0.6274,1,1,0,0,0,0,0,0,0,1,0,0,1,0
SYN-00843,synthetic_demo,2026-01-22,2024-09-12,relationship,497,8,0,2,0,1,0,6.47,3,0,180,0,0,0.5653,1,1,1,0,0,0,0,0,0,0,0,0,0,0
SYN-01016,synthetic_demo,2026-01-22,2025-08-15,finance,160,7,0,1,0,1,0,5.09,2,0,180,0,0,0.7938,1,1,1,0,0,0,0,0,0,0,0,0,0,0
SYN-01104,synthetic_demo,2026-01-22,2024-09-10,education,499,7,0,4,0,3,0,6.73,1,2,45,0,1,0.5211,1,1,1,0,0,1,1,1,0,0,0,0,1,0
SYN-01425,synthetic_demo,2026-01-22,2024-11-26,career,422,15,0,3,0,1,0,6.71,0,0,180,0,1,0.643,1,1,1,0,0,0,1,1,1,1,0,0,1,0
SYN-01431,synthetic_demo,2026-01-22,2024-12-21,relationship,397,14,0,2,0,1,0,7.17,1,0,180,0,0,0.3909,1,1,1,0,0,0,0,0,0,1,0,0,0,1
SYN-01445,synthetic_demo,2026-01-22,2025-05-09,education,258,30,0,0,0,0,0,3.8,0,0,180,0,0,0.625,1,0,0,0,0,0,0,0,0,1,0,0,1,0
SYN-01473,synthetic_demo,2026-01-22,2025-11-26,career,57,6,2,4,1,1,2,4.61,3,0,180,0,0,0.5913,1,1,1,0,0,0,0,0,0,0,0,0,0,0
SYN-01689,synthetic_demo,2026-01-22,2025-03-17,career,311,7,0,3,0,2,0,5.6,2,0,180,0,0,0.4124,1,1,1,0,0,0,0,0,0,1,0,0,0,0
SYN-01859,synthetic_demo,2026-01-22,2024-08-12,career,528,0,3,8,2,7,3,5.09,3,0,180,1,2,0.7682,1,1,1,1,0,0,2,1,0,1,0,0,1,1
SYN-01901,synthetic_demo,2026-01-22,2025-11-23,family,60,30,0,0,0,0,0,9.67,0,0,180,0,0,0.7377,1,1,0,0,0,0,0,0,0,1,0,0,1,0
SYN-02013,synthetic_demo,2026-01-22,2025-02-02,career,354,6,2,6,2,2,2,3.65,3,0,180,1,0,0.6875,1,1,1,1,0,0,0,0,0,1,0,0,1,0
SYN-02279,synthetic_demo,2026-01-22,2024-09-18,relationship,491,16,0,3,0,0,0,6.56,0,0,180,0,0,0.873,1,1,0,0,0,0,0,0,0,0,0,0,1,0
SYN-00087,synthetic_demo,2026-01-23,2025-10-07,career,108,7,0,3,0,1,0,3.57,3,0,180,0,0,0.3499,1,1,1,0,0,0,0,0,0,0,0,0,1,0
SYN-00155,synthetic_demo,2026-01-23,2025-08-18,finance,158,29,0,4,0,2,0,2.08,3,0,180,0,0,0.7124,1,1,1,0,0,0,0,0,0,1,1,1,1,0
SYN-00455,synthetic_demo,2026-01-23,2024-10-12,career,468,6,1,5,0,3,1,4.96,3,0,180,1,0,0.6152,1,1,1,1,0,0,0,0,0,1,0,0,0,0
SYN-00549,synthetic_demo,2026-01-23,2025-01-23,relationship,365,6,1,2,0,0,1,7.83,3,1,83,0,0,0.6295,1,1,0,0,0,0,0,0,0,0,0,0,0,0
SYN-00556,synthetic_demo,2026-01-23,2024-10-27,career,453,7,0,1,0,1,0,8.53,2,0,180,1,1,0.954,1,1,1,1,0,0,1,0,0,1,1,0,0,0
SYN-00651,synthetic_demo,2026-01-23,2025-11-07,education,77,15,0,2,0,1,0,6.72,1,1,36,0,1,0.2993,1,1,1,0,0,0,1,1,0,1,1,1,0,0
SYN-00998,synthetic_demo,2026-01-23,2025-12-08,career,46,30,0,0,0,0,0,5.22,0,0,180,0,0,0.6746,1,0,0,0,0,0,0,0,0,1,0,0,1,0
SYN-01921,synthetic_demo,2026-01-23,2025-12-01,finance,53,1,6,9,4,6,5,10.14,2,0,180,0,1,0.6458,1,1,1,0,0,0,1,0,0,0,0,0,0,0
SYN-02137,synthetic_demo,2026-01-23,2024-08-16,relationship,525,11,0,4,0,2,0,8.01,2,0,180,0,0,0.6163,1,1,1,0,0,0,0,0,0,0,0,0,1,0
SYN-02152,synthetic_demo,2026-01-23,2025-03-11,education,318,17,0,3,0,0,0,5.7,2,0,180,0,1,0.5559,1,1,0,0,0,0,1,1,1,1,1,1,1,0
SYN-02398,synthetic_demo,2026-01-23,2024-09-21,education,489,9,0,3,0,2,0,8.68,3,0,180,0,2,0.5413,1,1,1,0,0,0,2,1,1,1,0,0,0,0
SYN-00506,synthetic_demo,2026-01-24,2025-05-19,career,250,6,1,5,0,2,1,7.2,1,0,180,0,0,0.7821,1,1,1,0,0,0,0,0,0,1,0,0,1,0
SYN-00594,synthetic_demo,2026-01-24,2025-12-07,family,48,1,4,10,2,9,4,5.66,4,1,14,0,3,0.7561,1,1,1,0,0,0,3,3,2,1,1,0,0,1
SYN-01071,synthetic_demo,2026-01-24,2025-05-28,education,241,22,0,2,0,1,0,4.36,2,0,180,1,0,0.7121,1,1,1,1,0,0,0,0,0,0,0,0,1,0
SYN-01076,synthetic_demo,2026-01-24,2025-05-21,relationship,248,6,1,2,1,1,1,8.44,3,1,19,0,1,0.3848,1,1,1,0,0,0,1,1,0,1,1,1,1,0
SYN-00252,synthetic_demo,2026-01-25,2025-03-20,finance,311,7,0,5,0,3,0,9.59,3,0,180,0,0,0.4494,1,1,1,0,0,0,0,0,0,0,0,0,1,0
SYN-00294,synthetic_demo,2026-01-25,2025-05-09,finance,261,30,0,0,0,0,0,5.61,0,0,180,0,0,0.7242,1,1,0,0,0,0,0,0,0,1,0,0,0,0
SYN-00498,synthetic_demo,2026-01-25,2024-09-07,education,505,4,2,9,2,5,2,11.84,1,1,34,0,0,0.6226,1,1,1,0,0,0,0,0,0,0,0,0,0,1
SYN-00566,synthetic_demo,2026-01-25,2024-10-20,education,462,1,4,8,4,5,3,7.52,2,1,51,0,2,0.6968,1,1,1,0,0,0,2,1,0,0,0,0,0,0
SYN-00965,synthetic_demo,2026-01-25,2025-01-12,career,378,7,0,1,0,1,0,5.34,2,0,180,0,1,0.7952,1,1,1,0,0,0,1,1,0,0,0,0,0,0
SYN-01040,synthetic_demo,2026-01-25,2025-11-02,relationship,84,7,0,6,0,3,0,5.37,2,0,180,0,0,0.7695,1,1,1,0,0,0,0,0,0,1,0,0,0,0
SYN-01085,synthetic_demo,2026-01-25,2025-03-03,career,328,20,0,2,0,0,0,6.48,1,0,180,0,0,0.713,1,1,0,0,0,0,0,0,0,0,0,0,1,0
SYN-01263,synthetic_demo,2026-01-25,2024-12-10,finance,411,7,0,1,0,0,0,8.51,1,0,180,0,0,0.9027,1,1,0,0,0,0,0,0,0,1,0,0,0,0
SYN-01643,synthetic_demo,2026-01-25,2025-10-08,family,109,7,0,3,0,2,0,10.08,3,0,180,0,0,0.8035,1,1,1,0,0,0,0,0,0,1,1,0,0,0
SYN-01726,synthetic_demo,2026-01-25,2024-10-20,finance,462,7,0,3,0,2,0,6.52,2,0,180,0,0,0.4436,1,1,1,0,0,0,0,0,0,0,0,0,0,0
SYN-02119,synthetic_demo,2026-01-25,2025-05-01,career,269,2,1,2,0,0,1,4.66,1,0,180,0,0,0.5868,1,0,0,0,0,0,0,0,0,0,0,0,0,1
SYN-00029,synthetic_demo,2026-01-26,2025-08-18,relationship,161,7,0,1,0,1,0,6.63,2,0,180,0,0,0.7289,1,1,1,0,0,0,0,0,0,1,0,0,1,0
SYN-00338,synthetic_demo,2026-01-26,2024-09-23,finance,490,7,0,4,0,2,0,9.74,3,0,180,0,0,0.869,1,1,1,0,0,0,0,0,0,0,0,0,0,0
SYN-00445,synthetic_demo,2026-01-26,2025-07-30,relationship,180,6,2,6,2,3,2,8.09,0,0,180,1,1,0.597,1,1,1,1,1,0,1,1,0,0,0,0,0,0
SYN-00493,synthetic_demo,2026-01-26,2025-10-22,personal_growth,96,7,0,5,0,2,0,3.38,2,0,180,0,0,0.6096,1,1,1,0,0,0,0,0,0,0,0,0,0,0
SYN-01167,synthetic_demo,2026-01-26,2025-12-10,relationship,47,0,2,10,1,8,2,4.89,2,0,180,0,1,0.6258,1,1,1,0,0,0,1,1,0,1,1,0,0,0
SYN-01496,synthetic_demo,2026-01-26,2025-10-16,personal_growth,102,6,5,7,2,5,2,7.61,3,0,180,0,1,0.7757,1,1,1,0,0,0,1,0,0,1,0,0,0,1
SYN-01968,synthetic_demo,2026-01-26,2025-10-13,finance,105,19,0,3,0,1,0,3.64,2,0,180,0,0,0.8139,1,1,1,0,0,0,0,0,0,0,0,0,0,0
SYN-02045,synthetic_demo,2026-01-26,2025-11-25,personal_growth,62,1,1,5,1,3,1,6.43,2,0,180,0,0,0.8386,1,1,1,0,0,0,0,0,0,0,0,0,0,0
SYN-02085,synthetic_demo,2026-01-26,2025-11-08,personal_growth,79,7,0,5,0,4,0,6.45,1,0,180,0,0,0.7364,1,1,1,0,0,0,0,0,0,1,0,0,0,0
SYN-02293,synthetic_demo,2026-01-26,2025-05-22,personal_growth,249,30,0,0,0,0,0,6.21,0,0,180,0,0,0.8267,1,1,0,0,0,0,0,0,0,1,0,0,1,0
SYN-00596,synthetic_demo,2026-01-27,2025-06-14,relationship,227,30,0,0,0,0,0,5.29,0,0,180,0,0,0.8797,1,1,0,0,0,0,0,0,0,1,0,0,1,0
SYN-00639,synthetic_demo,2026-01-27,2024-09-17,education,497,0,3,7,1,2,3,8.35,3,0,180,0,0,0.7662,1,1,1,0,0,0,0,0,0,1,1,0,0,0
SYN-00825,synthetic_demo,2026-01-27,2025-01-15,personal_growth,377,6,1,4,0,2,1,6.24,3,0,180,0,1,0.6424,1,1,1,0,0,0,1,1,1,1,0,0,1,0
SYN-00870,synthetic_demo,2026-01-27,2025-09-21,career,128,17,0,2,0,2,0,6.49,0,0,180,0,0,0.6854,1,1,1,0,0,0,0,0,0,0,0,0,1,0
SYN-01521,synthetic_demo,2026-01-27,2025-09-08,personal_growth,141,5,3,4,2,3,1,8.75,2,1,68,1,1,0.6993,1,1,1,1,1,0,1,1,0,1,1,0,1,0
SYN-01732,synthetic_demo,2026-01-27,2025-08-14,personal_growth,166,17,0,2,0,2,0,6.65,2,0,180,1,0,0.6851,1,1,1,1,0,0,0,0,0,0,0,0,1,0
SYN-00228,synthetic_demo,2026-01-28,2025-08-05,relationship,176,0,3,8,2,6,3,10.19,3,0,180,0,2,0.8263,1,1,1,0,0,0,2,1,0,0,0,0,0,0
SYN-00312,synthetic_demo,2026-01-28,2024-11-25,relationship,429,7,0,3,0,1,0,7.34,4,3,28,0,0,0.8933,1,1,1,0,0,1,0,0,0,0,0,0,0,1
SYN-00317,synthetic_demo,2026-01-28,2025-06-07,career,235,6,1,9,0,4,1,5.17,2,1,4,0,0,0.7817,1,1,1,0,0,0,0,0,0,0,0,0,0,0
SYN-00687,synthetic_demo,2026-01-28,2025-12-24,education,35,13,0,3,0,1,0,7.18,4,0,180,0,1,0.904,1,1,1,0,0,0,1,1,0,0,0,0,1,0
SYN-00767,synthetic_demo,2026-01-28,2024-09-16,career,499,6,2,5,0,0,1,8.3,2,0,180,0,1,0.8326,1,1,0,0,0,0,1,0,0,0,0,0,0,0
SYN-00912,synthetic_demo,2026-01-28,2025-08-01,finance,180,18,0,1,0,0,0,7.16,2,0,180,0,0,0.6099,1,1,0,0,0,0,0,0,0,1,0,0,0,0
SYN-01025,synthetic_demo,2026-01-28,2025-03-30,career,304,7,0,2,0,0,0,8.74,4,0,180,0,0,0.8337,1,1,0,0,0,0,0,0,0,0,0,0,1,1
SYN-01174,synthetic_demo,2026-01-28,2025-03-19,relationship,315,21,0,3,0,2,0,4.11,3,0,180,0,0,0.5836,1,1,1,0,0,0,0,0,0,0,0,0,1,0
SYN-01300,synthetic_demo,2026-01-28,2025-02-09,relationship,353,9,0,3,0,1,0,1.29,2,0,180,0,0,0.7199,1,1,1,0,0,0,0,0,0,0,0,0,1,0
SYN-01822,synthetic_demo,2026-01-28,2025-01-26,relationship,367,1,2,6,1,4,2,7.22,2,0,180,0,0,0.77,1,1,1,0,0,0,0,0,0,0,0,0,1,0
SYN-02074,synthetic_demo,2026-01-28,2025-11-20,career,69,2,1,6,0,4,1,8.27,3,1,7,0,0,0.9239,1,1,1,0,0,0,0,0,0,0,0,0,0,0
SYN-02365,synthetic_demo,2026-01-28,2025-04-25,career,278,7,0,4,0,0,0,4.18,2,0,180,0,1,0.586,1,0,0,0,0,0,1,0,0,1,0,0,1,0
SYN-00204,synthetic_demo,2026-01-29,2024-09-04,education,512,7,0,2,0,1,0,6.29,1,0,180,0,0,0.7345,1,1,1,0,0,0,0,0,0,1,1,1,0,0
SYN-00207,synthetic_demo,2026-01-29,2024-09-15,finance,501,6,1,3,0,1,1,1.6,2,0,180,0,0,0.448,1,1,1,0,0,0,0,0,0,0,0,0,0,0
SYN-00367,synthetic_demo,2026-01-29,2025-04-18,relationship,286,7,0,3,0,2,0,6.57,1,0,180,0,1,0.426,1,1,1,0,0,0,1,0,0,0,0,0,0,0
SYN-00932,synthetic_demo,2026-01-29,2025-02-12,finance,351,7,0,1,0,0,0,3.53,1,0,180,0,0,0.5593,1,1,0,0,0,0,0,0,0,1,0,0,0,0
SYN-00980,synthetic_demo,2026-01-29,2025-09-21,career,130,9,0,4,0,1,0,4.84,2,2,50,0,0,0.6551,1,1,1,0,0,1,0,0,0,1,0,0,0,1
SYN-01851,synthetic_demo,2026-01-29,2024-11-18,relationship,437,19,0,2,0,0,0,2.62,2,0,180,0,0,0.5062,1,1,0,0,0,0,0,0,0,1,0,0,1,0
SYN-01974,synthetic_demo,2026-01-29,2025-02-11,personal_growth,352,7,0,2,0,0,0,1.0,1,0,180,0,0,0.7532,1,1,0,0,0,0,0,0,0,1,1,1,0,1
SYN-02216,synthetic_demo,2026-01-29,2025-09-16,personal_growth,135,17,0,4,0,2,0,9.92,1,1,56,1,1,0.6561,1,1,1,1,1,0,1,0,0,0,0,0,1,0
SYN-02362,synthetic_demo,2026-01-29,2024-09-19,finance,497,1,1,4,0,4,0,6.53,4,1,34,0,1,0.7214,1,1,1,0,0,0,1,1,1,1,0,0,1,0
SYN-00285,synthetic_demo,2026-01-30,2025-05-11,education,264,3,1,4,1,2,1,5.45,2,2,40,0,0,0.7863,1,1,1,0,0,1,0,0,0,1,0,0,1,0
SYN-00490,synthetic_demo,2026-01-30,2025-01-29,family,366,8,0,1,0,1,0,2.36,1,0,180,0,0,0.5662,1,1,1,0,0,0,0,0,0,1,0,0,1,0
SYN-00553,synthetic_demo,2026-01-30,2025-11-17,relationship,74,6,1,3,0,1,0,6.07,2,0,180,0,0,0.6446,1,1,1,0,0,0,0,0,0,1,1,1,0,0
SYN-00793,synthetic_demo,2026-01-30,2025-01-23,relationship,372,4,1,7,1,2,1,6.58,2,2,12,0,0,0.6936,1,1,1,0,0,1,0,0,0,0,0,0,1,1
SYN-01761,synthetic_demo,2026-01-30,2025-02-08,career,356,10,0,1,0,0,0,5.43,3,0,180,0,0,0.4909,1,1,0,0,0,0,0,0,0,0,0,0,1,0
SYN-01904,synthetic_demo,2026-01-30,2025-11-24,relationship,67,0,2,10,2,5,2,10.21,3,0,180,0,1,0.6572,1,1,1,0,0,0,1,1,1,1,1,1,0,1
SYN-02007,synthetic_demo,2026-01-30,2025-08-27,family,156,7,0,2,0,1,0,5.11,2,0,180,0,0,0.7587,1,1,1,0,0,0,0,0,0,0,0,0,0,0
SYN-02099,synthetic_demo,2026-01-30,2025-03-21,family,315,29,0,5,0,3,0,6.48,2,0,180,0,1,0.4604,1,1,1,0,0,0,1,1,0,1,1,1,1,0
SYN-02288,synthetic_demo,2026-01-30,2025-02-13,family,351,17,0,1,0,1,0,6.38,2,1,34,0,0,0.5118,1,1,1,0,0,0,0,0,0,0,0,0,1,0
SYN-02390,synthetic_demo,2026-01-30,2025-01-08,relationship,387,11,0,2,0,1,0,3.3,3,0,180,0,0,0.7522,1,1,1,0,0,0,0,0,0,0,0,0,0,0
SYN-00039,synthetic_demo,2026-01-31,2025-07-12,education,203,7,0,6,0,5,0,2.53,2,1,25,0,0,0.3364,1,1,1,0,0,0,0,0,0,0,0,0,0,0
SYN-00209,synthetic_demo,2026-01-31,2025-01-25,career,371,7,0,2,0,0,0,6.2,0,1,8,0,0,0.7527,1,1,0,0,0,0,0,0,0,0,0,0,0,0
SYN-00311,synthetic_demo,2026-01-31,2024-09-28,career,490,7,0,1,0,0,0,7.6,3,2,78,0,0,0.6008,1,0,0,0,0,1,0,0,0,0,0,0,0,0
SYN-00441,synthetic_demo,2026-01-31,2025-09-18,career,135,1,2,6,1,1,2,6.28,3,0,180,0,0,0.9021,1,1,1,0,0,0,0,0,0,1,0,0,1,0
SYN-00569,synthetic_demo,2026-01-31,2025-02-24,family,341,6,1,2,0,0,1,8.15,2,0,180,0,0,0.8248,1,1,0,0,0,0,0,0,0,0,0,0,0,0
SYN-00752,synthetic_demo,2026-01-31,2025-08-01,career,183,30,0,0,0,0,0,5.09,0,0,180,0,1,0.762,1,1,0,0,0,0,1,1,1,0,0,0,1,0
SYN-00872,synthetic_demo,2026-01-31,2025-07-31,finance,184,9,0,1,0,0,0,5.87,1,0,180,0,0,0.7562,1,1,0,0,0,0,0,0,0,0,0,0,0,0
SYN-01192,synthetic_demo,2026-01-31,2024-11-28,relationship,429,30,0,0,0,0,0,1.0,0,0,180,0,0,0.7005,1,1,0,0,0,0,0,0,0,0,0,0,1,0
SYN-01233,synthetic_demo,2026-01-31,2025-01-21,career,375,6,3,4,3,3,0,3.97,2,0,180,2,2,0.6438,1,1,1,1,1,0,2,2,1,1,0,0,0,0
SYN-01487,synthetic_demo,2026-01-31,2025-06-02,finance,243,8,0,3,0,2,0,3.18,3,0,180,0,0,0.8594,1,1,1,0,0,0,0,0,0,0,0,0,0,0
SYN-01541,synthetic_demo,2026-01-31,2025-09-26,family,127,7,0,1,0,0,0,1.86,4,0,180,0,0,0.5031,1,1,0,0,0,0,0,0,0,1,0,0,1,0
SYN-01632,synthetic_demo,2026-01-31,2025-10-17,finance,106,6,1,4,0,3,1,4.05,1,0,180,0,0,0.4844,1,1,1,0,0,0,0,0,0,1,0,0,0,0
SYN-01959,synthetic_demo,2026-01-31,2025-08-13,relationship,171,18,0,5,0,2,0,7.51,4,1,29,1,0,0.4013,1,1,1,1,0,0,0,0,0,0,0,0,0,0
SYN-01990,synthetic_demo,2026-01-31,2025-06-09,personal_growth,236,7,0,4,0,2,0,5.69,3,0,180,0,1,0.8599,1,1,1,0,0,0,1,1,0,0,0,0,0,0
SYN-02325,synthetic_demo,2026-01-31,2024-09-08,education,510,35,0,0,0,0,0,2.78,0,0,180,0,0,0.4886,1,1,0,0,0,0,0,0,0,0,0,0,1,0
SYN-02367,synthetic_demo,2026-01-31,2025-09-09,career,144,30,0,0,0,0,0,7.32,0,0,180,0,0,0.4995,1,1,0,0,0,0,0,0,0,0,0,0,1,0
SYN-00589,synthetic_demo,2026-02-01,2025-07-30,family,186,7,0,5,0,3,0,2.91,1,0,180,0,0,0.6096,1,1,1,0,0,0,0,0,0,0,0,0,0,0
SYN-00686,synthetic_demo,2026-02-01,2025-09-08,relationship,146,6,3,7,1,1,3,2.42,4,0,180,1,0,0.675,1,1,1,1,1,0,0,0,0,1,1,0,0,1
SYN-00702,synthetic_demo,2026-02-01,2025-08-17,career,168,0,2,6,1,2,0,3.49,3,0,180,0,0,0.6272,1,1,1,0,0,0,0,0,0,1,0,0,0,0
SYN-00705,synthetic_demo,2026-02-01,2025-04-20,finance,287,0,1,4,1,2,1,7.42,3,0,180,0,0,0.7037,1,1,1,0,0,0,0,0,0,1,0,0,0,0
SYN-01069,synthetic_demo,2026-02-01,2025-06-27,relationship,219,5,1,4,0,3,1,8.71,4,0,180,0,0,0.6611,1,1,1,0,0,0,0,0,0,0,0,0,0,1
SYN-01470,synthetic_demo,2026-02-01,2025-07-30,finance,186,19,0,2,0,0,0,2.84,1,0,180,0,0,0.862,1,1,0,0,0,0,0,0,0,0,0,0,1,0
SYN-01577,synthetic_demo,2026-02-01,2025-06-20,personal_growth,226,25,0,4,0,2,0,4.53,3,0,180,0,0,0.926,1,1,1,0,0,0,0,0,0,1,1,1,0,0
SYN-01736,synthetic_demo,2026-02-01,2025-01-22,relationship,375,10,0,2,0,1,0,1.64,3,0,180,0,1,0.5392,1,1,1,0,0,0,1,1,1,1,1,0,0,0
SYN-02076,synthetic_demo,2026-02-01,2025-12-15,education,48,6,1,7,1,1,1,4.56,2,0,180,0,0,0.6707,1,1,1,0,0,0,0,0,0,1,0,0,1,0
SYN-02118,synthetic_demo,2026-02-01,2025-08-27,family,158,7,0,2,0,1,0,3.78,1,0,180,0,1,0.4912,1,1,1,0,0,0,1,1,1,0,0,0,1,0
SYN-02160,synthetic_demo,2026-02-01,2024-10-09,career,480,3,2,4,2,3,2,1.55,1,0,180,3,0,0.4027,1,1,1,1,1,0,0,0,0,0,0,0,0,0
SYN-02205,synthetic_demo,2026-02-01,2025-06-16,career,230,6,1,2,0,1,1,6.67,4,1,17,1,0,0.8888,1,1,1,1,0,0,0,0,0,0,0,0,1,0
SYN-00097,synthetic_demo,2026-02-02,2025-09-12,relationship,143,6,2,7,0,4,2,9.72,3,0,180,1,0,0.6841,1,1,1,1,0,0,0,0,0,0,0,0,0,1
SYN-00457,synthetic_demo,2026-02-02,2024-11-30,relationship,429,8,0,1,0,0,0,2.59,0,0,180,0,0,0.4883,1,1,0,0,0,0,0,0,0,0,0,0,1,0
SYN-00780,synthetic_demo,2026-02-02,2024-11-08,career,451,7,0,3,0,1,0,4.69,3,2,51,0,0,0.8235,1,1,1,0,0,1,0,0,0,1,1,1,0,0
SYN-00953,synthetic_demo,2026-02-02,2025-12-06,career,58,7,0,3,0,0,0,6.08,2,0,180,0,1,0.5257,1,1,0,0,0,0,1,1,1,1,0,0,0,0
SYN-01091,synthetic_demo,2026-02-02,2024-09-09,career,511,6,1,5,1,4,1,3.85,1,1,17,4,0,0.5948,1,1,1,1,1,0,0,0,0,0,0,0,0,1
SYN-01449,synthetic_demo,2026-02-02,2025-08-16,family,170,4,1,7,0,6,1,7.79,2,0,180,0,0,0.6871,1,1,1,0,0,0,0,0,0,1,1,0,0,0
SYN-01523,synthetic_demo,2026-02-02,2025-05-02,career,276,30,0,0,0,0,0,9.56,0,0,180,0,1,0.8397,1,1,0,0,0,0,1,1,1,1,1,0,1,0
SYN-01715,synthetic_demo,2026-02-02,2024-12-05,finance,424,1,1,4,1,1,1,6.02,4,0,180,0,0,0.9472,1,1,1,0,0,0,0,0,0,0,0,0,0,0
SYN-02012,synthetic_demo,2026-02-02,2025-06-08,career,239,30,0,0,0,0,0,4.05,0,2,75,0,1,0.6852,1,1,0,0,0,1,1,1,1,1,1,1,1,1
SYN-02016,synthetic_demo,2026-02-02,2025-07-01,finance,216,2,2,5,0,3,2,10.98,2,0,180,0,0,0.8201,1,1,1,0,0,0,0,0,0,1,1,1,0,0
SYN-02025,synthetic_demo,2026-02-02,2025-10-10,relationship,115,7,0,2,0,0,0,1.41,2,0,180,0,0,0.664,1,1,0,0,0,0,0,0,0,0,0,0,1,0
SYN-02145,synthetic_demo,2026-02-02,2025-03-01,family,338,20,0,2,0,1,0,3.93,0,0,180,0,0,0.2957,1,1,1,0,0,0,0,0,0,1,1,0,1,1
SYN-02234,synthetic_demo,2026-02-02,2025-04-23,career,285,6,3,4,3,3,3,7.57,3,0,180,2,1,0.7064,1,1,1,1,0,0,1,1,0,1,1,0,0,0
SYN-02355,synthetic_demo,2026-02-02,2025-02-01,family,366,3,1,2,0,2,1,6.17,1,0,180,0,0,0.7859,1,1,1,0,0,0,0,0,0,1,1,0,0,0
SYN-02380,synthetic_demo,2026-02-02,2025-07-22,career,195,7,0,3,0,1,0,5.67,4,1,36,1,0,0.5236,1,1,1,1,1,0,0,0,0,1,1,0,0,0
SYN-00037,synthetic_demo,2026-02-03,2024-09-12,education,509,29,0,2,0,1,0,5.37,2,0,180,0,1,0.8386,1,1,1,0,0,0,1,1,1,0,0,0,1,0
SYN-00154,synthetic_demo,2026-02-03,2025-09-14,relationship,142,7,0,3,0,2,0,4.56,1,1,44,1,0,0.555,1,1,1,1,0,0,0,0,0,1,0,0,0,0
SYN-00325,synthetic_demo,2026-02-03,2025-12-20,career,45,14,0,1,0,0,0,4.76,2,0,180,0,0,0.9265,1,1,0,0,0,0,0,0,0,1,1,1,1,0
SYN-00939,synthetic_demo,2026-02-03,2025-06-11,career,237,12,0,3,0,1,0,5.48,2,0,180,0,0,0.9812,1,1,1,0,0,0,0,0,0,1,0,0,1,0
SYN-01093,synthetic_demo,2026-02-03,2025-11-05,relationship,90,6,1,4,1,2,1,7.02,2,0,180,0,0,0.7704,1,1,1,0,0,0,0,0,0,0,0,0,0,0
SYN-01319,synthetic_demo,2026-02-03,2025-10-18,personal_growth,108,7,0,3,0,1,0,7.85,3,0,180,0,0,0.7961,1,1,1,0,0,0,0,0,0,0,0,0,1,0
SYN-01481,synthetic_demo,2026-02-03,2025-01-16,finance,383,7,0,1,0,0,0,3.88,2,0,180,0,0,0.7683,1,0,0,0,0,0,0,0,0,0,0,0,0,0
SYN-01691,synthetic_demo,2026-02-03,2025-12-11,finance,54,2,3,3,1,2,1,5.54,2,0,180,0,0,0.676,1,1,1,0,0,0,0,0,0,0,0,0,1,0
SYN-01763,synthetic_demo,2026-02-03,2025-10-09,personal_growth,117,11,0,3,0,2,0,6.25,3,1,84,1,1,0.7971,1,1,1,1,1,0,1,0,0,0,0,0,0,0
SYN-01834,synthetic_demo,2026-02-03,2025-12-10,career,55,0,2,9,1,7,2,10.48,3,0,180,1,1,0.7945,1,1,1,1,0,0,1,0,0,1,1,0,1,1
SYN-01896,synthetic_demo,2026-02-03,2024-08-18,career,534,7,0,3,0,1,0,3.62,4,0,180,1,1,0.8015,1,1,1,1,1,0,1,1,1,0,0,0,0,0
SYN-01936,synthetic_demo,2026-02-03,2025-11-23,education,72,7,0,5,0,1,0,6.93,3,0,180,0,0,0.7525,1,1,1,0,0,0,0,0,0,0,0,0,1,1
SYN-02169,synthetic_demo,2026-02-03,2025-01-11,family,388,7,0,1,0,0,0,9.34,1,1,59,0,0,0.4549,1,1,0,0,0,0,0,0,0,0,0,0,0,0
SYN-00382,synthetic_demo,2026-02-04,2025-11-08,career,88,7,0,1,0,1,0,3.59,2,0,180,0,0,0.3629,1,1,1,0,0,0,0,0,0,0,0,0,0,1
SYN-00504,synthetic_demo,2026-02-04,2025-01-14,relationship,386,6,1,3,0,2,0,5.02,4,2,74,0,1,0.3677,1,1,1,0,0,1,1,1,1,1,0,0,1,0
SYN-00698,synthetic_demo,2026-02-04,2025-10-08,relationship,119,1,1,4,0,1,1,6.93,3,0,180,0,0,0.7322,1,1,1,0,0,0,0,0,0,1,0,0,1,1
SYN-01000,synthetic_demo,2026-02-04,2025-01-04,family,396,0,3,7,1,3,0,1.93,4,1,66,0,0,0.6793,1,1,1,0,0,0,0,0,0,0,0,0,0,0
SYN-01166,synthetic_demo,2026-02-04,2025-05-05,career,275,6,1,3,0,2,1,2.05,2,0,180,0,0,0.7201,1,1,1,0,0,0,0,0,0,1,0,0,0,0
SYN-01190,synthetic_demo,2026-02-04,2024-08-28,finance,525,7,0,3,0,0,0,2.67,2,0,180,0,0,0.5788,1,1,0,0,0,0,0,0,0,0,0,0,1,0
SYN-01504,synthetic_demo,2026-02-04,2024-09-30,personal_growth,492,6,1,5,0,3,1,4.02,3,0,180,0,0,0.7163,1,1,1,0,0,0,0,0,0,1,1,1,0,0
SYN-01637,synthetic_demo,2026-02-04,2025-05-10,family,270,3,3,9,3,7,3,6.8,4,0,180,0,0,0.6153,1,1,1,0,0,0,0,0,0,0,0,0,1,1
SYN-01675,synthetic_demo,2026-02-04,2024-09-26,career,496,19,0,2,0,0,0,2.78,1,0,180,0,0,0.3752,1,1,0,0,0,0,0,0,0,0,0,0,0,0
SYN-01741,synthetic_demo,2026-02-04,2024-09-16,personal_growth,506,0,1,8,1,5,1,6.25,2,1,72,1,0,0.7704,1,1,1,1,1,0,0,0,0,1,1,0,0,0
SYN-02167,synthetic_demo,2026-02-04,2025-09-12,education,145,6,3,4,2,3,1,7.45,3,0,180,0,1,0.9609,1,1,1,0,0,0,1,1,1,1,0,0,0,0
SYN-02178,synthetic_demo,2026-02-04,2025-01-04,relationship,396,6,2,9,0,6,2,5.22,4,0,180,1,0,0.8436,1,1,1,1,1,0,0,0,0,0,0,0,0,1
SYN-02391,synthetic_demo,2026-02-04,2024-09-21,career,501,7,0,5,0,3,0,4.16,3,0,180,0,1,0.6244,1,1,1,0,0,0,1,1,1,1,0,0,0,0
SYN-00021,synthetic_demo,2026-02-05,2024-11-14,career,448,7,0,1,0,0,0,1.0,0,0,180,0,0,0.6442,1,1,0,0,0,0,0,0,0,1,0,0,0,0
SYN-00053,synthetic_demo,2026-02-05,2025-06-17,finance,233,2,1,4,1,1,0,5.71,2,0,180,0,0,0.2681,1,1,1,0,0,0,0,0,0,0,0,0,1,0
SYN-00356,synthetic_demo,2026-02-05,2024-12-31,career,401,17,0,1,0,0,0,1.58,2,0,180,0,0,0.7348,1,0,0,0,0,0,0,0,0,0,0,0,1,0
SYN-00657,synthetic_demo,2026-02-05,2024-10-16,personal_growth,477,30,0,0,0,0,0,2.94,0,0,180,0,0,0.3515,1,1,0,0,0,0,0,0,0,0,0,0,1,1
SYN-00724,synthetic_demo,2026-02-05,2025-02-17,personal_growth,353,30,0,0,0,0,0,8.64,0,0,180,0,1,0.8782,1,1,0,0,0,0,1,1,1,0,0,0,1,0
SYN-01066,synthetic_demo,2026-02-05,2025-09-14,relationship,144,7,0,4,0,2,0,3.46,1,1,69,0,1,0.7071,1,1,1,0,0,0,1,1,1,1,1,0,0,0
SYN-01072,synthetic_demo,2026-02-05,2025-02-13,relationship,357,2,2,5,0,2,2,5.85,2,0,180,1,1,0.8944,1,1,1,1,1,0,1,0,0,0,0,0,0,0
SYN-01158,synthetic_demo,2026-02-05,2025-02-25,personal_growth,345,7,0,3,0,0,0,5.7,3,1,25,0,0,0.8131,1,1,0,0,0,0,0,0,0,0,0,0,0,0
SYN-01203,synthetic_demo,2026-02-05,2025-01-09,career,392,6,2,4,1,4,2,8.56,1,0,180,0,0,0.6074,1,1,1,0,0,0,0,0,0,0,0,0,0,0
SYN-01721,synthetic_demo,2026-02-05,2025-07-07,relationship,213,7,0,2,0,2,0,6.39,2,0,180,0,0,0.6026,1,1,1,0,0,0,0,0,0,1,0,0,0,1
SYN-01881,synthetic_demo,2026-02-05,2025-11-26,family,71,7,0,2,0,1,0,6.8,3,0,180,0,0,0.5569,1,1,1,0,0,0,0,0,0,0,0,0,1,0
SYN-00183,synthetic_demo,2026-02-06,2025-04-25,relationship,287,6,1,2,0,0,0,6.01,3,1,23,0,0,0.8333,1,1,0,0,0,0,0,0,0,0,0,0,0,0
SYN-00564,synthetic_demo,2026-02-06,2026-01-06,personal_growth,31,7,0,4,0,2,0,6.28,1,0,180,1,1,0.5613,1,1,1,1,1,0,1,0,0,0,0,0,1,0
SYN-00763,synthetic_demo,2026-02-06,2024-12-18,relationship,415,7,0,2,0,2,0,4.96,0,1,13,0,0,0.536,1,1,1,0,0,0,0,0,0,1,1,1,1,0
SYN-02155,synthetic_demo,2026-02-06,2025-05-17,career,265,7,0,1,0,0,0,5.17,2,0,180,0,0,0.8074,1,1,0,0,0,0,0,0,0,0,0,0,0,0
SYN-02330,synthetic_demo,2026-02-06,2025-10-04,career,125,0,4,7,4,6,4,11.88,5,1,43,0,2,0.6611,1,1,1,0,0,0,2,2,1,1,0,0,0,1
SYN-00002,synthetic_demo,2026-02-07,2025-06-09,family,243,7,0,1,0,1,0,5.65,3,0,180,0,1,0.4108,1,1,1,0,0,0,1,0,0,0,0,0,1,0
SYN-00016,synthetic_demo,2026-02-07,2024-12-25,career,409,21,0,2,0,1,0,2.58,2,0,180,1,0,0.6682,1,1,1,1,0,0,0,0,0,0,0,0,1,0
SYN-00129,synthetic_demo,2026-02-07,2025-03-20,finance,324,6,7,14,4,6,6,8.23,3,0,180,3,1,0.7073,1,1,1,1,1,0,1,0,0,1,0,0,0,1
SYN-00343,synthetic_demo,2026-02-07,2025-11-05,career,94,17,0,1,0,0,0,4.13,2,0,180,0,0,0.6611,1,1,0,0,0,0,0,0,0,0,0,0,1,0
SYN-00396,synthetic_demo,2026-02-07,2025-01-21,personal_growth,382,7,0,3,0,3,0,7.16,3,0,180,1,0,0.4987,1,1,1,1,1,0,0,0,0,1,1,1,1,0
SYN-00440,synthetic_demo,2026-02-07,2025-12-14,education,55,0,1,4,1,1,0,5.19,2,0,180,0,0,0.8303,1,1,1,0,0,0,0,0,0,0,0,0,1,0
SYN-00859,synthetic_demo,2026-02-07,2026-01-03,personal_growth,35,2,2,4,0,4,2,10.01,4,2,40,1,1,0.7638,1,1,1,1,1,1,1,1,0,0,0,0,0,0
SYN-00966,synthetic_demo,2026-02-07,2024-09-04,finance,521,15,0,5,0,1,0,6.9,1,0,180,0,1,0.5994,1,1,1,0,0,0,1,0,0,0,0,0,1,0
SYN-01221,synthetic_demo,2026-02-07,2025-07-05,education,217,1,2,2,1,1,2,9.14,3,0,180,0,1,0.8786,1,1,1,0,0,0,1,0,0,0,0,0,1,0
SYN-01278,synthetic_demo,2026-02-07,2025-03-14,finance,330,10,0,3,0,2,0,5.06,3,0,180,1,0,0.492,1,1,1,1,0,0,0,0,0,0,0,0,1,0
SYN-01329,synthetic_demo,2026-02-07,2025-07-21,career,201,4,1,2,0,0,1,5.8,4,0,180,0,1,0.5065,1,1,0,0,0,0,1,0,0,0,0,0,0,1
SYN-01347,synthetic_demo,2026-02-07,2025-01-29,relationship,374,30,0,0,0,0,0,3.95,0,1,31,0,0,0.3765,1,0,0,0,0,0,0,0,0,1,0,0,1,1
SYN-01791,synthetic_demo,2026-02-07,2024-08-29,family,527,24,0,1,0,0,0,5.84,3,0,180,0,1,0.7296,1,1,0,0,0,0,1,0,0,1,0,0,1,0
SYN-01941,synthetic_demo,2026-02-07,2024-09-16,relationship,509,30,0,0,0,0,0,9.69,0,0,180,0,0,0.7212,1,1,0,0,0,0,0,0,0,1,0,0,1,0
SYN-02190,synthetic_demo,2026-02-07,2025-07-21,personal_growth,201,6,1,2,1,1,1,3.34,2,0,180,0,0,0.6755,1,1,1,0,0,0,0,0,0,0,0,0,0,0
SYN-02305,synthetic_demo,2026-02-07,2025-05-15,personal_growth,268,7,0,2,0,2,0,5.55,0,0,180,0,0,0.4092,1,1,1,0,0,0,0,0,0,0,0,0,0,0
SYN-02324,synthetic_demo,2026-02-07,2024-12-14,finance,420,7,0,2,0,0,0,1.0,2,0,180,0,0,0.3971,1,1,0,0,0,0,0,0,0,1,0,0,0,1
SYN-02387,synthetic_demo,2026-02-07,2025-04-15,personal_growth,298,29,0,1,0,0,0,5.16,2,0,180,0,0,0.8878,1,0,0,0,0,0,0,0,0,1,1,1,1,1
SYN-00318,synthetic_demo,2026-02-08,2024-12-07,career,428,6,1,7,1,4,1,4.87,4,0,180,0,1,0.5492,1,1,1,0,0,0,1,1,1,0,0,0,0,1
SYN-00363,synthetic_demo,2026-02-08,2024-11-21,career,444,23,0,4,0,1,0,5.48,1,0,180,0,0,0.9329,1,1,1,0,0,0,0,0,0,0,0,0,1,0
SYN-00622,synthetic_demo,2026-02-08,2025-11-29,finance,71,7,0,2,0,1,0,8.27,0,0,180,0,0,0.5906,1,1,1,0,0,0,0,0,0,0,0,0,1,0
SYN-01253,synthetic_demo,2026-02-08,2024-12-16,career,419,15,0,1,0,0,0,4.83,0,0,180,0,0,0.6593,1,1,0,0,0,0,0,0,0,0,0,0,1,0
SYN-01411,synthetic_demo,2026-02-08,2025-06-25,career,228,28,0,1,0,1,0,5.22,2,1,57,0,1,0.6175,1,1,1,0,0,0,1,1,1,0,0,0,1,0
SYN-01625,synthetic_demo,2026-02-08,2025-02-13,relationship,360,7,0,4,0,1,0,3.2,2,1,19,0,0,0.94,1,1,1,0,0,0,0,0,0,0,0,0,0,1
SYN-00184,synthetic_demo,2026-02-09,2025-08-18,relationship,175,7,0,5,0,2,0,5.5,3,1,69,0,0,0.6176,1,1,1,0,0,0,0,0,0,0,0,0,0,0
SYN-00761,synthetic_demo,2026-02-09,2024-08-21,education,537,6,1,4,0,3,0,3.52,3,0,180,2,0,0.6514,1,1,1,1,0,0,0,0,0,0,0,0,0,1
SYN-00769,synthetic_demo,2026-02-09,2025-01-03,career,402,16,0,1,0,0,0,2.66,4,0,180,0,0,0.842,1,1,0,0,0,0,0,0,0,0,0,0,1,0
SYN-01610,synthetic_demo,2026-02-09,2024-09-13,family,514,7,0,2,0,2,0,3.1,1,0,180,0,0,0.584,1,1,1,0,0,0,0,0,0,0,0,0,1,0
SYN-01646,synthetic_demo,2026-02-09,2024-12-27,personal_growth,409,0,2,6,1,3,2,7.27,2,0,180,0,1,0.8005,1,1,1,0,0,0,1,0,0,0,0,0,1,0
SYN-02043,synthetic_demo,2026-02-09,2025-12-19,education,52,29,0,3,0,1,0,2.12,2,0,180,0,0,0.677,1,1,1,0,0,0,0,0,0,1,1,0,1,0
SYN-02125,synthetic_demo,2026-02-09,2025-10-12,personal_growth,120,7,0,2,0,1,0,6.74,0,2,85,0,0,0.4833,1,1,1,0,0,1,0,0,0,1,0,0,0,0
SYN-00096,synthetic_demo,2026-02-10,2025-11-17,family,85,30,0,0,0,0,0,7.03,0,0,180,0,0,0.5957,1,0,0,0,0,0,0,0,0,0,0,0,1,0
SYN-00145,synthetic_demo,2026-02-10,2025-12-29,relationship,43,7,0,4,0,2,0,6.02,2,0,180,0,0,0.7615,1,1,1,0,0,0,0,0,0,0,0,0,0,0
SYN-00261,synthetic_demo,2026-02-10,2026-01-04,career,37,0,2,2,1,1,2,6.1,3,0,180,0,0,0.3325,1,1,1,0,0,0,0,0,0,0,0,0,0,1
SYN-00610,synthetic_demo,2026-02-10,2024-11-23,personal_growth,444,30,0,0,0,0,0,5.48,0,0,180,0,1,0.8045,1,0,0,0,0,0,1,1,1,1,0,0,1,0
SYN-00632,synthetic_demo,2026-02-10,2025-09-19,relationship,144,6,2,7,2,2,2,5.16,3,0,180,1,1,0.6352,1,1,1,1,1,0,1,1,1,0,0,0,0,0
SYN-01094,synthetic_demo,2026-02-10,2024-12-02,relationship,435,27,0,1,0,0,0,3.17,1,0,180,0,0,0.7915,1,0,0,0,0,0,0,0,0,1,0,0,1,1
SYN-01169,synthetic_demo,2026-02-10,2025-09-05,career,158,5,1,2,0,2,1,3.49,2,0,180,0,0,0.837,1,1,1,0,0,0,0,0,0,1,1,0,0,0
SYN-01573,synthetic_demo,2026-02-10,2024-12-07,education,430,7,0,1,0,0,0,2.32,4,0,180,0,0,0.712,1,1,0,0,0,0,0,0,0,0,0,0,1,0
SYN-01688,synthetic_demo,2026-02-10,2025-12-20,personal_growth,52,3,3,6,1,4,1,7.96,3,2,9,0,0,0.9487,1,1,1,0,0,1,0,0,0,0,0,0,0,0
SYN-01949,synthetic_demo,2026-02-10,2024-10-16,education,482,29,0,1,0,1,0,4.34,3,0,180,1,0,0.7466,1,1,1,1,0,0,0,0,0,0,0,0,1,0
SYN-02089,synthetic_demo,2026-02-10,2024-10-17,career,481,12,0,3,0,1,0,7.27,2,0,180,0,0,0.5411,1,1,1,0,0,0,0,0,0,0,0,0,1,0
SYN-02146,synthetic_demo,2026-02-10,2025-12-11,career,61,1,1,6,1,2,1,7.87,4,1,63,0,1,0.3993,1,1,1,0,0,0,1,0,0,0,0,0,0,0
SYN-00054,synthetic_demo,2026-02-11,2025-01-09,education,398,0,1,6,1,2,1,6.44,3,1,4,0,0,0.9287,1,1,1,0,0,0,0,0,0,1,1,0,1,1
SYN-00631,synthetic_demo,2026-02-11,2025-01-11,finance,396,2,2,5,2,2,2,6.74,3,1,14,0,1,0.4966,1,1,1,0,0,0,1,1,0,0,0,0,0,0
SYN-00892,synthetic_demo,2026-02-11,2024-12-10,career,428,17,0,3,0,1,0,7.69,1,1,55,0,0,0.6116,1,1,1,0,0,0,0,0,0,1,0,0,0,0
SYN-00946,synthetic_demo,2026-02-11,2024-11-05,personal_growth,463,7,0,2,0,2,0,9.38,2,0,180,0,0,0.6915,1,1,1,0,0,0,0,0,0,0,0,0,0,0
SYN-01875,synthetic_demo,2026-02-11,2024-09-22,education,507,7,0,1,0,1,0,11.32,2,1,23,0,1,0.9592,1,1,1,0,0,0,1,0,0,0,0,0,0,1
SYN-01887,synthetic_demo,2026-02-11,2026-01-05,family,37,3,3,6,3,3,3,6.06,2,0,180,0,1,0.8928,1,1,1,0,0,0,1,1,0,1,1,0,0,1
SYN-00532,synthetic_demo,2026-02-12,2025-11-22,relationship,82,4,1,5,1,2,1,3.88,2,1,72,1,0,0.4494,1,1,1,1,0,0,0,0,0,0,0,0,0,0
SYN-00696,synthetic_demo,2026-02-12,2024-09-27,education,503,7,0,4,0,1,0,9.87,4,1,43,0,0,0.8976,1,1,1,0,0,0,0,0,0,1,1,0,0,1
SYN-00985,synthetic_demo,2026-02-12,2024-08-22,relationship,539,35,0,0,0,0,0,5.52,0,1,30,0,0,0.6573,1,1,0,0,0,0,0,0,0,0,0,0,1,1
SYN-00995,synthetic_demo,2026-02-12,2025-07-02,relationship,225,13,0,2,0,1,0,7.08,2,0,180,0,0,0.7451,1,1,1,0,0,0,0,0,0,1,0,0,0,0
SYN-01549,synthetic_demo,2026-02-12,2025-11-10,career,94,5,2,9,1,3,2,7.39,3,2,59,1,1,0.7945,1,1,1,1,0,1,1,1,0,0,0,0,0,1
SYN-01832,synthetic_demo,2026-02-12,2025-07-31,career,196,9,0,1,0,1,0,1.0,2,0,180,0,0,0.4365,1,1,1,0,0,0,0,0,0,0,0,0,0,0
SYN-02158,synthetic_demo,2026-02-12,2024-10-06,relationship,494,30,0,0,0,0,0,4.98,0,0,180,0,0,0.7395,1,1,0,0,0,0,0,0,0,0,0,0,1,0
SYN-00069,synthetic_demo,2026-02-13,2025-02-13,relationship,365,7,0,3,0,0,0,7.99,3,0,180,0,0,0.9397,1,1,0,0,0,0,0,0,0,1,1,0,1,0
SYN-00406,synthetic_demo,2026-02-13,2025-01-07,relationship,402,29,0,4,0,3,0,8.48,2,0,180,0,1,0.8211,1,1,1,0,0,0,1,1,1,0,0,0,1,0
SYN-00419,synthetic_demo,2026-02-13,2025-02-12,career,366,6,2,3,0,2,0,5.61,2,0,180,0,0,0.7394,1,1,1,0,0,0,0,0,0,1,1,1,0,0
SYN-00422,synthetic_demo,2026-02-13,2025-09-18,relationship,148,7,0,7,0,4,0,8.33,3,0,180,0,0,0.6082,1,1,1,0,0,0,0,0,0,1,1,0,1,0
SYN-00464,synthetic_demo,2026-02-13,2024-10-23,finance,478,6,1,4,0,2,1,5.54,3,0,180,0,0,0.7199,1,1,1,0,0,0,0,0,0,0,0,0,1,0
SYN-00535,synthetic_demo,2026-02-13,2025-10-24,personal_growth,112,2,1,7,0,2,1,3.17,1,1,51,1,0,0.6644,1,1,1,1,0,0,0,0,0,0,0,0,0,0
SYN-00906,synthetic_demo,2026-02-13,2025-01-25,relationship,384,7,0,3,0,2,0,4.45,2,0,180,0,1,0.3894,1,1,1,0,0,0,1,0,0,1,1,1,0,0
SYN-01211,synthetic_demo,2026-02-13,2025-02-12,relationship,366,1,2,10,1,9,2,4.31,4,1,68,0,0,0.9679,1,1,1,0,0,0,0,0,0,0,0,0,0,0
SYN-01393,synthetic_demo,2026-02-13,2025-12-12,relationship,63,2,2,8,2,2,2,7.65,2,1,32,0,1,0.707,1,1,1,0,0,0,1,1,1,1,0,0,0,0
SYN-01543,synthetic_demo,2026-02-13,2024-12-26,career,414,9,0,1,0,0,0,4.85,2,1,7,0,0,0.8883,1,0,0,0,0,0,0,0,0,0,0,0,1,1
SYN-01668,synthetic_demo,2026-02-13,2024-12-16,finance,424,29,0,1,0,0,0,4.88,1,0,180,0,0,0.8717,1,1,0,0,0,0,0,0,0,0,0,0,1,0
SYN-01767,synthetic_demo,2026-02-13,2024-12-08,relationship,432,1,1,5,0,3,0,7.16,3,0,180,0,1,0.6404,1,1,1,0,0,0,1,1,0,1,0,0,1,0
SYN-01870,synthetic_demo,2026-02-13,2024-10-26,family,475,0,4,5,3,3,4,7.85,4,2,28,2,0,0.9371,1,1,1,1,1,1,0,0,0,1,0,0,0,1
SYN-01983,synthetic_demo,2026-02-13,2025-06-28,career,230,6,1,3,0,0,0,2.03,1,0,180,0,0,0.7889,1,1,0,0,0,0,0,0,0,0,0,0,0,1
SYN-02187,synthetic_demo,2026-02-13,2025-04-18,relationship,301,6,1,5,1,5,1,9.0,4,1,50,0,0,0.8438,1,1,1,0,0,0,0,0,0,1,1,1,0,1
SYN-02220,synthetic_demo,2026-02-13,2025-06-19,finance,239,6,2,2,1,1,2,6.38,2,0,180,0,1,0.6294,1,1,1,0,0,0,1,0,0,0,0,0,0,0
SYN-02248,synthetic_demo,2026-02-13,2025-12-16,family,59,7,0,5,0,4,0,5.29,1,0,180,0,1,0.7931,1,1,1,0,0,0,1,0,0,1,0,0,1,1
SYN-00062,synthetic_demo,2026-02-14,2025-03-22,career,329,0,1,5,0,2,1,5.52,2,0,180,0,0,0.8685,1,1,1,0,0,0,0,0,0,0,0,0,0,1
SYN-00342,synthetic_demo,2026-02-14,2024-09-13,relationship,519,30,0,0,0,0,0,4.32,0,0,180,0,0,0.631,1,1,0,0,0,0,0,0,0,0,0,0,1,0
SYN-00416,synthetic_demo,2026-02-14,2025-08-25,relationship,173,6,1,2,0,1,1,3.73,3,0,180,0,0,0.7173,1,1,1,0,0,0,0,0,0,1,0,0,0,0
SYN-00740,synthetic_demo,2026-02-14,2026-01-14,relationship,31,14,0,3,0,1,0,2.78,1,0,180,1,0,0.877,1,1,1,1,0,0,0,0,0,1,0,0,1,0
SYN-00963,synthetic_demo,2026-02-14,2024-12-12,education,429,7,0,2,0,2,0,3.52,4,0,180,0,1,0.6729,1,1,1,0,0,0,1,1,1,1,0,0,0,0
SYN-01121,synthetic_demo,2026-02-14,2025-01-07,finance,403,7,0,3,0,1,0,5.47,1,0,180,0,0,0.7712,1,1,1,0,0,0,0,0,0,1,0,0,1,0
SYN-01188,synthetic_demo,2026-02-14,2024-11-07,career,464,2,1,6,0,4,1,9.61,3,1,63,1,2,0.8414,1,1,1,1,1,0,2,0,0,1,0,0,0,0
SYN-01539,synthetic_demo,2026-02-14,2024-12-12,family,429,6,2,6,1,6,1,3.82,2,0,180,1,1,0.7844,1,1,1,1,1,0,1,1,1,1,0,0,1,1
SYN-01601,synthetic_demo,2026-02-14,2025-06-22,relationship,237,20,0,3,0,2,0,6.05,3,0,180,0,0,0.7352,1,1,1,0,0,0,0,0,0,1,0,0,1,0
SYN-01770,synthetic_demo,2026-02-14,2025-04-08,relationship,312,0,6,6,3,3,5,8.83,2,1,16,0,0,0.9092,1,1,1,0,0,0,0,0,0,1,0,0,0,0
SYN-02029,synthetic_demo,2026-02-14,2024-09-03,finance,529,6,1,7,1,4,1,4.04,0,0,180,0,0,0.7229,1,1,1,0,0,0,0,0,0,1,1,0,0,0
SYN-02052,synthetic_demo,2026-02-14,2024-09-30,relationship,502,24,0,3,0,1,0,3.91,1,0,180,0,0,0.8849,1,1,1,0,0,0,0,0,0,0,0,0,0,0
SYN-02181,synthetic_demo,2026-02-14,2025-05-07,relationship,283,6,1,2,1,1,1,5.15,3,0,180,2,1,0.8843,1,1,1,1,1,0,1,1,0,0,0,0,1,0
SYN-02352,synthetic_demo,2026-02-14,2025-08-22,relationship,176,6,1,7,0,5,1,9.21,2,1,43,1,1,0.9012,1,1,1,1,1,0,1,0,0,0,0,0,0,1
SYN-00270,synthetic_demo,2026-02-15,2025-09-27,career,141,7,0,6,0,5,0,6.71,3,1,39,0,0,0.6492,1,1,1,0,0,0,0,0,0,0,0,0,1,0
SYN-00292,synthetic_demo,2026-02-15,2025-04-26,personal_growth,295,6,1,3,1,2,1,6.19,3,0,180,0,0,0.4709,1,1,1,0,0,0,0,0,0,0,0,0,1,0
SYN-00822,synthetic_demo,2026-02-15,2024-09-19,family,514,30,0,0,0,0,0,3.87,0,0,180,0,0,0.4183,1,1,0,0,0,0,0,0,0,0,0,0,0,0
SYN-01021,synthetic_demo,2026-02-15,2024-11-22,career,450,6,2,2,1,1,1,3.53,4,0,180,1,0,0.9482,1,1,1,1,1,0,0,0,0,1,1,0,0,1
SYN-01028,synthetic_demo,2026-02-15,2025-11-24,relationship,83,7,0,2,0,2,0,3.98,2,0,180,0,1,0.436,1,1,1,0,0,0,1,0,0,1,0,0,0,0
SYN-01177,synthetic_demo,2026-02-15,2024-09-05,career,528,7,0,3,0,0,0,2.43,0,0,180,0,0,0.5756,1,1,0,0,0,0,0,0,0,1,0,0,0,0
SYN-01241,synthetic_demo,2026-02-15,2025-11-19,education,88,8,0,3,0,1,0,3.98,2,0,180,0,0,0.5964,1,1,1,0,0,0,0,0,0,1,0,0,0,1
SYN-01892,synthetic_demo,2026-02-15,2024-10-20,education,483,6,1,6,0,2,1,5.9,2,1,62,1,2,0.6559,1,1,1,1,1,0,2,0,0,1,0,0,0,0
SYN-02055,synthetic_demo,2026-02-15,2025-09-25,personal_growth,143,6,2,4,0,4,2,4.11,1,1,62,0,2,0.6719,1,1,1,0,0,0,2,1,0,1,0,0,0,0
SYN-00755,synthetic_demo,2026-02-16,2025-09-20,career,149,20,0,5,0,3,0,2.88,3,0,180,0,0,0.5612,1,1,1,0,0,0,0,0,0,1,0,0,1,0
SYN-00802,synthetic_demo,2026-02-16,2024-12-15,family,428,6,1,2,0,0,1,4.85,1,0,180,0,0,0.6559,1,1,0,0,0,0,0,0,0,1,1,0,0,0
SYN-00896,synthetic_demo,2026-02-16,2025-03-07,education,346,6,1,2,1,2,0,8.24,2,0,180,1,0,0.8402,1,1,1,1,0,0,0,0,0,0,0,0,0,0
SYN-01219,synthetic_demo,2026-02-16,2025-01-06,education,406,15,0,4,0,3,0,9.87,3,1,40,0,0,0.8603,1,1,1,0,0,0,0,0,0,1,0,0,0,0
SYN-01588,synthetic_demo,2026-02-16,2025-06-08,relationship,253,7,0,8,0,2,0,4.72,2,0,180,0,0,0.7567,1,1,1,0,0,0,0,0,0,1,0,0,1,0
SYN-01651,synthetic_demo,2026-02-16,2025-02-09,finance,372,7,0,2,0,2,0,3.59,2,0,180,1,1,0.8752,1,1,1,1,0,0,1,1,1,0,0,0,0,0
SYN-01758,synthetic_demo,2026-02-16,2024-09-24,family,510,6,1,2,0,1,1,6.39,2,0,180,0,0,0.8392,1,1,1,0,0,0,0,0,0,0,0,0,0,0
SYN-01920,synthetic_demo,2026-02-16,2024-11-24,career,449,18,0,2,0,2,0,2.97,2,1,29,0,0,0.546,1,1,1,0,0,0,0,0,0,0,0,0,0,0
SYN-02314,synthetic_demo,2026-02-16,2024-10-15,career,489,7,0,3,0,2,0,8.29,0,1,9,0,1,0.6576,1,1,1,0,0,0,1,0,0,0,0,0,1,0
SYN-00040,synthetic_demo,2026-02-17,2025-08-15,relationship,186,6,1,4,1,2,1,4.86,4,0,180,0,0,0.5532,1,1,1,0,0,0,0,0,0,0,0,0,0,0
SYN-00365,synthetic_demo,2026-02-17,2025-07-12,career,220,3,1,12,0,9,1,6.25,2,1,76,1,0,0.7425,1,1,1,1,1,0,0,0,0,1,0,0,0,1
SYN-00509,synthetic_demo,2026-02-17,2025-12-25,relationship,54,7,0,1,0,0,0,7.42,2,0,180,0,0,0.5956,1,1,0,0,0,0,0,0,0,0,0,0,0,0
SYN-00597,synthetic_demo,2026-02-17,2025-05-01,finance,292,0,2,9,1,4,2,3.23,3,0,180,0,2,0.877,1,1,1,0,0,0,2,1,0,0,0,0,0,0
SYN-00879,synthetic_demo,2026-02-17,2025-01-19,relationship,394,7,0,6,0,5,0,3.05,3,1,7,1,1,0.591,1,1,1,1,0,0,1,0,0,1,1,1,1,0
SYN-00918,synthetic_demo,2026-02-17,2025-08-23,career,178,6,3,9,1,7,3,8.68,2,0,180,0,0,0.701,1,1,1,0,0,0,0,0,0,1,1,1,1,0
SYN-01116,synthetic_demo,2026-02-17,2025-05-26,finance,267,0,2,3,0,0,1,3.36,2,0,180,0,1,0.8115,1,0,0,0,0,0,1,0,0,0,0,0,0,0
SYN-01193,synthetic_demo,2026-02-17,2025-06-07,relationship,255,21,0,1,0,0,0,2.58,1,0,180,0,0,0.8205,1,1,0,0,0,0,0,0,0,0,0,0,1,0
SYN-01290,synthetic_demo,2026-02-17,2025-01-25,career,388,7,0,2,0,1,0,4.16,2,0,180,0,1,0.8296,1,1,1,0,0,0,1,0,0,0,0,0,0,0
SYN-00090,synthetic_demo,2026-02-18,2024-10-10,career,496,7,0,2,0,2,0,2.85,1,0,180,0,0,0.8493,1,1,1,0,0,0,0,0,0,0,0,0,0,0
SYN-00377,synthetic_demo,2026-02-18,2025-03-14,career,341,30,0,0,0,0,0,6.59,0,0,180,0,0,0.6727,1,0,0,0,0,0,0,0,0,0,0,0,0,0
SYN-00930,synthetic_demo,2026-02-18,2025-08-07,personal_growth,195,6,3,6,0,5,3,9.43,2,0,180,0,0,0.8903,1,1,1,0,0,0,0,0,0,1,0,0,0,0
SYN-00935,synthetic_demo,2026-02-18,2025-03-23,finance,332,0,6,11,5,8,3,4.04,3,1,28,1,1,0.5331,1,1,1,1,1,0,1,0,0,1,0,0,0,0
SYN-00962,synthetic_demo,2026-02-18,2024-12-01,career,444,6,4,7,1,3,3,4.66,4,1,15,1,0,0.8314,1,1,1,1,1,0,0,0,0,1,0,0,0,0
SYN-01152,synthetic_demo,2026-02-18,2025-10-09,education,132,21,0,4,0,2,0,4.86,4,0,180,0,0,0.5662,1,1,1,0,0,0,0,0,0,0,0,0,1,0
SYN-01286,synthetic_demo,2026-02-18,2025-03-08,family,347,7,0,1,0,1,0,9.15,2,0,180,0,1,0.8604,1,1,1,0,0,0,1,1,1,1,0,0,0,0
SYN-01312,synthetic_demo,2026-02-18,2025-03-02,finance,353,23,0,1,0,0,0,4.19,3,0,180,0,0,0.7396,1,1,0,0,0,0,0,0,0,0,0,0,0,0
SYN-01508,synthetic_demo,2026-02-18,2025-04-13,relationship,311,0,4,6,3,5,4,7.45,3,1,15,0,0,0.2824,1,1,1,0,0,0,0,0,0,1,0,0,1,1
SYN-01772,synthetic_demo,2026-02-18,2025-04-04,education,320,11,0,3,0,2,0,7.42,1,0,180,1,1,0.8089,1,1,1,1,1,0,1,1,1,0,0,0,0,0
SYN-02046,synthetic_demo,2026-02-18,2024-10-09,relationship,497,30,0,0,0,0,0,3.28,0,0,180,0,0,0.8945,1,1,0,0,0,0,0,0,0,1,0,0,1,0
SYN-00198,synthetic_demo,2026-02-19,2025-02-16,finance,368,11,0,3,0,1,0,1.0,3,0,180,0,0,0.6987,1,1,1,0,0,0,0,0,0,0,0,0,0,0
SYN-00238,synthetic_demo,2026-02-19,2025-01-19,relationship,396,2,3,8,1,5,3,6.12,2,2,2,0,0,0.7319,1,1,1,0,0,1,0,0,0,1,1,0,1,0
SYN-00499,synthetic_demo,2026-02-19,2025-09-28,relationship,144,7,0,2,0,0,0,5.41,4,0,180,0,0,0.7727,1,1,0,0,0,0,0,0,0,1,0,0,1,0
SYN-00500,synthetic_demo,2026-02-19,2025-02-21,career,363,7,0,2,0,1,0,2.82,4,0,180,0,0,0.7799,1,1,1,0,0,0,0,0,0,1,0,0,1,0
SYN-00525,synthetic_demo,2026-02-19,2024-10-29,career,478,30,0,0,0,0,0,6.79,0,0,180,0,0,0.6199,1,1,0,0,0,0,0,0,0,1,0,0,1,0
SYN-00852,synthetic_demo,2026-02-19,2025-03-11,career,345,29,0,1,0,1,0,2.0,2,0,180,0,0,0.3107,1,1,1,0,0,0,0,0,0,0,0,0,1,0
SYN-01126,synthetic_demo,2026-02-19,2024-11-12,personal_growth,464,6,2,10,1,5,2,5.18,1,2,51,1,1,0.4021,1,1,1,1,1,1,1,1,1,0,0,0,1,0
SYN-01866,synthetic_demo,2026-02-19,2025-03-02,relationship,354,7,0,1,0,1,0,5.21,1,2,6,1,0,0.5259,1,1,1,1,0,1,0,0,0,0,0,0,0,0
SYN-01918,synthetic_demo,2026-02-19,2025-07-06,family,228,2,1,1,0,0,1,6.29,1,0,180,0,1,0.8221,1,1,0,0,0,0,1,0,0,0,0,0,0,0
SYN-01996,synthetic_demo,2026-02-19,2025-01-10,education,405,0,2,7,0,3,0,3.12,1,0,180,1,0,0.8655,1,1,1,1,0,0,0,0,0,0,0,0,0,0
SYN-02081,synthetic_demo,2026-02-19,2025-04-22,family,303,5,1,4,1,3,1,8.95,3,0,180,0,1,0.8511,1,1,1,0,0,0,1,1,1,1,0,0,1,0
SYN-02250,synthetic_demo,2026-02-19,2025-06-15,family,249,6,2,4,1,2,2,6.69,3,1,7,0,0,0.5643,1,1,1,0,0,0,0,0,0,1,1,1,0,0
SYN-00308,synthetic_demo,2026-02-20,2025-09-26,finance,147,11,0,1,0,0,0,8.15,3,0,180,0,2,0.7052,1,1,0,0,0,0,2,2,2,0,0,0,0,1
SYN-00425,synthetic_demo,2026-02-20,2025-05-04,finance,292,6,2,4,1,3,2,3.86,1,0,180,2,1,0.7369,1,1,1,1,1,0,1,0,0,0,0,0,0,0
SYN-00711,synthetic_demo,2026-02-20,2024-11-05,family,472,7,0,3,0,1,0,5.17,2,0,180,0,0,0.7727,1,1,1,0,0,0,0,0,0,0,0,0,0,0
SYN-00758,synthetic_demo,2026-02-20,2025-08-11,relationship,193,6,1,2,0,0,0,7.58,4,0,180,0,1,0.7508,1,1,0,0,0,0,1,0,0,0,0,0,0,0
SYN-00813,synthetic_demo,2026-02-20,2025-03-11,relationship,346,12,0,3,0,0,0,4.06,2,0,180,0,0,0.6094,1,1,0,0,0,0,0,0,0,1,1,0,1,0
SYN-01139,synthetic_demo,2026-02-20,2025-08-12,relationship,192,11,0,5,0,5,0,2.9,1,0,180,1,0,0.6387,1,1,1,1,1,0,0,0,0,1,1,0,0,0
SYN-01216,synthetic_demo,2026-02-20,2025-05-09,relationship,287,6,1,4,0,4,0,6.33,4,0,180,0,1,0.5216,1,1,1,0,0,0,1,1,1,1,0,0,1,0
SYN-01311,synthetic_demo,2026-02-20,2024-10-29,personal_growth,479,7,0,4,0,1,0,5.41,3,0,180,0,0,0.7556,1,1,1,0,0,0,0,0,0,0,0,0,0,0
SYN-01642,synthetic_demo,2026-02-20,2024-10-15,education,493,7,0,1,0,1,0,5.84,0,0,180,0,0,0.7182,1,1,1,0,0,0,0,0,0,0,0,0,1,1
SYN-02067,synthetic_demo,2026-02-20,2025-03-19,relationship,338,7,0,3,0,1,0,3.65,2,0,180,0,0,0.7745,1,1,1,0,0,0,0,0,0,0,0,0,1,0
SYN-02105,synthetic_demo,2026-02-20,2025-03-21,career,336,4,1,3,1,3,0,8.05,3,1,42,0,0,0.5772,1,1,1,0,0,0,0,0,0,0,0,0,0,1
SYN-00187,synthetic_demo,2026-02-21,2025-08-08,education,197,7,0,2,0,1,0,8.03,2,0,180,0,0,0.8381,1,1,1,0,0,0,0,0,0,0,0,0,0,0
SYN-00291,synthetic_demo,2026-02-21,2024-12-16,relationship,432,20,0,3,0,2,0,7.65,3,0,180,0,0,0.3454,1,1,1,0,0,0,0,0,0,0,0,0,0,0
SYN-00313,synthetic_demo,2026-02-21,2025-12-12,finance,71,8,0,1,0,0,0,1.51,3,0,180,0,0,0.7711,1,1,0,0,0,0,0,0,0,0,0,0,0,0
SYN-00326,synthetic_demo,2026-02-21,2025-12-21,finance,62,7,0,4,0,1,0,5.32,0,0,180,0,0,0.8725,1,1,1,0,0,0,0,0,0,0,0,0,0,0
SYN-00587,synthetic_demo,2026-02-21,2024-09-27,career,512,7,0,4,0,3,0,3.09,2,0,180,0,0,0.7691,1,1,1,0,0,0,0,0,0,0,0,0,0,0
SYN-00753,synthetic_demo,2026-02-21,2025-08-17,finance,188,3,4,8,0,4,4,6.32,0,1,87,0,0,0.9654,1,1,1,0,0,0,0,0,0,0,0,0,0,0
SYN-00975,synthetic_demo,2026-02-21,2025-02-05,family,381,6,2,3,0,0,1,2.76,0,0,180,0,0,0.6936,1,1,0,0,0,0,0,0,0,1,0,0,0,0
SYN-01534,synthetic_demo,2026-02-21,2025-09-17,relationship,157,1,2,4,1,4,0,4.69,1,0,180,0,0,0.8927,1,1,1,0,0,0,0,0,0,1,0,0,0,0
SYN-01699,synthetic_demo,2026-02-21,2025-10-31,career,113,4,2,4,0,3,2,2.49,2,1,40,0,1,0.7577,1,1,1,0,0,0,1,1,1,0,0,0,0,1
SYN-01824,synthetic_demo,2026-02-21,2025-03-28,relationship,330,7,0,3,0,1,0,5.67,2,0,180,0,0,0.833,1,1,1,0,0,0,0,0,0,0,0,0,0,0
SYN-02050,synthetic_demo,2026-02-21,2025-11-23,career,90,6,1,3,0,1,1,9.22,1,0,180,0,0,0.6478,1,1,1,0,0,0,0,0,0,1,0,0,0,0
SYN-02051,synthetic_demo,2026-02-21,2025-10-10,personal_growth,134,8,0,2,0,1,0,9.05,1,0,180,0,1,0.892,1,1,1,0,0,0,1,0,0,1,0,0,1,0
SYN-00689,synthetic_demo,2026-02-22,2025-05-15,career,283,6,1,2,1,1,1,7.46,2,0,180,0,0,0.7616,1,1,1,0,0,0,0,0,0,0,0,0,0,0
SYN-00723,synthetic_demo,2026-02-22,2025-10-16,career,129,8,0,3,0,2,0,4.33,1,0,180,0,0,0.6388,1,1,1,0,0,0,0,0,0,1,0,0,0,0
SYN-00774,synthetic_demo,2026-02-22,2025-03-04,family,355,0,1,3,1,2,0,8.44,2,0,180,0,1,0.5381,1,1,1,0,0,0,1,0,0,1,0,0,0,1
SYN-01493,synthetic_demo,2026-02-22,2024-10-21,relationship,489,0,2,5,2,3,2,3.74,3,0,180,1,0,0.9808,1,1,1,1,1,0,0,0,0,1,1,0,0,0
SYN-01598,synthetic_demo,2026-02-22,2025-10-07,career,138,4,2,5,1,1,0,8.55,2,0,180,0,0,0.8764,1,1,1,0,0,0,0,0,0,1,0,0,0,1
SYN-01609,synthetic_demo,2026-02-22,2024-10-16,family,494,0,1,6,0,2,1,5.71,2,0,180,0,1,0.6865,1,1,1,0,0,0,1,1,1,1,1,0,1,1
SYN-01853,synthetic_demo,2026-02-22,2025-06-09,career,258,7,0,3,0,2,0,5.11,3,1,69,0,0,0.7421,1,1,1,0,0,0,0,0,0,0,0,0,0,0
SYN-01979,synthetic_demo,2026-02-22,2025-08-09,personal_growth,197,29,0,1,0,0,0,6.4,1,0,180,0,0,0.386,1,1,0,0,0,0,0,0,0,1,1,0,1,1
SYN-00595,synthetic_demo,2026-02-23,2025-03-05,personal_growth,355,0,2,5,0,2,2,3.09,2,1,19,2,1,0.73,1,1,1,1,0,0,1,1,1,0,0,0,0,1
SYN-00749,synthetic_demo,2026-02-23,2025-03-04,personal_growth,356,6,1,9,1,5,1,9.35,3,1,29,0,1,0.6578,1,1,1,0,0,0,1,1,0,0,0,0,0,0
SYN-00804,synthetic_demo,2026-02-23,2025-12-05,personal_growth,80,7,0,2,0,0,0,1.0,2,0,180,0,0,0.6834,1,1,0,0,0,0,0,0,0,1,0,0,0,0
SYN-01334,synthetic_demo,2026-02-23,2024-11-17,education,463,1,2,6,1,3,2,6.93,2,0,180,2,0,0.8063,1,1,1,1,1,0,0,0,0,1,1,0,1,1
SYN-01412,synthetic_demo,2026-02-23,2025-01-28,personal_growth,391,7,0,2,0,0,0,2.08,2,0,180,0,0,0.7001,1,1,0,0,0,0,0,0,0,1,0,0,0,1
SYN-01485,synthetic_demo,2026-02-23,2025-07-19,finance,219,30,0,0,0,0,0,3.53,0,1,89,0,0,0.3927,1,0,0,0,0,0,0,0,0,0,0,0,1,0
SYN-02003,synthetic_demo,2026-02-23,2024-11-15,career,465,6,1,3,1,3,1,7.59,4,0,180,0,0,0.8583,1,1,1,0,0,0,0,0,0,1,1,0,0,0
SYN-00135,synthetic_demo,2026-02-24,2025-11-30,finance,86,11,0,5,0,0,0,6.36,0,0,180,0,0,0.292,1,1,0,0,0,0,0,0,0,0,0,0,0,0
SYN-00185,synthetic_demo,2026-02-24,2025-01-26,relationship,394,30,0,0,0,0,0,1.13,0,0,180,0,2,0.838,1,1,0,0,0,0,2,1,1,1,0,0,0,0
SYN-00257,synthetic_demo,2026-02-24,2025-02-27,career,362,7,0,4,0,2,0,7.33,2,0,180,0,0,0.843,1,1,1,0,0,0,0,0,0,1,0,0,0,0
SYN-00329,synthetic_demo,2026-02-24,2025-12-16,personal_growth,70,12,0,1,0,0,0,2.48,1,0,180,0,0,0.9233,1,1,0,0,0,0,0,0,0,0,0,0,1,0
SYN-00775,synthetic_demo,2026-02-24,2025-12-07,finance,79,1,1,4,0,2,1,7.67,4,0,180,0,0,0.8157,1,1,1,0,0,0,0,0,0,1,0,0,0,0
SYN-00958,synthetic_demo,2026-02-24,2025-10-26,family,121,6,3,11,3,5,2,7.68,3,0,180,1,0,0.6776,1,1,1,1,0,0,0,0,0,1,1,0,1,0
SYN-01049,synthetic_demo,2026-02-24,2025-09-09,relationship,168,29,0,1,0,0,0,2.64,2,1,18,0,0,0.7792,1,0,0,0,0,0,0,0,0,0,0,0,1,1
SYN-01178,synthetic_demo,2026-02-24,2025-07-08,finance,231,6,1,5,0,2,1,7.01,3,1,64,0,0,0.951,1,1,1,0,0,0,0,0,0,0,0,0,0,1
SYN-01459,synthetic_demo,2026-02-24,2025-08-13,relationship,195,7,0,2,0,1,0,4.32,2,0,180,0,1,0.7557,1,1,1,0,0,0,1,1,0,0,0,0,1,0
SYN-01970,synthetic_demo,2026-02-24,2025-09-02,family,175,6,1,3,0,1,1,5.96,3,0,180,1,0,0.8603,1,1,1,1,0,0,0,0,0,0,0,0,0,1
SYN-01998,synthetic_demo,2026-02-24,2024-11-23,finance,458,7,0,2,0,1,0,4.39,4,0,180,0,1,0.6602,1,1,1,0,0,0,1,1,1,0,0,0,0,0
SYN-02215,synthetic_demo,2026-02-24,2024-11-17,career,464,2,4,10,2,8,4,8.09,4,2,86,1,2,0.6874,1,1,1,1,1,1,2,1,0,0,0,0,0,0
SYN-00086,synthetic_demo,2026-02-25,2024-10-30,finance,483,7,0,2,0,1,0,2.81,2,0,180,0,0,0.5694,1,1,1,0,0,0,0,0,0,0,0,0,1,0
SYN-00426,synthetic_demo,2026-02-25,2025-12-30,career,57,9,0,1,0,1,0,7.04,3,0,180,0,0,0.6559,1,1,1,0,0,0,0,0,0,0,0,0,1,0
SYN-01073,synthetic_demo,2026-02-25,2025-09-29,finance,149,7,0,3,0,2,0,6.65,1,0,180,0,0,0.8779,1,1,1,0,0,0,0,0,0,0,0,0,1,0
SYN-01362,synthetic_demo,2026-02-25,2025-06-16,career,254,5,2,9,2,2,1,7.59,2,0,180,2,0,0.8324,1,1,1,1,0,0,0,0,0,0,0,0,0,1
SYN-01638,synthetic_demo,2026-02-25,2025-01-29,finance,392,17,0,2,0,0,0,4.74,2,0,180,0,0,0.6017,1,0,0,0,0,0,0,0,0,0,0,0,0,1
SYN-01727,synthetic_demo,2026-02-25,2025-09-20,career,158,29,0,2,0,1,0,7.04,3,0,180,0,0,0.4857,1,1,1,0,0,0,0,0,0,1,1,0,1,0
SYN-01759,synthetic_demo,2026-02-25,2025-08-30,relationship,179,6,1,8,1,8,1,6.8,2,0,180,0,1,0.7632,1,1,1,0,0,0,1,0,0,1,1,1,1,0
SYN-00300,synthetic_demo,2026-02-26,2025-08-17,education,193,7,0,1,0,0,0,4.11,1,0,180,0,0,0.6244,1,0,0,0,0,0,0,0,0,0,0,0,0,0
SYN-00315,synthetic_demo,2026-02-26,2026-01-11,personal_growth,46,1,3,8,1,5,3,6.45,3,0,180,1,0,0.4994,1,1,1,1,0,0,0,0,0,1,1,1,0,1
SYN-01004,synthetic_demo,2026-02-26,2025-06-30,family,241,7,0,2,0,0,0,1.0,1,0,180,0,0,0.8431,1,1,0,0,0,0,0,0,0,1,0,0,0,0
SYN-01197,synthetic_demo,2026-02-26,2024-10-30,relationship,484,18,0,2,0,1,0,4.75,2,0,180,0,0,0.8832,1,1,1,0,0,0,0,0,0,0,0,0,1,0
SYN-01480,synthetic_demo,2026-02-26,2025-03-09,career,354,30,0,0,0,0,0,6.99,0,0,180,0,0,0.8161,1,0,0,0,0,0,0,0,0,0,0,0,1,0
SYN-01900,synthetic_demo,2026-02-26,2025-08-01,family,209,6,4,6,1,5,1,2.32,3,0,180,0,0,0.4219,1,1,1,0,0,0,0,0,0,0,0,0,0,0
SYN-02282,synthetic_demo,2026-02-26,2025-12-27,relationship,61,13,0,4,0,0,0,9.07,3,0,180,0,1,0.6534,1,0,0,0,0,0,1,0,0,1,1,0,1,0
SYN-02285,synthetic_demo,2026-02-26,2025-01-29,family,393,6,1,3,1,1,0,4.19,0,0,180,0,0,0.6524,1,1,1,0,0,0,0,0,0,1,1,0,1,0
SYN-00045,synthetic_demo,2026-02-27,2024-11-17,education,467,0,1,2,0,0,1,6.65,2,1,54,0,0,0.8071,1,1,0,0,0,0,0,0,0,1,0,0,0,0
SYN-00157,synthetic_demo,2026-02-27,2025-01-23,relationship,400,7,0,1,0,1,0,8.26,3,0,180,0,0,0.835,1,1,1,0,0,0,0,0,0,1,0,0,0,0
SYN-00423,synthetic_demo,2026-02-27,2025-11-10,relationship,109,30,0,0,0,0,0,3.08,0,0,180,0,0,0.5101,1,1,0,0,0,0,0,0,0,0,0,0,1,0
SYN-00434,synthetic_demo,2026-02-27,2025-06-09,personal_growth,263,29,0,5,0,3,0,8.07,2,1,20,0,0,0.6453,1,1,1,0,0,0,0,0,0,0,0,0,1,0
SYN-01161,synthetic_demo,2026-02-27,2026-01-17,finance,41,6,1,6,0,4,1,7.95,3,0,180,1,0,0.7101,1,1,1,1,0,0,0,0,0,0,0,0,1,0
SYN-01262,synthetic_demo,2026-02-27,2025-08-24,family,187,11,0,4,0,2,0,6.1,2,0,180,0,1,0.513,1,1,1,0,0,0,1,1,1,0,0,0,0,0
SYN-01453,synthetic_demo,2026-02-27,2025-03-25,personal_growth,339,7,0,2,0,1,0,4.67,5,0,180,0,0,0.7941,1,1,1,0,0,0,0,0,0,0,0,0,0,0
SYN-01550,synthetic_demo,2026-02-27,2024-10-12,personal_growth,503,4,1,1,0,0,1,4.62,3,0,180,0,0,0.6851,1,1,0,0,0,0,0,0,0,0,0,0,0,1
SYN-01641,synthetic_demo,2026-02-27,2026-01-27,relationship,31,29,0,3,0,1,0,5.25,1,0,180,0,0,0.6468,1,1,1,0,0,0,0,0,0,1,1,0,1,0
SYN-01729,synthetic_demo,2026-02-27,2025-06-22,relationship,250,11,0,1,0,1,0,8.56,2,0,180,0,1,0.8144,1,1,1,0,0,0,1,1,1,0,0,0,0,0
SYN-01883,synthetic_demo,2026-02-27,2025-05-01,education,302,22,0,2,0,0,0,3.44,2,0,180,0,0,0.8565,1,1,0,0,0,0,0,0,0,0,0,0,1,0
SYN-02062,synthetic_demo,2026-02-27,2025-04-08,relationship,325,2,2,6,2,3,1,6.66,0,0,180,0,0,0.7125,1,1,1,0,0,0,0,0,0,1,0,0,0,0
SYN-00038,synthetic_demo,2026-02-28,2024-11-04,family,481,0,1,2,1,2,1,1.59,2,0,180,0,0,0.3976,1,1,1,0,0,0,0,0,0,1,1,1,0,0
SYN-00323,synthetic_demo,2026-02-28,2025-08-15,relationship,197,18,0,3,0,3,0,7.43,3,0,180,2,1,0.603,1,1,1,1,0,0,1,1,0,1,0,0,1,0
SYN-00370,synthetic_demo,2026-02-28,2025-06-09,finance,264,21,0,1,0,0,0,5.69,0,1,59,0,1,0.8325,1,1,0,0,0,0,1,1,0,0,0,0,1,0
SYN-00487,synthetic_demo,2026-02-28,2025-06-17,personal_growth,256,7,0,2,0,1,0,1.0,1,0,180,0,0,0.6077,1,1,1,0,0,0,0,0,0,0,0,0,0,0
SYN-00903,synthetic_demo,2026-02-28,2024-10-29,finance,487,0,2,6,1,2,2,5.17,3,0,180,0,0,0.4437,1,1,1,0,0,0,0,0,0,0,0,0,0,0
SYN-01153,synthetic_demo,2026-02-28,2025-02-12,personal_growth,381,7,0,1,0,0,0,7.81,1,1,56,0,0,0.5971,1,1,0,0,0,0,0,0,0,1,0,0,1,1
SYN-01351,synthetic_demo,2026-02-28,2025-05-29,family,275,2,5,13,2,7,5,7.77,3,1,33,0,2,0.9173,1,1,1,0,0,0,2,2,1,1,1,1,0,1
SYN-01815,synthetic_demo,2026-02-28,2025-03-10,career,355,4,1,8,1,6,1,6.67,2,1,88,0,0,0.7603,1,1,1,0,0,0,0,0,0,1,1,0,0,1
SYN-00025,synthetic_demo,2026-03-01,2025-08-13,family,200,9,0,2,0,2,0,6.72,2,0,180,0,0,0.6244,1,1,1,0,0,0,0,0,0,1,0,0,0,0
SYN-00162,synthetic_demo,2026-03-01,2024-10-04,career,513,7,0,4,0,3,0,6.22,3,0,180,1,0,0.6708,1,1,1,1,0,0,0,0,0,0,0,0,1,0
SYN-00230,synthetic_demo,2026-03-01,2025-02-26,education,368,6,1,3,1,2,1,9.89,3,0,180,1,0,0.5282,1,1,1,1,1,0,0,0,0,0,0,0,1,0
SYN-00307,synthetic_demo,2026-03-01,2026-01-20,relationship,40,6,3,5,1,4,2,5.73,3,0,180,0,0,0.6256,1,1,1,0,0,0,0,0,0,0,0,0,1,0
SYN-00432,synthetic_demo,2026-03-01,2025-10-25,relationship,127,4,1,4,0,1,1,6.23,0,1,36,1,0,0.7959,1,1,1,1,1,0,0,0,0,1,1,0,0,0
SYN-00575,synthetic_demo,2026-03-01,2025-03-25,relationship,341,7,0,2,0,0,0,6.04,1,1,31,0,1,0.88,1,1,0,0,0,0,1,0,0,1,0,0,1,0
SYN-00785,synthetic_demo,2026-03-01,2025-02-26,relationship,368,1,3,8,1,4,3,9.61,3,1,3,0,0,0.6912,1,1,1,0,0,0,0,0,0,1,1,0,1,1
SYN-01058,synthetic_demo,2026-03-01,2025-07-18,education,226,56,0,0,0,0,0,8.15,0,0,180,0,0,0.4909,1,1,0,0,0,0,0,0,0,0,0,0,1,0
SYN-01113,synthetic_demo,2026-03-01,2024-11-27,family,459,30,0,0,0,0,0,6.72,0,0,180,0,0,0.4143,1,1,0,0,0,0,0,0,0,0,0,0,1,0
SYN-01293,synthetic_demo,2026-03-01,2025-02-06,finance,388,5,1,3,1,1,1,4.33,0,0,180,0,0,0.9411,1,1,1,0,0,0,0,0,0,1,0,0,0,1
SYN-01340,synthetic_demo,2026-03-01,2025-01-26,finance,399,0,3,7,1,6,3,4.87,2,1,58,2,2,0.7438,1,1,1,1,1,0,2,2,0,1,1,1,0,1
SYN-01469,synthetic_demo,2026-03-01,2026-01-23,finance,37,29,0,1,0,0,0,5.03,2,0,180,0,1,0.8918,1,1,0,0,0,0,1,1,0,0,0,0,1,0
SYN-01628,synthetic_demo,2026-03-01,2025-09-03,career,179,5,1,3,1,1,1,1.02,3,1,22,0,0,0.8393,1,1,1,0,0,0,0,0,0,0,0,0,0,0
SYN-00213,synthetic_demo,2026-03-02,2025-05-13,personal_growth,293,6,2,5,2,3,1,4.3,1,1,21,0,0,0.4418,1,1,1,0,0,0,0,0,0,0,0,0,0,0
SYN-00611,synthetic_demo,2026-03-02,2025-06-08,education,267,11,0,2,0,0,0,4.55,2,0,180,0,1,0.6067,1,1,0,0,0,0,1,0,0,0,0,0,1,0
SYN-00718,synthetic_demo,2026-03-02,2025-01-03,career,423,29,0,6,0,4,0,7.33,1,0,180,0,0,0.8754,1,1,1,0,0,0,0,0,0,0,0,0,0,0
SYN-00794,synthetic_demo,2026-03-02,2025-01-29,finance,397,3,3,8,0,3,0,4.2,2,0,180,0,1,0.4162,1,1,1,0,0,0,1,0,0,0,0,0,1,1
SYN-00847,synthetic_demo,2026-03-02,2025-09-26,finance,157,6,2,5,2,4,2,6.04,1,0,180,0,0,0.8175,1,1,1,0,0,0,0,0,0,0,0,0,0,0
SYN-01150,synthetic_demo,2026-03-02,2025-04-14,personal_growth,322,7,0,6,0,2,0,5.3,3,0,180,0,0,0.7899,1,1,1,0,0,0,0,0,0,1,0,0,0,0
SYN-01238,synthetic_demo,2026-03-02,2025-07-20,education,225,5,2,3,1,1,1,4.34,2,0,180,1,1,0.7793,1,1,1,1,1,0,1,1,0,1,0,0,0,1
SYN-01389,synthetic_demo,2026-03-02,2025-06-22,family,253,6,2,10,1,6,2,5.97,2,0,180,0,0,0.7244,1,1,1,0,0,0,0,0,0,1,1,0,0,0
SYN-01474,synthetic_demo,2026-03-02,2025-08-17,finance,197,0,8,12,3,9,5,10.37,4,0,180,1,1,0.8723,1,1,1,1,0,0,1,1,1,0,0,0,0,1
SYN-01600,synthetic_demo,2026-03-02,2024-12-02,relationship,455,7,0,2,0,1,0,2.44,2,0,180,0,1,0.8826,1,1,1,0,0,0,1,0,0,1,0,0,1,0
SYN-01773,synthetic_demo,2026-03-02,2024-10-21,career,497,6,2,4,1,2,2,7.07,3,0,180,0,0,0.9114,1,1,1,0,0,0,0,0,0,1,1,0,1,0
SYN-01835,synthetic_demo,2026-03-02,2024-11-28,relationship,459,6,3,6,2,3,1,6.18,4,0,180,0,0,0.4073,1,1,1,0,0,0,0,0,0,0,0,0,1,0
SYN-02080,synthetic_demo,2026-03-02,2024-10-19,finance,499,7,0,5,0,3,0,1.22,2,0,180,0,0,0.84,1,1,1,0,0,0,0,0,0,1,1,0,1,0
SYN-02107,synthetic_demo,2026-03-02,2025-03-24,relationship,343,30,0,0,0,0,0,6.78,0,0,180,0,0,0.9243,1,0,0,0,0,0,0,0,0,0,0,0,1,0
SYN-02183,synthetic_demo,2026-03-02,2025-10-19,education,134,4,1,5,0,5,1,5.33,4,0,180,1,0,0.4978,1,1,1,1,1,0,0,0,0,0,0,0,0,1
SYN-02273,synthetic_demo,2026-03-02,2025-07-18,career,227,5,1,5,1,4,1,8.78,3,0,180,2,0,0.4338,1,1,1,1,0,0,0,0,0,0,0,0,1,1
SYN-00255,synthetic_demo,2026-03-03,2025-08-16,career,199,6,3,8,0,4,3,6.89,5,0,180,1,0,0.5381,1,1,1,1,1,0,0,0,0,0,0,0,0,1
SYN-00355,synthetic_demo,2026-03-03,2025-05-09,education,298,29,0,2,0,0,0,3.79,3,0,180,0,0,0.5915,1,0,0,0,0,0,0,0,0,1,0,0,1,0
SYN-00398,synthetic_demo,2026-03-03,2025-04-15,career,322,0,2,8,1,5,2,8.35,2,0,180,2,0,0.7613,1,1,1,1,1,0,0,0,0,1,1,1,0,1
SYN-00850,synthetic_demo,2026-03-03,2024-09-29,relationship,520,7,0,4,0,0,0,2.65,1,0,180,0,0,0.5071,1,0,0,0,0,0,0,0,0,0,0,0,1,0
SYN-00890,synthetic_demo,2026-03-03,2026-01-21,career,41,0,1,6,0,4,1,5.14,2,0,180,0,0,0.8802,1,1,1,0,0,0,0,0,0,1,0,0,0,0
SYN-01012,synthetic_demo,2026-03-03,2025-09-11,education,173,15,0,3,0,1,0,5.69,3,1,31,1,1,0.5971,1,1,1,1,1,0,1,1,1,1,0,0,1,0
SYN-01254,synthetic_demo,2026-03-03,2025-04-14,career,323,7,0,1,0,1,0,9.71,3,0,180,0,0,0.3864,1,1,1,0,0,0,0,0,0,1,1,1,1,0
SYN-01401,synthetic_demo,2026-03-03,2024-10-16,career,503,6,1,2,0,1,1,1.0,1,0,180,2,0,0.9011,1,1,1,1,0,0,0,0,0,0,0,0,0,1
SYN-01570,synthetic_demo,2026-03-03,2024-09-12,relationship,537,30,0,0,0,0,0,4.44,0,0,180,0,0,0.1685,1,1,0,0,0,0,0,0,0,0,0,0,1,0
SYN-02188,synthetic_demo,2026-03-03,2025-09-30,career,154,11,0,3,0,0,0,2.61,1,1,80,0,0,0.6328,1,0,0,0,0,0,0,0,0,0,0,0,0,0
SYN-00360,synthetic_demo,2026-03-04,2026-01-22,family,41,7,0,2,0,2,0,3.57,3,0,180,1,0,0.8567,1,1,1,1,0,0,0,0,0,1,0,0,0,0
SYN-00474,synthetic_demo,2026-03-04,2025-05-29,relationship,279,3,4,6,1,4,2,10.14,5,0,180,0,1,0.6539,1,1,1,0,0,0,1,0,0,1,1,0,0,1
SYN-00714,synthetic_demo,2026-03-04,2025-10-23,career,132,31,0,0,0,0,0,4.43,0,0,180,0,0,0.5771,1,1,0,0,0,0,0,0,0,0,0,0,0,0
SYN-01027,synthetic_demo,2026-03-04,2025-06-28,family,249,24,0,2,0,0,0,2.76,1,0,180,0,0,0.4986,1,1,0,0,0,0,0,0,0,1,0,0,0,0
SYN-01057,synthetic_demo,2026-03-04,2024-12-03,finance,456,10,0,3,0,0,0,5.55,3,0,180,0,0,0.7598,1,1,0,0,0,0,0,0,0,0,0,0,1,0
SYN-01095,synthetic_demo,2026-03-04,2025-12-11,relationship,83,10,0,4,0,3,0,5.04,1,1,80,0,1,0.6561,1,1,1,0,0,0,1,1,0,0,0,0,0,0
SYN-01525,synthetic_demo,2026-03-04,2025-11-10,family,114,4,1,7,1,5,1,7.94,1,1,3,0,2,0.9391,1,1,1,0,0,0,2,1,0,0,0,0,1,1
SYN-01865,synthetic_demo,2026-03-04,2024-10-12,career,508,3,1,3,0,2,1,6.44,1,0,180,0,0,0.8662,1,1,1,0,0,0,0,0,0,0,0,0,0,1
SYN-02176,synthetic_demo,2026-03-04,2025-09-12,education,173,46,0,0,0,0,0,2.74,0,0,180,0,0,0.7112,1,0,0,0,0,0,0,0,0,0,0,0,1,0
SYN-02351,synthetic_demo,2026-03-04,2024-12-01,career,458,29,0,3,0,3,0,8.41,3,0,180,0,0,0.7256,1,1,1,0,0,0,0,0,0,0,0,0,1,1
SYN-02353,synthetic_demo,2026-03-04,2025-11-21,education,103,6,3,7,2,3,3,1.61,1,0,180,0,0,0.4171,1,1,1,0,0,0,0,0,0,0,0,0,1,1
SYN-02360,synthetic_demo,2026-03-04,2025-02-10,family,387,30,0,0,0,0,0,4.81,0,1,28,0,0,0.8747,1,1,0,0,0,0,0,0,0,1,0,0,1,0
SYN-00020,synthetic_demo,2026-03-05,2025-02-22,family,376,1,4,8,1,3,2,6.01,1,0,180,1,0,0.8367,1,1,1,1,0,0,0,0,0,1,0,0,0,0
SYN-00060,synthetic_demo,2026-03-05,2025-12-16,family,79,7,0,2,0,2,0,6.07,0,0,180,0,0,0.7984,1,1,1,0,0,0,0,0,0,0,0,0,0,0
SYN-00153,synthetic_demo,2026-03-05,2025-11-06,finance,119,30,0,0,0,0,0,2.59,0,0,180,0,0,0.73,1,1,0,0,0,0,0,0,0,0,0,0,1,0
SYN-00160,synthetic_demo,2026-03-05,2025-03-13,relationship,357,7,0,1,0,0,0,9.52,2,1,76,0,0,0.7288,1,1,0,0,0,0,0,0,0,0,0,0,1,1
SYN-00357,synthetic_demo,2026-03-05,2025-01-28,career,401,7,0,3,0,1,0,7.07,2,0,180,0,2,0.6565,1,1,1,0,0,0,2,1,0,1,0,0,0,0
SYN-00529,synthetic_demo,2026-03-05,2025-06-11,personal_growth,267,1,1,4,0,2,1,7.02,3,1,75,0,1,0.9028,1,1,1,0,0,0,1,1,0,1,0,0,0,0
SYN-00645,synthetic_demo,2026-03-05,2025-09-05,career,181,7,0,3,0,2,0,7.03,2,0,180,1,2,0.466,1,1,1,1,1,0,2,1,0,0,0,0,0,0
SYN-00876,synthetic_demo,2026-03-05,2025-05-11,relationship,298,6,1,4,0,1,1,7.26,3,0,180,0,0,0.6692,1,1,1,0,0,0,0,0,0,1,1,1,0,0
SYN-01328,synthetic_demo,2026-03-05,2025-12-29,personal_growth,66,11,0,2,0,1,0,6.42,2,0,180,0,0,0.4565,1,1,1,0,0,0,0,0,0,1,0,0,1,0
SYN-01410,synthetic_demo,2026-03-05,2025-03-27,family,343,6,1,3,1,1,1,5.03,2,0,180,0,0,0.886,1,1,1,0,0,0,0,0,0,1,1,0,0,0
SYN-01627,synthetic_demo,2026-03-05,2025-01-12,finance,417,7,0,1,0,0,0,1.21,1,1,1,0,0,0.6213,1,1,0,0,0,0,0,0,0,0,0,0,1,0
SYN-01649,synthetic_demo,2026-03-05,2025-11-18,relationship,107,30,0,0,0,0,0,1.0,0,0,180,0,0,0.7711,1,1,0,0,0,0,0,0,0,0,0,0,1,0
SYN-01708,synthetic_demo,2026-03-05,2025-06-12,finance,266,13,0,2,0,2,0,11.97,2,1,25,0,0,0.9639,1,1,1,0,0,0,0,0,0,0,0,0,1,0
SYN-01958,synthetic_demo,2026-03-05,2025-06-14,personal_growth,264,7,0,3,0,1,0,5.99,4,1,43,0,0,0.7809,1,1,1,0,0,0,0,0,0,1,0,0,0,0
SYN-02371,synthetic_demo,2026-03-05,2025-07-02,family,246,2,1,8,1,6,1,8.31,3,0,180,1,0,0.4494,1,1,1,1,1,0,0,0,0,1,1,0,1,0
SYN-02396,synthetic_demo,2026-03-05,2025-05-17,finance,292,2,1,2,0,2,1,7.54,2,0,180,0,0,0.8107,1,1,1,0,0,0,0,0,0,1,0,0,1,0
SYN-00127,synthetic_demo,2026-03-06,2025-11-21,career,105,7,0,1,0,0,0,2.08,3,0,180,0,0,0.5035,1,1,0,0,0,0,0,0,0,1,1,0,0,0
SYN-00181,synthetic_demo,2026-03-06,2026-01-02,relationship,63,6,2,7,0,3,2,4.42,3,0,180,0,1,0.282,1,1,1,0,0,0,1,1,0,1,0,0,0,0
SYN-00772,synthetic_demo,2026-03-06,2025-12-13,relationship,83,23,0,3,0,1,0,3.02,4,1,45,0,0,0.6896,1,1,1,0,0,0,0,0,0,0,0,0,1,1
SYN-01008,synthetic_demo,2026-03-06,2026-01-13,career,52,28,0,2,0,2,0,4.29,2,0,180,0,0,0.6665,1,1,1,0,0,0,0,0,0,0,0,0,1,0
SYN-01285,synthetic_demo,2026-03-06,2025-05-11,personal_growth,299,7,0,2,0,1,0,4.49,2,0,180,1,0,0.7143,1,1,1,1,0,0,0,0,0,1,0,0,0,0
SYN-01783,synthetic_demo,2026-03-06,2025-11-03,relationship,123,7,0,4,0,1,0,4.93,2,1,45,0,0,0.8638,1,1,1,0,0,0,0,0,0,0,0,0,1,0
SYN-01906,synthetic_demo,2026-03-06,2025-10-19,relationship,138,7,0,2,0,0,0,8.97,4,0,180,0,0,0.7695,1,0,0,0,0,0,0,0,0,0,0,0,0,1
SYN-01982,synthetic_demo,2026-03-06,2025-03-20,education,351,7,0,6,0,4,0,6.73,2,0,180,0,1,0.8818,1,1,1,0,0,0,1,0,0,1,1,1,0,0
SYN-02024,synthetic_demo,2026-03-06,2025-11-21,relationship,105,7,0,2,0,2,0,5.68,1,1,16,0,0,0.5994,1,1,1,0,0,0,0,0,0,0,0,0,0,1
SYN-02109,synthetic_demo,2026-03-06,2024-12-14,personal_growth,447,7,0,2,0,0,0,6.44,3,0,180,0,0,0.7094,1,1,0,0,0,0,0,0,0,1,0,0,1,0
SYN-02280,synthetic_demo,2026-03-06,2025-09-14,relationship,173,6,2,6,0,3,2,5.82,4,0,180,0,0,0.7216,1,1,1,0,0,0,0,0,0,0,0,0,0,0
SYN-02322,synthetic_demo,2026-03-06,2026-01-26,finance,39,0,1,3,0,1,1,4.95,1,0,180,0,0,0.5442,1,1,1,0,0,0,0,0,0,0,0,0,0,0
SYN-00452,synthetic_demo,2026-03-07,2024-10-01,education,522,7,0,2,0,0,0,10.08,1,0,180,0,0,0.2314,1,1,0,0,0,0,0,0,0,1,0,0,1,0
SYN-00459,synthetic_demo,2026-03-07,2026-01-30,career,36,3,2,3,1,2,1,1.0,1,0,180,1,0,0.6832,1,1,1,1,1,0,0,0,0,0,0,0,1,0
SYN-00577,synthetic_demo,2026-03-07,2024-11-04,finance,488,6,1,3,0,1,1,8.0,4,1,22,0,1,0.7664,1,1,1,0,0,0,1,1,1,0,0,0,0,0
SYN-00662,synthetic_demo,2026-03-07,2025-07-11,education,239,7,0,1,0,1,0,2.45,3,0,180,0,0,0.5216,1,1,1,0,0,0,0,0,0,0,0,0,0,0
SYN-00737,synthetic_demo,2026-03-07,2025-10-04,career,154,7,0,3,0,3,0,3.41,2,0,180,0,0,0.8333,1,1,1,0,0,0,0,0,0,1,1,1,0,0
SYN-00791,synthetic_demo,2026-03-07,2026-01-13,finance,53,0,1,4,0,1,1,6.07,3,0,180,0,0,0.8147,1,1,1,0,0,0,0,0,0,1,0,0,0,0
SYN-01009,synthetic_demo,2026-03-07,2025-08-13,finance,206,29,0,2,0,2,0,9.84,3,2,55,1,0,0.9209,1,1,1,1,0,1,0,0,0,1,0,0,1,1
SYN-01483,synthetic_demo,2026-03-07,2025-08-19,education,200,7,0,4,0,1,0,7.31,4,2,87,1,0,0.7947,1,1,1,1,1,1,0,0,0,0,0,0,1,1
SYN-01497,synthetic_demo,2026-03-07,2025-08-24,personal_growth,195,6,1,6,0,2,1,5.3,2,1,71,0,1,0.8489,1,1,1,0,0,0,1,1,0,1,0,0,0,0
SYN-01597,synthetic_demo,2026-03-07,2025-03-26,finance,346,7,0,2,0,2,0,6.39,1,0,180,0,0,0.9139,1,1,1,0,0,0,0,0,0,1,1,0,1,0
SYN-01862,synthetic_demo,2026-03-07,2024-10-03,personal_growth,520,28,0,2,0,0,0,6.77,3,0,180,0,0,0.7776,1,1,0,0,0,0,0,0,0,0,0,0,1,0
SYN-02053,synthetic_demo,2026-03-07,2024-10-15,relationship,508,30,0,0,0,0,0,5.19,0,0,180,0,0,0.5929,1,0,0,0,0,0,0,0,0,1,0,0,1,0
SYN-00084,synthetic_demo,2026-03-08,2024-12-18,career,445,16,0,1,0,0,0,4.98,2,0,180,0,1,0.9105,1,1,0,0,0,0,1,1,0,0,0,0,1,0
SYN-00140,synthetic_demo,2026-03-08,2025-08-30,finance,190,1,1,1,0,1,1,3.03,2,0,180,0,0,0.8087,1,1,1,0,0,0,0,0,0,1,1,0,0,0
SYN-00250,synthetic_demo,2026-03-08,2024-10-20,education,504,5,1,3,0,1,1,11.73,1,0,180,0,0,0.8464,1,1,1,0,0,0,0,0,0,0,0,0,1,0
SYN-00495,synthetic_demo,2026-03-08,2025-02-04,personal_growth,397,7,0,1,0,0,0,1.55,1,0,180,0,0,0.9709,1,1,0,0,0,0,0,0,0,0,0,0,1,0
SYN-00654,synthetic_demo,2026-03-08,2025-08-30,family,190,6,1,1,0,0,0,3.57,1,0,180,0,1,0.6669,1,1,0,0,0,0,1,1,1,1,1,0,0,0
SYN-00665,synthetic_demo,2026-03-08,2026-01-16,relationship,51,29,0,1,0,1,0,5.6,3,0,180,1,1,0.552,1,1,1,1,1,0,1,1,1,1,1,0,0,0
SYN-00719,synthetic_demo,2026-03-08,2025-03-13,finance,360,11,0,2,0,0,0,2.53,1,0,180,0,0,0.4327,1,1,0,0,0,0,0,0,0,1,0,0,1,1
SYN-00725,synthetic_demo,2026-03-08,2024-12-25,relationship,438,30,0,0,0,0,0,2.76,0,0,180,0,0,0.7759,1,1,0,0,0,0,0,0,0,0,0,0,1,0
SYN-00871,synthetic_demo,2026-03-08,2025-09-08,finance,181,6,3,9,2,6,3,6.53,3,0,180,0,0,0.9438,1,1,1,0,0,0,0,0,0,0,0,0,0,1
SYN-01023,synthetic_demo,2026-03-08,2025-12-06,career,92,7,0,1,0,0,0,2.08,2,0,180,0,0,0.6241,1,1,0,0,0,0,0,0,0,1,0,0,0,0
SYN-01622,synthetic_demo,2026-03-08,2025-09-25,family,164,7,0,1,0,1,0,6.0,2,0,180,0,0,0.714,1,1,1,0,0,0,0,0,0,0,0,0,1,0
SYN-01693,synthetic_demo,2026-03-08,2025-07-12,family,239,7,0,3,0,1,0,2.93,3,0,180,0,0,0.5355,1,1,1,0,0,0,0,0,0,0,0,0,1,0
SYN-01725,synthetic_demo,2026-03-08,2026-01-06,relationship,61,7,0,2,0,0,0,1.0,3,0,180,0,0,0.7038,1,1,0,0,0,0,0,0,0,1,0,0,0,0
SYN-01956,synthetic_demo,2026-03-08,2024-10-29,relationship,495,7,0,2,0,0,0,1.0,1,0,180,0,0,0.6139,1,1,0,0,0,0,0,0,0,0,0,0,0,0
SYN-02192,synthetic_demo,2026-03-08,2025-07-31,career,220,6,3,7,2,4,3,9.3,5,1,5,0,0,0.8742,1,1,1,0,0,0,0,0,0,1,0,0,0,1
SYN-00080,synthetic_demo,2026-03-09,2025-04-15,finance,328,16,0,2,0,1,0,1.52,1,0,180,0,0,0.889,1,1,1,0,0,0,0,0,0,0,0,0,1,0
SYN-00248,synthetic_demo,2026-03-09,2025-02-02,personal_growth,400,30,0,0,0,0,0,3.6,0,0,180,0,0,0.6944,1,1,0,0,0,0,0,0,0,1,0,0,1,0
SYN-00304,synthetic_demo,2026-03-09,2025-09-29,finance,161,6,4,8,1,4,1,7.43,3,0,180,1,2,0.6789,1,1,1,1,0,0,2,1,0,1,0,0,0,0
SYN-00612,synthetic_demo,2026-03-09,2026-01-05,career,63,29,0,5,0,3,0,9.14,2,0,180,0,1,0.4955,1,1,1,0,0,0,1,1,1,0,0,0,1,0
SYN-00743,synthetic_demo,2026-03-09,2026-02-02,finance,35,7,0,1,0,1,0,3.79,2,0,180,0,0,0.6995,1,1,1,0,0,0,0,0,0,1,1,1,0,0
SYN-00814,synthetic_demo,2026-03-09,2025-07-13,education,239,0,3,11,0,8,3,7.53,4,1,4,0,1,0.8763,1,1,1,0,0,0,1,0,0,1,1,0,0,1
SYN-01185,synthetic_demo,2026-03-09,2025-05-27,finance,286,6,1,2,1,1,1,6.41,3,0,180,1,0,0.8659,1,1,1,1,1,0,0,0,0,1,0,0,1,0
SYN-01797,synthetic_demo,2026-03-09,2025-07-15,finance,237,6,1,3,0,1,1,2.58,2,1,73,0,1,0.8254,1,1,1,0,0,0,1,1,1,0,0,0,1,0
SYN-02110,synthetic_demo,2026-03-09,2025-12-03,relationship,96,7,0,1,0,1,0,5.15,2,0,180,0,1,0.6785,1,1,1,0,0,0,1,1,0,1,1,1,0,0
SYN-02207,synthetic_demo,2026-03-09,2025-07-26,family,226,7,0,2,0,1,0,4.39,4,0,180,0,0,0.6852,1,1,1,0,0,0,0,0,0,0,0,0,1,0
SYN-00220,synthetic_demo,2026-03-10,2025-09-02,finance,189,0,1,2,0,0,1,4.87,2,0,180,0,0,0.9432,1,1,0,0,0,0,0,0,0,1,1,0,0,0
SYN-00380,synthetic_demo,2026-03-10,2025-03-24,relationship,351,7,0,3,0,3,0,5.01,2,0,180,0,1,0.9753,1,1,1,0,0,0,1,1,0,1,0,0,1,0
SYN-00950,synthetic_demo,2026-03-10,2024-12-31,career,434,7,0,5,0,4,0,6.84,3,1,79,0,0,0.6601,1,1,1,0,0,0,0,0,0,1,1,0,1,1
SYN-01035,synthetic_demo,2026-03-10,2026-01-15,education,54,1,1,2,1,2,0,2.3,3,0,180,0,0,0.7207,1,1,1,0,0,0,0,0,0,0,0,0,0,0
SYN-01079,synthetic_demo,2026-03-10,2025-01-08,career,426,24,0,3,0,3,0,3.92,2,1,22,0,1,0.959,1,1,1,0,0,0,1,1,0,0,0,0,1,0
SYN-01247,synthetic_demo,2026-03-10,2025-11-19,personal_growth,111,1,1,8,0,4,1,3.98,2,2,62,0,0,0.5131,1,1,1,0,0,1,0,0,0,0,0,0,0,0
SYN-01339,synthetic_demo,2026-03-10,2025-09-25,finance,166,6,1,5,0,4,0,9.7,3,0,180,0,0,0.6409,1,1,1,0,0,0,0,0,0,0,0,0,0,0
SYN-01660,synthetic_demo,2026-03-10,2025-09-09,finance,182,8,0,2,0,2,0,3.81,0,0,180,0,0,0.7258,1,1,1,0,0,0,0,0,0,1,1,0,0,0
SYN-01885,synthetic_demo,2026-03-10,2025-04-20,relationship,324,7,0,6,0,1,0,3.37,1,0,180,0,0,0.852,1,1,1,0,0,0,0,0,0,0,0,0,0,1
SYN-02298,synthetic_demo,2026-03-10,2025-08-11,relationship,211,6,1,6,0,2,1,5.55,2,0,180,0,1,0.7164,1,1,1,0,0,0,1,1,0,1,0,0,0,0
SYN-00057,synthetic_demo,2026-03-11,2025-08-06,finance,217,7,0,3,0,1,0,5.29,3,0,180,0,0,0.9756,1,1,1,0,0,0,0,0,0,1,1,0,0,0
SYN-00124,synthetic_demo,2026-03-11,2025-02-25,relationship,379,30,0,0,0,0,0,5.13,0,0,180,0,0,0.5941,1,1,0,0,0,0,0,0,0,0,0,0,1,0
SYN-00421,synthetic_demo,2026-03-11,2025-11-12,career,119,6,3,8,3,5,1,7.36,3,2,18,0,0,0.4215,1,1,1,0,0,1,0,0,0,1,1,0,1,1
SYN-00581,synthetic_demo,2026-03-11,2025-07-04,relationship,250,13,0,4,0,3,0,4.68,1,0,180,0,1,0.8169,1,1,1,0,0,0,1,1,0,0,0,0,1,0
SYN-00585,synthetic_demo,2026-03-11,2025-06-02,family,282,7,0,1,0,0,0,4.49,0,0,180,0,0,0.5184,1,1,0,0,0,0,0,0,0,1,1,1,0,0
SYN-00907,synthetic_demo,2026-03-11,2025-05-10,family,305,6,1,8,1,3,1,6.17,3,0,180,1,0,0.6518,1,1,1,1,0,0,0,0,0,0,0,0,1,0
SYN-00909,synthetic_demo,2026-03-11,2025-05-20,career,295,3,1,3,0,0,1,5.24,2,0,180,0,0,0.7464,1,1,0,0,0,0,0,0,0,1,0,0,0,1
SYN-01019,synthetic_demo,2026-03-11,2025-08-18,family,205,26,0,3,0,2,0,3.46,2,0,180,2,0,0.5603,1,1,1,1,1,0,0,0,0,1,0,0,1,0
SYN-01942,synthetic_demo,2026-03-11,2025-12-25,finance,76,7,0,2,0,2,0,5.6,4,0,180,1,0,0.3635,1,1,1,1,0,0,0,0,0,1,1,1,0,0
SYN-02091,synthetic_demo,2026-03-11,2025-07-13,career,241,29,0,1,0,1,0,7.37,2,0,180,0,1,0.5824,1,1,1,0,0,0,1,0,0,0,0,0,1,0
SYN-02334,synthetic_demo,2026-03-11,2025-11-19,career,112,7,0,6,0,4,0,6.09,2,1,14,0,0,0.7597,1,1,1,0,0,0,0,0,0,1,1,1,0,0
SYN-00211,synthetic_demo,2026-03-12,2024-10-31,relationship,497,2,1,2,1,1,1,1.0,1,0,180,0,0,0.4693,1,1,1,0,0,0,0,0,0,1,0,0,0,0
SYN-00231,synthetic_demo,2026-03-12,2024-11-09,relationship,488,29,0,1,0,0,0,4.95,2,0,180,0,1,0.6462,1,1,0,0,0,0,1,0,0,0,0,0,1,1
SYN-00505,synthetic_demo,2026-03-12,2024-12-11,relationship,456,3,1,3,0,0,1,1.0,0,0,180,0,0,0.7535,1,1,0,0,0,0,0,0,0,1,0,0,0,0
SYN-00558,synthetic_demo,2026-03-12,2024-12-19,education,448,6,1,3,1,1,1,7.45,3,1,21,0,0,0.4886,1,1,1,0,0,0,0,0,0,0,0,0,0,1
SYN-00854,synthetic_demo,2026-03-12,2025-12-23,career,79,6,1,2,1,1,1,3.93,3,0,180,0,0,0.6248,1,1,1,0,0,0,0,0,0,0,0,0,0,0
SYN-00910,synthetic_demo,2026-03-12,2025-11-08,personal_growth,124,6,4,8,0,5,4,8.46,4,0,180,0,0,0.7817,1,1,1,0,0,0,0,0,0,1,1,1,1,0
SYN-00999,synthetic_demo,2026-03-12,2025-04-03,family,343,12,0,4,0,3,0,3.14,0,1,4,1,0,0.7226,1,1,1,1,1,0,0,0,0,0,0,0,0,0
SYN-01083,synthetic_demo,2026-03-12,2025-08-12,finance,212,23,0,2,0,1,0,5.81,2,0,180,0,0,0.7845,1,1,1,0,0,0,0,0,0,0,0,0,1,0
SYN-01663,synthetic_demo,2026-03-12,2024-11-09,relationship,488,3,1,6,1,4,1,10.51,4,1,55,0,1,0.5277,1,1,1,0,0,0,1,1,0,0,0,0,0,1
SYN-00036,synthetic_demo,2026-03-13,2025-09-18,career,176,6,1,1,0,1,0,3.79,2,0,180,0,0,0.8681,1,1,1,0,0,0,0,0,0,1,1,0,1,0
SYN-00224,synthetic_demo,2026-03-13,2024-09-22,career,537,6,1,3,1,2,1,4.51,3,0,180,0,0,0.8319,1,1,1,0,0,0,0,0,0,0,0,0,0,0
SYN-00259,synthetic_demo,2026-03-13,2025-12-30,finance,73,7,0,2,0,0,0,6.26,1,0,180,0,0,0.3295,1,1,0,0,0,0,0,0,0,1,0,0,0,0
SYN-00344,synthetic_demo,2026-03-13,2025-01-22,finance,415,0,6,12,5,6,6,10.22,1,1,36,0,1,0.8373,1,1,1,0,0,0,1,1,1,0,0,0,0,1
SYN-00604,synthetic_demo,2026-03-13,2025-04-18,career,329,13,0,5,0,3,0,9.58,3,0,180,1,1,0.6526,1,1,1,1,1,0,1,1,0,1,0,0,1,0
SYN-00819,synthetic_demo,2026-03-13,2025-07-26,career,230,6,1,3,0,1,1,8.7,2,0,180,0,0,0.2124,1,1,1,0,0,0,0,0,0,1,0,0,1,0
SYN-00933,synthetic_demo,2026-03-13,2025-04-07,career,340,29,0,2,0,1,0,3.27,2,0,180,1,1,0.4967,1,1,1,1,1,0,1,1,0,0,0,0,1,0
SYN-01705,synthetic_demo,2026-03-13,2026-01-18,relationship,54,2,3,5,1,1,3,7.74,5,1,78,0,0,0.8481,1,1,1,0,0,0,0,0,0,0,0,0,0,0
SYN-02174,synthetic_demo,2026-03-13,2025-03-04,family,374,11,0,1,0,1,0,1.39,1,0,180,0,0,0.2408,1,1,1,0,0,0,0,0,0,0,0,0,1,0
SYN-02206,synthetic_demo,2026-03-13,2025-04-13,career,334,24,0,2,0,1,0,3.54,3,0,180,0,0,0.4954,1,1,1,0,0,0,0,0,0,0,0,0,1,0
SYN-00278,synthetic_demo,2026-03-14,2026-02-05,relationship,37,4,1,5,1,1,1,8.41,1,0,180,0,0,0.7031,1,1,1,0,0,0,0,0,0,0,0,0,1,0
SYN-00715,synthetic_demo,2026-03-14,2025-11-15,career,119,7,0,9,0,6,0,5.66,3,0,180,0,0,0.5089,1,1,1,0,0,0,0,0,0,0,0,0,1,1
SYN-00717,synthetic_demo,2026-03-14,2026-01-27,education,46,19,0,2,0,0,0,5.5,3,1,48,0,0,0.5507,1,1,0,0,0,0,0,0,0,0,0,0,0,1
SYN-01280,synthetic_demo,2026-03-14,2025-08-18,family,208,4,1,4,1,1,0,5.21,1,0,180,1,0,0.8977,1,1,1,1,1,0,0,0,0,0,0,0,0,0
SYN-01718,synthetic_demo,2026-03-14,2025-05-20,career,298,6,1,5,0,3,1,4.64,1,0,180,0,0,0.5862,1,1,1,0,0,0,0,0,0,1,0,0,0,0
SYN-01856,synthetic_demo,2026-03-14,2025-02-08,education,399,7,0,1,0,1,0,8.42,1,1,19,0,1,0.8769,1,1,1,0,0,0,1,1,1,0,0,0,0,1
SYN-02079,synthetic_demo,2026-03-14,2025-04-14,education,334,6,1,9,0,3,1,4.57,3,2,51,0,0,0.5487,1,1,1,0,0,1,0,0,0,1,0,0,0,0
SYN-02232,synthetic_demo,2026-03-14,2024-09-22,relationship,538,29,0,1,0,0,0,5.83,1,1,40,0,0,0.5132,1,1,0,0,0,0,0,0,0,1,0,0,1,0
SYN-00070,synthetic_demo,2026-03-15,2025-07-29,finance,229,7,0,5,0,2,0,9.12,2,0,180,0,0,0.5467,1,1,1,0,0,0,0,0,0,1,1,1,0,0
SYN-00901,synthetic_demo,2026-03-15,2025-09-03,career,193,6,2,4,2,2,0,3.53,1,0,180,0,0,0.9069,1,1,1,0,0,0,0,0,0,0,0,0,1,0
SYN-01096,synthetic_demo,2026-03-15,2025-03-14,personal_growth,366,1,1,2,0,0,1,3.52,2,0,180,0,0,0.7938,1,0,0,0,0,0,0,0,0,0,0,0,0,0
SYN-01237,synthetic_demo,2026-03-15,2026-01-09,career,65,30,0,0,0,0,0,1.47,0,0,180,0,0,0.7174,1,1,0,0,0,0,0,0,0,1,0,0,1,0
SYN-01585,synthetic_demo,2026-03-15,2025-12-29,career,76,6,3,8,0,5,1,6.13,2,0,180,2,1,0.5048,1,1,1,1,0,0,1,1,0,0,0,0,0,1
SYN-01654,synthetic_demo,2026-03-15,2026-01-26,family,48,16,0,2,0,1,0,6.65,3,0,180,1,0,0.8301,1,1,1,1,1,0,0,0,0,0,0,0,1,0
SYN-01819,synthetic_demo,2026-03-15,2025-12-11,education,94,21,0,2,0,0,0,7.17,2,1,60,0,0,0.5958,1,1,0,0,0,0,0,0,0,1,1,1,0,0
SYN-02329,synthetic_demo,2026-03-15,2025-07-05,finance,253,7,0,3,0,2,0,4.92,3,1,88,0,0,0.7291,1,1,1,0,0,0,0,0,0,1,1,0,0,0
SYN-00133,synthetic_demo,2026-03-16,2024-10-19,personal_growth,513,6,1,3,1,2,0,6.52,2,0,180,1,0,0.5171,1,1,1,1,1,0,0,0,0,0,0,0,0,0
SYN-00288,synthetic_demo,2026-03-16,2025-07-01,finance,258,1,2,7,0,6,2,6.26,4,0,180,2,2,0.7988,1,1,1,1,0,0,2,1,1,1,1,0,0,0
SYN-00584,synthetic_demo,2026-03-16,2025-06-10,career,279,7,0,4,0,2,0,2.22,3,0,180,0,0,0.6569,1,1,1,0,0,0,0,0,0,0,0,0,1,0
SYN-00996,synthetic_demo,2026-03-16,2025-05-18,relationship,302,21,0,3,0,0,0,6.71,2,0,180,0,0,0.4416,1,1,0,0,0,0,0,0,0,1,0,0,1,0
SYN-01050,synthetic_demo,2026-03-16,2026-01-21,finance,54,5,1,5,1,3,1,7.98,3,0,180,1,0,0.6223,1,1,1,1,1,0,0,0,0,1,1,1,1,0
SYN-01115,synthetic_demo,2026-03-16,2025-07-16,education,243,17,0,4,0,2,0,2.92,1,1,69,0,0,0.7914,1,1,1,0,0,0,0,0,0,0,0,0,1,0
SYN-01227,synthetic_demo,2026-03-16,2025-07-25,personal_growth,234,7,0,4,0,2,0,5.6,2,0,180,0,1,0.679,1,1,1,0,0,0,1,1,0,0,0,0,0,0
SYN-01260,synthetic_demo,2026-03-16,2026-01-26,education,49,6,1,3,1,2,1,2.85,2,0,180,2,0,0.6269,1,1,1,1,0,0,0,0,0,0,0,0,0,0
SYN-01880,synthetic_demo,2026-03-16,2025-12-08,finance,98,15,0,5,0,4,0,6.5,2,1,5,0,1,0.857,1,1,1,0,0,0,1,0,0,0,0,0,1,0
SYN-01894,synthetic_demo,2026-03-16,2025-12-20,relationship,86,6,1,7,0,3,1,10.08,4,1,22,0,2,0.9232,1,1,1,0,0,0,2,2,1,1,0,0,0,0
SYN-01952,synthetic_demo,2026-03-16,2025-07-03,family,256,3,2,4,1,3,2,5.32,3,0,180,0,1,0.5196,1,1,1,0,0,0,1,1,1,1,1,1,0,0
SYN-01987,synthetic_demo,2026-03-16,2024-10-15,education,517,9,0,3,0,3,0,3.44,2,0,180,0,0,0.6186,1,1,1,0,0,0,0,0,0,1,1,0,1,0
SYN-02104,synthetic_demo,2026-03-16,2025-09-04,finance,193,7,0,4,0,3,0,8.97,5,1,32,0,1,0.7887,1,1,1,0,0,0,1,1,0,0,0,0,1,0
SYN-02112,synthetic_demo,2026-03-16,2025-07-15,finance,244,1,2,4,1,2,0,6.45,0,0,180,0,0,0.7141,1,1,1,0,0,0,0,0,0,0,0,0,0,0
SYN-00010,synthetic_demo,2026-03-17,2025-10-25,education,143,7,0,3,0,1,0,9.42,4,1,4,0,0,0.7493,1,1,1,0,0,0,0,0,0,0,0,0,1,0
SYN-00136,synthetic_demo,2026-03-17,2025-07-24,relationship,236,6,2,5,1,3,1,4.69,2,1,8,0,0,0.966,1,1,1,0,0,0,0,0,0,0,0,0,0,1
SYN-00246,synthetic_demo,2026-03-17,2025-11-14,finance,123,7,0,5,0,1,0,1.0,4,0,180,0,1,0.9041,1,1,1,0,0,0,1,1,0,1,0,0,0,1
SYN-00400,synthetic_demo,2026-03-17,2024-12-30,finance,442,8,0,2,0,1,0,2.15,3,0,180,0,0,0.7464,1,1,1,0,0,0,0,0,0,1,1,0,1,0
SYN-00491,synthetic_demo,2026-03-17,2025-05-12,career,309,1,2,7,1,4,2,5.04,2,0,180,1,0,0.631,1,1,1,1,1,0,0,0,0,1,1,1,0,1
SYN-00514,synthetic_demo,2026-03-17,2025-08-12,personal_growth,217,7,0,1,0,1,0,7.52,3,1,31,1,0,0.5085,1,1,1,1,0,0,0,0,0,0,0,0,0,1
SYN-00839,synthetic_demo,2026-03-17,2025-05-01,relationship,320,9,0,3,0,0,0,3.97,1,0,180,0,0,0.8489,1,0,0,0,0,0,0,0,0,0,0,0,1,0
SYN-00997,synthetic_demo,2026-03-17,2024-11-27,relationship,475,1,2,3,0,2,0,4.98,3,0,180,0,0,0.485,1,1,1,0,0,0,0,0,0,0,0,0,0,0
SYN-01013,synthetic_demo,2026-03-17,2026-01-02,finance,74,29,0,2,0,1,0,3.25,2,0,180,0,0,0.5517,1,1,1,0,0,0,0,0,0,0,0,0,1,0
SYN-01124,synthetic_demo,2026-03-17,2024-11-11,finance,491,29,0,4,0,1,0,7.48,2,0,180,1,0,0.8519,1,1,1,1,1,0,0,0,0,1,1,1,1,0
SYN-01361,synthetic_demo,2026-03-17,2025-04-15,education,336,7,0,4,0,1,0,3.26,2,1,36,0,1,0.6039,1,1,1,0,0,0,1,0,0,0,0,0,1,0
SYN-01447,synthetic_demo,2026-03-17,2025-02-27,finance,383,7,0,1,0,1,0,4.81,3,0,180,0,0,0.7011,1,1,1,0,0,0,0,0,0,0,0,0,1,1
SYN-01591,synthetic_demo,2026-03-17,2025-12-20,finance,87,0,2,2,1,1,2,8.13,2,0,180,0,0,0.7533,1,1,1,0,0,0,0,0,0,0,0,0,0,1
SYN-01818,synthetic_demo,2026-03-17,2024-11-09,career,493,7,0,2,0,0,0,5.12,1,0,180,0,0,0.4561,1,1,0,0,0,0,0,0,0,1,1,0,0,0
SYN-02134,synthetic_demo,2026-03-17,2024-11-14,career,488,7,0,2,0,0,0,4.53,3,0,180,0,0,0.7902,1,1,0,0,0,0,0,0,0,0,0,0,0,0
SYN-02150,synthetic_demo,2026-03-17,2024-09-30,education,533,12,0,2,0,0,0,3.0,3,0,180,0,0,0.6788,1,1,0,0,0,0,0,0,0,0,0,0,0,0
SYN-02211,synthetic_demo,2026-03-17,2025-10-04,education,164,0,4,8,4,6,3,7.58,1,0,180,1,0,0.8753,1,1,1,1,1,0,0,0,0,1,0,0,0,0
SYN-02383,synthetic_demo,2026-03-17,2025-12-27,finance,80,2,1,5,1,2,1,8.71,2,0,180,0,1,0.6866,1,1,1,0,0,0,1,0,0,0,0,0,0,0
SYN-00105,synthetic_demo,2026-03-18,2025-10-14,career,155,7,0,1,0,1,0,1.83,2,0,180,0,0,0.7916,1,1,1,0,0,0,0,0,0,1,0,0,0,0
SYN-00169,synthetic_demo,2026-03-18,2025-04-09,relationship,343,6,1,5,1,2,0,5.86,2,0,180,0,0,0.4497,1,1,1,0,0,0,0,0,0,0,0,0,0,0
SYN-00217,synthetic_demo,2026-03-18,2025-03-11,personal_growth,372,19,0,3,0,1,0,5.85,4,0,180,0,0,0.7889,1,1,1,0,0,0,0,0,0,1,0,0,1,0
SYN-00303,synthetic_demo,2026-03-18,2026-02-09,finance,37,26,0,3,0,0,0,3.14,0,1,49,0,0,0.73,1,1,0,0,0,0,0,0,0,1,0,0,1,0
SYN-00433,synthetic_demo,2026-03-18,2026-02-08,family,38,3,1,2,0,0,1,5.37,3,0,180,0,1,0.2554,1,1,0,0,0,0,1,1,0,1,0,0,0,0
SYN-00756,synthetic_demo,2026-03-18,2026-02-01,relationship,45,6,3,7,1,2,0,8.68,1,1,53,0,0,0.5918,1,1,1,0,0,0,0,0,0,0,0,0,0,0
SYN-01465,synthetic_demo,2026-03-18,2024-12-18,relationship,455,30,0,0,0,0,0,2.54,0,0,180,0,0,0.6304,1,1,0,0,0,0,0,0,0,0,0,0,1,0
SYN-01519,synthetic_demo,2026-03-18,2026-02-09,career,37,7,0,2,0,0,0,5.01,1,0,180,0,0,0.6511,1,0,0,0,0,0,0,0,0,0,0,0,1,0
SYN-01579,synthetic_demo,2026-03-18,2025-11-01,relationship,137,7,0,1,0,0,0,2.4,2,1,48,0,0,0.4996,1,1,0,0,0,0,0,0,0,1,1,1,1,0
SYN-02214,synthetic_demo,2026-03-18,2025-03-25,career,358,6,1,2,0,0,1,6.06,2,0,180,0,0,0.7663,1,0,0,0,0,0,0,0,0,0,0,0,1,0
SYN-02307,synthetic_demo,2026-03-18,2026-02-07,finance,39,7,0,4,0,0,0,2.26,0,0,180,0,0,0.8349,1,1,0,0,0,0,0,0,0,0,0,0,0,0
SYN-00005,synthetic_demo,2026-03-19,2025-04-05,personal_growth,348,6,1,6,0,2,1,5.5,1,0,180,0,0,0.8355,1,1,1,0,0,0,0,0,0,0,0,0,1,0
SYN-00052,synthetic_demo,2026-03-19,2025-05-08,personal_growth,315,7,0,2,0,0,0,8.63,1,0,180,0,0,0.7597,1,0,0,0,0,0,0,0,0,1,0,0,0,0
SYN-00296,synthetic_demo,2026-03-19,2025-12-05,personal_growth,104,14,0,1,0,0,0,5.48,2,0,180,0,0,0.5588,1,1,0,0,0,0,0,0,0,1,0,0,0,0
SYN-00330,synthetic_demo,2026-03-19,2025-04-04,career,349,1,3,7,1,3,2,6.61,2,0,180,0,0,0.9678,1,1,1,0,0,0,0,0,0,0,0,0,1,0
SYN-00341,synthetic_demo,2026-03-19,2024-11-29,career,475,5,2,2,1,2,0,7.42,3,0,180,0,0,0.6031,1,1,1,0,0,0,0,0,0,1,0,0,0,0
SYN-00478,synthetic_demo,2026-03-19,2025-07-20,career,242,0,3,5,2,4,1,6.15,5,1,44,1,1,0.4932,1,1,1,1,1,0,1,1,1,0,0,0,0,1
SYN-00621,synthetic_demo,2026-03-19,2025-03-24,personal_growth,360,7,0,4,0,1,0,2.97,1,0,180,0,0,0.7937,1,1,1,0,0,0,0,0,0,0,0,0,1,0
SYN-00641,synthetic_demo,2026-03-19,2025-07-12,relationship,250,6,1,2,0,2,1,6.32,3,0,180,0,0,0.7598,1,1,1,0,0,0,0,0,0,1,0,0,0,0
SYN-00811,synthetic_demo,2026-03-19,2024-12-26,education,448,1,1,2,1,1,0,4.0,3,1,62,0,0,0.7105,1,1,1,0,0,0,0,0,0,0,0,0,1,0
SYN-01354,synthetic_demo,2026-03-19,2025-10-11,personal_growth,159,6,2,4,1,2,0,10.03,2,0,180,1,1,0.7038,1,1,1,1,1,0,1,1,1,1,0,0,0,0
SYN-01776,synthetic_demo,2026-03-19,2025-02-06,career,406,7,0,4,0,3,0,9.43,1,0,180,0,0,0.8396,1,1,1,0,0,0,0,0,0,1,0,0,0,0
SYN-01842,synthetic_demo,2026-03-19,2025-09-23,relationship,177,6,2,4,1,2,2,3.09,2,0,180,0,0,0.5761,1,1,1,0,0,0,0,0,0,1,1,0,1,0
SYN-01999,synthetic_demo,2026-03-19,2025-07-02,finance,260,7,0,1,0,1,0,3.52,1,0,180,0,0,0.7641,1,1,1,0,0,0,0,0,0,0,0,0,0,0
SYN-02345,synthetic_demo,2026-03-19,2025-12-30,personal_growth,79,7,0,1,0,0,0,6.59,1,0,180,0,0,0.8292,1,1,0,0,0,0,0,0,0,0,0,0,1,0
SYN-00008,synthetic_demo,2026-03-20,2025-03-17,education,368,6,2,4,1,4,2,4.75,4,0,180,0,1,0.7007,1,1,1,0,0,0,1,1,0,0,0,0,0,1
SYN-00104,synthetic_demo,2026-03-20,2025-11-15,career,125,19,0,2,0,1,0,8.15,3,1,74,0,0,0.7361,1,1,1,0,0,0,0,0,0,0,0,0,1,0
SYN-00289,synthetic_demo,2026-03-20,2025-11-01,finance,139,29,0,1,0,0,0,2.52,0,0,180,0,1,0.5292,1,1,0,0,0,0,1,0,0,0,0,0,1,0
SYN-00472,synthetic_demo,2026-03-20,2025-12-20,relationship,90,6,3,5,2,3,2,3.15,1,1,29,0,0,0.8944,1,1,1,0,0,0,0,0,0,1,0,0,0,0
SYN-00653,synthetic_demo,2026-03-20,2024-10-10,education,526,7,0,2,0,0,0,3.7,2,0,180,0,0,0.9873,1,0,0,0,0,0,0,0,0,0,0,0,0,0
SYN-00784,synthetic_demo,2026-03-20,2025-07-07,career,256,1,1,6,1,1,1,7.9,2,0,180,0,1,0.5087,1,1,1,0,0,0,1,1,0,1,1,1,0,1
SYN-01484,synthetic_demo,2026-03-20,2025-11-19,family,121,13,0,3,0,0,0,5.54,2,0,180,0,0,0.7532,1,0,0,0,0,0,0,0,0,1,0,0,0,0
SYN-01565,synthetic_demo,2026-03-20,2025-12-13,finance,97,7,0,2,0,1,0,2.49,1,0,180,0,1,0.7005,1,1,1,0,0,0,1,1,0,1,0,0,1,0
SYN-01710,synthetic_demo,2026-03-20,2025-10-01,career,170,3,2,2,1,1,0,3.83,2,0,180,0,0,0.9214,1,1,1,0,0,0,0,0,0,1,1,0,1,0
SYN-01808,synthetic_demo,2026-03-20,2024-11-23,family,482,1,1,2,0,0,0,6.17,2,1,9,0,1,0.4644,1,1,0,0,0,0,1,0,0,0,0,0,0,1
SYN-02154,synthetic_demo,2026-03-20,2025-08-13,career,219,32,0,0,0,0,0,4.19,0,0,180,0,0,0.6159,1,1,0,0,0,0,0,0,0,1,1,0,1,0
SYN-02184,synthetic_demo,2026-03-20,2025-09-14,finance,187,6,1,4,0,1,1,6.57,2,0,180,0,1,0.7952,1,1,1,0,0,0,1,1,1,1,0,0,0,0
SYN-02295,synthetic_demo,2026-03-20,2024-09-29,career,537,7,0,2,0,0,0,4.56,2,0,180,0,2,0.8577,1,1,0,0,0,0,2,1,1,0,0,0,0,0
SYN-02382,synthetic_demo,2026-03-20,2024-12-24,finance,451,7,0,1,0,0,0,1.0,0,0,180,0,0,0.7583,1,1,0,0,0,0,0,0,0,0,0,0,0,0
SYN-00742,synthetic_demo,2026-03-21,2025-01-31,personal_growth,414,7,0,3,0,0,0,3.61,3,0,180,0,0,0.9498,1,1,0,0,0,0,0,0,0,0,0,0,0,0
SYN-00827,synthetic_demo,2026-03-21,2025-02-14,relationship,400,29,0,1,0,0,0,4.67,0,0,180,0,0,0.7844,1,1,0,0,0,0,0,0,0,1,1,1,1,0
SYN-00831,synthetic_demo,2026-03-21,2025-04-20,personal_growth,335,2,1,2,1,1,1,4.87,1,0,180,0,0,0.4849,1,1,1,0,0,0,0,0,0,1,0,0,0,0
SYN-01180,synthetic_demo,2026-03-21,2025-10-27,career,145,2,1,7,0,4,1,6.35,1,0,180,0,0,0.8225,1,1,1,0,0,0,0,0,0,0,0,0,0,0
SYN-01251,synthetic_demo,2026-03-21,2024-12-13,family,463,6,1,3,1,1,0,5.69,2,0,180,1,0,0.7705,1,1,1,1,1,0,0,0,0,0,0,0,1,0
SYN-01356,synthetic_demo,2026-03-21,2024-11-15,personal_growth,491,7,0,3,0,2,0,8.4,4,0,180,0,2,0.7714,1,1,1,0,0,0,2,1,1,0,0,0,1,0
SYN-01731,synthetic_demo,2026-03-21,2025-06-03,career,291,4,1,3,0,0,1,6.06,1,0,180,0,0,0.5403,1,0,0,0,0,0,0,0,0,1,0,0,0,0
SYN-01919,synthetic_demo,2026-03-21,2026-01-17,education,63,7,0,3,0,2,0,8.37,4,1,63,1,1,0.8511,1,1,1,1,0,0,1,1,1,0,0,0,0,1
SYN-01939,synthetic_demo,2026-03-21,2025-12-09,career,102,6,1,6,0,3,1,5.32,2,1,16,0,0,0.383,1,1,1,0,0,0,0,0,0,1,0,0,1,0
SYN-01940,synthetic_demo,2026-03-21,2025-11-29,finance,112,0,2,6,1,3,2,4.21,3,2,51,0,1,0.8288,1,1,1,0,0,1,1,0,0,1,1,0,0,0
SYN-01977,synthetic_demo,2026-03-21,2025-08-30,finance,203,5,7,8,4,4,4,7.23,2,1,9,0,0,0.7351,1,1,1,0,0,0,0,0,0,0,0,0,0,1
SYN-02186,synthetic_demo,2026-03-21,2025-03-29,career,357,4,1,3,0,1,1,6.09,2,1,41,0,0,0.8364,1,1,1,0,0,0,0,0,0,1,0,0,1,0
SYN-02372,synthetic_demo,2026-03-21,2024-12-17,relationship,459,8,0,4,0,2,0,6.04,2,1,67,0,0,0.7244,1,1,1,0,0,0,0,0,0,0,0,0,1,1
SYN-00141,synthetic_demo,2026-03-22,2025-01-17,relationship,429,6,4,9,2,3,4,5.08,1,0,180,1,0,0.4553,1,1,1,1,1,0,0,0,0,1,0,0,0,0
SYN-00732,synthetic_demo,2026-03-22,2025-04-04,finance,352,7,0,3,0,0,0,4.55,1,0,180,0,0,0.8191,1,1,0,0,0,0,0,0,0,0,0,0,0,0
SYN-00788,synthetic_demo,2026-03-22,2025-02-08,education,407,6,4,6,3,3,4,1.0,2,0,180,0,0,0.6137,1,1,1,0,0,0,0,0,0,1,0,0,0,0
SYN-01217,synthetic_demo,2026-03-22,2024-12-06,career,471,23,0,1,0,1,0,3.0,1,0,180,0,0,0.5363,1,1,1,0,0,0,0,0,0,1,0,0,1,0
SYN-01621,synthetic_demo,2026-03-22,2025-09-14,relationship,189,28,0,2,0,0,0,3.93,1,0,180,0,0,0.5078,1,1,0,0,0,0,0,0,0,1,1,1,0,0
SYN-01786,synthetic_demo,2026-03-22,2025-01-20,education,426,0,5,6,3,4,1,3.19,2,2,81,2,0,0.5476,1,1,1,1,0,1,0,0,0,0,0,0,1,1
SYN-02026,synthetic_demo,2026-03-22,2025-06-07,education,288,6,1,5,1,4,1,9.73,1,1,44,1,1,0.4917,1,1,1,1,0,0,1,1,1,1,0,0,0,0
SYN-02384,synthetic_demo,2026-03-22,2025-04-23,personal_growth,333,6,1,4,0,2,0,6.78,2,0,180,0,0,0.6532,1,1,1,0,0,0,0,0,0,0,0,0,0,0
SYN-00646,synthetic_demo,2026-03-23,2024-12-06,finance,472,2,1,6,1,5,1,8.43,4,0,180,0,0,0.4749,1,1,1,0,0,0,0,0,0,0,0,0,0,0
SYN-01014,synthetic_demo,2026-03-23,2025-04-19,career,338,8,0,1,0,0,0,5.07,2,0,180,0,1,0.9551,1,1,0,0,0,0,1,0,0,1,1,1,0,1
SYN-01196,synthetic_demo,2026-03-23,2025-04-25,career,332,4,2,6,2,4,2,6.8,3,0,180,0,1,0.8186,1,1,1,0,0,0,1,0,0,0,0,0,0,0
SYN-01402,synthetic_demo,2026-03-23,2025-03-20,career,368,6,1,3,0,0,1,5.91,1,1,53,0,0,0.6374,1,1,0,0,0,0,0,0,0,1,1,0,1,0
SYN-01420,synthetic_demo,2026-03-23,2026-01-17,career,65,6,1,4,0,2,1,2.62,1,0,180,0,0,0.7817,1,1,1,0,0,0,0,0,0,0,0,0,1,0
SYN-01594,synthetic_demo,2026-03-23,2025-04-01,relationship,356,29,0,1,0,1,0,4.81,1,0,180,0,0,0.5945,1,1,1,0,0,0,0,0,0,0,0,0,1,0
SYN-01720,synthetic_demo,2026-03-23,2024-10-03,personal_growth,536,20,0,3,0,2,0,5.5,2,0,180,0,0,0.8112,1,1,1,0,0,0,0,0,0,1,0,0,1,0
SYN-02394,synthetic_demo,2026-03-23,2025-11-26,personal_growth,117,7,0,1,0,0,0,4.5,2,1,34,0,0,0.4773,1,1,0,0,0,0,0,0,0,0,0,0,0,0
SYN-00681,synthetic_demo,2026-03-24,2025-10-03,personal_growth,172,7,0,1,0,1,0,5.04,0,0,180,0,0,0.8347,1,1,1,0,0,0,0,0,0,1,0,0,1,0
SYN-00747,synthetic_demo,2026-03-24,2025-07-18,finance,249,7,0,5,0,3,0,10.09,2,0,180,0,0,0.9104,1,1,1,0,0,0,0,0,0,1,1,1,1,0
SYN-00795,synthetic_demo,2026-03-24,2025-04-06,family,352,22,0,1,0,0,0,8.37,4,0,180,0,0,0.2929,1,1,0,0,0,0,0,0,0,0,0,0,0,0
SYN-01143,synthetic_demo,2026-03-24,2025-09-06,finance,199,6,1,4,1,2,1,8.73,2,0,180,1,1,0.6131,1,1,1,1,0,0,1,1,0,1,1,0,0,0
SYN-01608,synthetic_demo,2026-03-24,2024-10-18,finance,522,7,0,4,0,0,0,4.31,0,0,180,0,0,0.7009,1,1,0,0,0,0,0,0,0,0,0,0,0,0
SYN-01696,synthetic_demo,2026-03-24,2025-05-22,finance,306,1,1,3,1,2,1,8.16,3,0,180,0,2,0.6992,1,1,1,0,0,0,2,2,1,1,1,0,0,0
SYN-01828,synthetic_demo,2026-03-24,2026-01-07,relationship,76,2,2,8,2,5,2,6.53,4,0,180,0,0,0.8101,1,1,1,0,0,0,0,0,0,1,1,0,1,0
SYN-02291,synthetic_demo,2026-03-24,2024-11-09,career,500,8,0,2,0,2,0,3.95,2,0,180,0,0,0.7667,1,1,1,0,0,0,0,0,0,1,0,0,1,1
SYN-02348,synthetic_demo,2026-03-24,2024-12-12,career,467,0,1,1,0,0,1,3.33,1,0,180,0,0,0.3447,1,0,0,0,0,0,0,0,0,0,0,0,0,0
SYN-02377,synthetic_demo,2026-03-24,2025-03-30,finance,359,7,0,6,0,3,0,7.39,2,0,180,0,1,0.5487,1,1,1,0,0,0,1,1,0,1,0,0,1,0
SYN-02379,synthetic_demo,2026-03-24,2025-11-24,family,120,5,1,4,1,3,1,6.86,1,0,180,1,0,0.8173,1,1,1,1,0,0,0,0,0,1,1,1,1,0
SYN-00435,synthetic_demo,2026-03-25,2025-09-11,relationship,195,3,1,6,0,3,1,10.77,5,0,180,1,0,0.6371,1,1,1,1,0,0,0,0,0,0,0,0,0,0
SYN-00479,synthetic_demo,2026-03-25,2024-11-25,finance,485,6,1,8,0,1,1,3.4,1,2,48,0,0,0.7277,1,1,1,0,0,1,0,0,0,0,0,0,0,0
SYN-00616,synthetic_demo,2026-03-25,2025-12-09,finance,106,6,1,6,0,0,1,1.67,2,0,180,0,1,0.428,1,1,0,0,0,0,1,1,0,0,0,0,1,0
SYN-00659,synthetic_demo,2026-03-25,2025-11-03,career,142,1,3,8,2,4,3,8.29,3,0,180,0,0,0.9154,1,1,1,0,0,0,0,0,0,1,0,0,0,0
SYN-00729,synthetic_demo,2026-03-25,2024-12-24,relationship,456,1,1,8,0,3,1,3.88,2,0,180,0,0,0.7701,1,1,1,0,0,0,0,0,0,1,1,0,1,1
SYN-00806,synthetic_demo,2026-03-25,2025-11-10,family,135,0,2,4,0,3,2,9.49,2,0,180,1,1,0.8648,1,1,1,1,1,0,1,0,0,0,0,0,1,0
SYN-00823,synthetic_demo,2026-03-25,2025-07-26,career,242,17,0,2,0,1,0,6.26,2,0,180,0,1,0.6133,1,1,1,0,0,0,1,1,0,0,0,0,1,0
SYN-00830,synthetic_demo,2026-03-25,2025-01-10,personal_growth,439,6,1,1,1,1,1,4.64,4,0,180,0,1,0.4034,1,1,1,0,0,0,1,1,0,1,1,0,0,1
SYN-00940,synthetic_demo,2026-03-25,2025-07-20,family,248,29,0,1,0,0,0,7.38,1,0,180,0,0,0.3779,1,0,0,0,0,0,0,0,0,0,0,0,0,1
SYN-01296,synthetic_demo,2026-03-25,2026-02-08,career,45,4,2,7,2,5,2,8.11,2,0,180,1,0,0.389,1,1,1,1,1,0,0,0,0,0,0,0,0,1
SYN-01350,synthetic_demo,2026-03-25,2025-07-07,family,261,19,0,2,0,1,0,8.64,1,0,180,0,0,0.7879,1,1,1,0,0,0,0,0,0,0,0,0,1,0
SYN-01477,synthetic_demo,2026-03-25,2025-08-22,education,215,7,0,4,0,4,0,4.48,1,0,180,2,0,0.7955,1,1,1,1,0,0,0,0,0,1,1,1,0,0
SYN-01631,synthetic_demo,2026-03-25,2025-05-03,relationship,326,7,0,2,0,2,0,3.44,3,0,180,0,1,0.9377,1,1,1,0,0,0,1,1,1,1,0,0,0,1
SYN-01899,synthetic_demo,2026-03-25,2025-05-03,education,326,7,0,2,0,0,0,2.36,3,0,180,0,1,0.7935,1,1,0,0,0,0,1,1,0,0,0,0,0,0
SYN-01931,synthetic_demo,2026-03-25,2025-02-25,relationship,393,0,2,4,2,2,1,4.65,1,1,35,1,0,0.7038,1,1,1,1,1,0,0,0,0,1,1,1,0,1
SYN-02030,synthetic_demo,2026-03-25,2025-12-25,finance,90,3,4,10,3,5,1,10.11,2,1,27,0,0,0.9084,1,1,1,0,0,0,0,0,0,1,0,0,0,0
SYN-02033,synthetic_demo,2026-03-25,2025-03-17,finance,373,6,1,2,0,1,0,5.97,1,0,180,0,0,0.6412,1,1,1,0,0,0,0,0,0,1,1,0,0,0
SYN-00451,synthetic_demo,2026-03-26,2025-04-25,career,335,6,1,5,1,2,1,7.18,3,0,180,0,1,0.4482,1,1,1,0,0,0,1,1,0,0,0,0,1,1
SYN-00519,synthetic_demo,2026-03-26,2025-10-10,career,167,23,0,3,0,1,0,1.43,1,0,180,0,0,0.6783,1,1,1,0,0,0,0,0,0,0,0,0,1,1
SYN-00634,synthetic_demo,2026-03-26,2025-09-29,relationship,178,8,0,2,0,1,0,5.59,4,1,13,0,0,0.825,1,1,1,0,0,0,0,0,0,0,0,0,1,0
SYN-00666,synthetic_demo,2026-03-26,2025-02-10,career,409,30,0,0,0,0,0,4.26,0,0,180,0,0,0.7466,1,1,0,0,0,0,0,0,0,0,0,0,1,0
SYN-00964,synthetic_demo,2026-03-26,2025-07-17,personal_growth,252,6,2,9,1,7,1,3.64,4,0,180,1,1,0.769,1,1,1,1,1,0,1,1,1,0,0,0,0,0
SYN-01055,synthetic_demo,2026-03-26,2026-01-21,education,64,6,1,3,0,1,1,5.02,3,0,180,1,0,0.8285,1,1,1,1,0,0,0,0,0,0,0,0,1,0
SYN-01284,synthetic_demo,2026-03-26,2025-09-10,finance,197,18,0,2,0,1,0,3.78,2,0,180,0,0,0.7977,1,1,1,0,0,0,0,0,0,0,0,0,1,0
SYN-01345,synthetic_demo,2026-03-26,2025-11-25,relationship,121,21,0,3,0,0,0,1.0,2,0,180,0,0,0.6685,1,1,0,0,0,0,0,0,0,1,1,1,1,0
SYN-01414,synthetic_demo,2026-03-26,2025-08-12,relationship,226,4,4,12,4,11,3,9.27,4,1,9,1,1,0.8137,1,1,1,1,0,0,1,1,0,1,0,0,0,1
SYN-01503,synthetic_demo,2026-03-26,2025-06-01,education,298,6,3,6,2,3,2,6.48,2,1,74,0,0,0.1836,1,1,1,0,0,0,0,0,0,1,0,0,0,0
SYN-01629,synthetic_demo,2026-03-26,2025-03-10,career,381,6,1,1,0,0,1,10.45,3,0,180,0,0,0.7368,1,1,0,0,0,0,0,0,0,0,0,0,1,0
SYN-01661,synthetic_demo,2026-03-26,2025-02-06,family,413,7,0,9,0,4,0,3.18,2,0,180,1,1,0.7727,1,1,1,1,0,0,1,0,0,1,1,1,1,0
SYN-01666,synthetic_demo,2026-03-26,2025-05-16,finance,314,24,0,1,0,0,0,6.34,1,0,180,0,0,0.8268,1,1,0,0,0,0,0,0,0,0,0,0,1,0
SYN-01669,synthetic_demo,2026-03-26,2025-06-18,career,281,7,0,3,0,1,0,4.66,0,0,180,0,0,0.593,1,1,1,0,0,0,0,0,0,0,0,0,0,0
SYN-02061,synthetic_demo,2026-03-26,2026-02-12,career,42,0,3,7,2,3,2,8.22,0,2,41,1,0,0.7628,1,1,1,1,1,1,0,0,0,1,1,1,0,0
SYN-02193,synthetic_demo,2026-03-26,2025-06-26,career,273,6,1,2,0,1,1,10.45,1,0,180,2,1,0.7756,1,1,1,1,1,0,1,0,0,0,0,0,1,1
SYN-02296,synthetic_demo,2026-03-26,2026-02-20,career,34,6,6,8,2,4,5,6.62,3,0,180,0,0,0.8512,1,1,1,0,0,0,0,0,0,0,0,0,1,1
SYN-00208,synthetic_demo,2026-03-27,2024-11-20,personal_growth,492,30,0,0,0,0,0,4.68,0,0,180,0,0,0.7615,1,1,0,0,0,0,0,0,0,1,0,0,1,0
SYN-00379,synthetic_demo,2026-03-27,2025-12-07,relationship,110,16,0,4,0,2,0,8.37,0,1,47,0,1,0.7568,1,1,1,0,0,0,1,1,1,1,0,0,1,0
SYN-00393,synthetic_demo,2026-03-27,2025-08-06,family,233,2,1,2,0,1,1,3.4,2,0,180,0,1,0.64,1,1,1,0,0,0,1,1,1,0,0,0,0,0
SYN-00672,synthetic_demo,2026-03-27,2025-10-05,personal_growth,173,18,0,2,0,0,0,7.53,2,0,180,0,1,0.51,1,1,0,0,0,0,1,0,0,0,0,0,0,0
SYN-00942,synthetic_demo,2026-03-27,2026-02-20,career,35,7,0,2,0,2,0,4.26,2,1,81,0,0,0.5248,1,1,1,0,0,0,0,0,0,0,0,0,1,0
SYN-01869,synthetic_demo,2026-03-27,2025-07-26,education,244,5,1,5,1,4,1,2.92,2,0,180,0,1,0.4687,1,1,1,0,0,0,1,0,0,1,1,1,0,0
SYN-01878,synthetic_demo,2026-03-27,2025-06-07,career,293,15,0,1,0,0,0,4.88,2,0,180,0,1,0.5945,1,1,0,0,0,0,1,1,0,1,1,0,1,0
SYN-02042,synthetic_demo,2026-03-27,2026-02-13,relationship,42,0,1,10,1,5,1,3.18,0,1,18,0,0,0.7889,1,1,1,0,0,0,0,0,0,1,0,0,0,1
SYN-02366,synthetic_demo,2026-03-27,2025-04-27,finance,334,30,0,0,0,0,0,5.87,0,0,180,0,0,0.8106,1,1,0,0,0,0,0,0,0,0,0,0,1,0
SYN-00081,synthetic_demo,2026-03-28,2025-06-17,career,284,3,1,5,0,4,1,6.59,3,0,180,1,0,0.6226,1,1,1,1,0,0,0,0,0,1,0,0,0,0
SYN-00284,synthetic_demo,2026-03-28,2026-01-13,personal_growth,74,6,1,3,0,0,1,7.14,4,0,180,0,0,0.5909,1,1,0,0,0,0,0,0,0,0,0,0,0,0
SYN-00415,synthetic_demo,2026-03-28,2026-02-20,relationship,36,13,0,2,0,0,0,1.0,4,1,52,0,0,0.817,1,1,0,0,0,0,0,0,0,0,0,0,1,0
SYN-00661,synthetic_demo,2026-03-28,2025-06-27,career,274,7,0,1,0,0,0,11.3,1,0,180,0,1,0.8719,1,1,0,0,0,0,1,0,0,1,0,0,0,0
SYN-00880,synthetic_demo,2026-03-28,2024-12-27,finance,456,29,0,3,0,1,0,4.35,0,0,180,0,0,0.688,1,1,1,0,0,0,0,0,0,0,0,0,0,0
SYN-00929,synthetic_demo,2026-03-28,2025-11-02,relationship,146,14,0,7,0,3,0,2.98,2,0,180,0,0,0.8621,1,1,1,0,0,0,0,0,0,1,0,0,1,0
SYN-01170,synthetic_demo,2026-03-28,2026-02-23,relationship,33,13,0,2,0,2,0,2.99,3,0,180,2,1,0.8023,1,1,1,1,1,0,1,0,0,0,0,0,1,0
SYN-01208,synthetic_demo,2026-03-28,2024-11-04,finance,509,6,2,5,1,1,2,3.59,2,1,24,0,0,0.5978,1,1,1,0,0,0,0,0,0,1,0,0,1,0
SYN-01379,synthetic_demo,2026-03-28,2025-09-07,career,202,0,1,3,0,0,0,6.89,3,0,180,0,1,0.7675,1,1,0,0,0,0,1,0,0,0,0,0,0,0
SYN-01385,synthetic_demo,2026-03-28,2025-11-25,family,123,1,3,6,3,3,3,8.49,3,0,180,1,0,0.7942,1,1,1,1,0,0,0,0,0,0,0,0,1,1
SYN-01455,synthetic_demo,2026-03-28,2024-11-24,personal_growth,489,0,6,6,2,2,6,7.48,1,1,12,1,0,0.8785,1,1,1,1,0,0,0,0,0,1,0,0,0,0
SYN-01806,synthetic_demo,2026-03-28,2026-02-23,finance,33,6,2,4,1,2,2,6.14,1,0,180,0,0,0.8737,1,1,1,0,0,0,0,0,0,1,1,0,0,0
SYN-02023,synthetic_demo,2026-03-28,2025-10-01,finance,178,7,0,2,0,1,0,5.47,1,0,180,0,0,0.6258,1,1,1,0,0,0,0,0,0,1,0,0,1,0
SYN-00083,synthetic_demo,2026-03-29,2025-12-13,family,106,6,1,1,0,0,1,7.46,2,0,180,0,0,0.925,1,1,0,0,0,0,0,0,0,0,0,0,1,0
SYN-00560,synthetic_demo,2026-03-29,2026-01-25,career,63,7,0,1,0,0,0,7.67,4,0,180,0,2,0.8299,1,1,0,0,0,0,2,1,1,0,0,0,0,0
SYN-00708,synthetic_demo,2026-03-29,2025-03-06,family,388,19,0,2,0,1,0,8.5,2,0,180,0,0,0.6612,1,1,1,0,0,0,0,0,0,0,0,0,0,0
SYN-00878,synthetic_demo,2026-03-29,2025-11-05,education,144,2,1,6,0,4,1,7.58,2,0,180,0,0,0.6795,1,1,1,0,0,0,0,0,0,0,0,0,0,0
SYN-01022,synthetic_demo,2026-03-29,2025-11-28,finance,121,6,1,5,1,4,1,9.36,4,0,180,0,2,0.7099,1,1,1,0,0,0,2,1,0,0,0,0,0,1
SYN-01063,synthetic_demo,2026-03-29,2025-06-13,personal_growth,289,7,0,3,0,0,0,4.05,3,0,180,0,0,0.539,1,1,0,0,0,0,0,0,0,0,0,0,0,0
SYN-01271,synthetic_demo,2026-03-29,2025-11-16,family,133,6,1,3,0,2,0,5.45,2,0,180,0,0,0.546,1,1,1,0,0,0,0,0,0,0,0,0,1,0
SYN-01813,synthetic_demo,2026-03-29,2025-03-14,finance,380,29,0,1,0,0,0,3.33,0,0,180,0,0,0.8975,1,1,0,0,0,0,0,0,0,1,0,0,0,0
SYN-00077,synthetic_demo,2026-03-30,2025-01-14,education,440,14,0,4,0,2,0,4.45,2,0,180,0,1,0.7522,1,1,1,0,0,0,1,0,0,1,1,0,1,0
SYN-00116,synthetic_demo,2026-03-30,2025-08-30,personal_growth,212,9,0,2,0,1,0,2.75,1,0,180,1,0,0.8795,1,1,1,1,0,0,0,0,0,1,1,1,1,0
SYN-00144,synthetic_demo,2026-03-30,2026-01-22,finance,67,0,1,5,1,3,1,2.99,1,0,180,0,0,0.7671,1,1,1,0,0,0,0,0,0,0,0,0,0,0
SYN-00428,synthetic_demo,2026-03-30,2025-07-07,finance,266,10,0,1,0,1,0,6.54,2,0,180,0,0,0.8982,1,1,1,0,0,0,0,0,0,0,0,0,0,0
SYN-00582,synthetic_demo,2026-03-30,2025-01-29,relationship,425,6,2,5,1,3,2,6.55,2,1,53,1,1,0.5406,1,1,1,1,1,0,1,0,0,0,0,0,1,1
SYN-00934,synthetic_demo,2026-03-30,2025-06-30,career,273,0,1,6,0,2,1,2.64,4,0,180,0,1,0.3531,1,1,1,0,0,0,1,1,0,1,0,0,0,0
SYN-01099,synthetic_demo,2026-03-30,2025-08-13,personal_growth,229,23,0,4,0,2,0,2.26,3,0,180,0,0,0.4858,1,1,1,0,0,0,0,0,0,1,0,0,1,0
SYN-01130,synthetic_demo,2026-03-30,2025-09-05,relationship,206,1,2,3,1,2,1,8.0,4,0,180,1,1,0.7659,1,1,1,1,0,0,1,0,0,1,1,0,1,1
SYN-01472,synthetic_demo,2026-03-30,2025-07-11,education,262,10,0,1,0,0,0,7.24,1,0,180,0,0,0.6498,1,0,0,0,0,0,0,0,0,0,0,0,0,0
SYN-01499,synthetic_demo,2026-03-30,2025-08-01,family,241,7,0,1,0,1,0,1.96,1,0,180,0,0,0.5547,1,1,1,0,0,0,0,0,0,1,0,0,0,1
SYN-01717,synthetic_demo,2026-03-30,2025-06-29,career,274,7,0,2,0,0,0,4.75,2,0,180,0,0,0.9372,1,1,0,0,0,0,0,0,0,1,0,0,1,1
SYN-01821,synthetic_demo,2026-03-30,2025-07-28,career,245,7,0,1,0,0,0,4.49,2,1,72,0,0,0.6339,1,1,0,0,0,0,0,0,0,0,0,0,1,1
SYN-01910,synthetic_demo,2026-03-30,2025-06-13,personal_growth,290,12,0,2,0,2,0,6.52,4,0,180,0,1,0.7243,1,1,1,0,0,0,1,0,0,0,0,0,1,0
SYN-01935,synthetic_demo,2026-03-30,2025-08-02,finance,240,50,0,0,0,0,0,4.83,0,0,180,0,0,0.7399,1,1,0,0,0,0,0,0,0,0,0,0,1,0
SYN-00106,synthetic_demo,2026-03-31,2024-12-17,family,469,29,0,1,0,0,0,6.0,1,1,78,0,0,0.8402,1,1,0,0,0,0,0,0,0,0,0,0,1,1
SYN-00233,synthetic_demo,2026-03-31,2025-07-29,career,245,7,0,1,0,1,0,4.83,0,1,26,1,0,0.6611,1,1,1,1,0,0,0,0,0,0,0,0,1,0
SYN-00237,synthetic_demo,2026-03-31,2025-06-04,personal_growth,300,19,0,6,0,4,0,4.92,2,0,180,1,0,0.9373,1,1,1,1,1,0,0,0,0,1,1,0,1,0
SYN-00316,synthetic_demo,2026-03-31,2025-08-18,personal_growth,225,6,1,2,0,0,0,3.56,2,0,180,0,0,0.8054,1,1,0,0,0,0,0,0,0,0,0,0,0,0
SYN-00450,synthetic_demo,2026-03-31,2025-06-16,education,288,3,1,6,0,3,1,3.05,2,2,2,0,0,0.616,1,1,1,0,0,1,0,0,0,1,1,0,0,0
SYN-00561,synthetic_demo,2026-03-31,2025-12-06,career,115,30,0,0,0,0,0,8.28,0,0,180,0,0,0.7387,1,1,0,0,0,0,0,0,0,1,0,0,1,0
SYN-01081,synthetic_demo,2026-03-31,2026-01-17,relationship,73,7,0,1,0,0,0,4.52,3,1,85,0,0,0.6872,1,1,0,0,0,0,0,0,0,0,0,0,0,0
SYN-00089,synthetic_demo,2026-04-01,2025-09-05,personal_growth,208,7,0,3,0,2,0,5.65,0,0,180,0,0,0.7293,1,1,1,0,0,0,0,0,0,1,1,0,0,0
SYN-00442,synthetic_demo,2026-04-01,2026-01-31,personal_growth,60,3,2,4,1,3,1,8.43,3,0,180,0,1,0.8474,1,1,1,0,0,0,1,1,0,1,0,0,0,1
SYN-00881,synthetic_demo,2026-04-01,2025-05-19,relationship,317,3,1,6,1,5,1,6.35,0,0,180,0,0,0.6865,1,1,1,0,0,0,0,0,0,1,1,0,0,0
SYN-00943,synthetic_demo,2026-04-01,2025-07-12,family,263,6,1,2,1,2,1,2.03,2,0,180,0,0,0.9032,1,1,1,0,0,0,0,0,0,0,0,0,0,0
SYN-01087,synthetic_demo,2026-04-01,2025-08-23,career,221,7,0,3,0,1,0,5.37,1,0,180,0,0,0.8826,1,1,1,0,0,0,0,0,0,0,0,0,0,0
SYN-01388,synthetic_demo,2026-04-01,2025-08-18,family,226,4,1,8,1,4,1,7.05,3,0,180,1,0,0.7015,1,1,1,1,1,0,0,0,0,1,1,0,0,0
SYN-01774,synthetic_demo,2026-04-01,2025-06-07,career,298,5,1,3,1,1,1,3.57,4,1,33,1,0,0.7974,1,1,1,1,0,0,0,0,0,0,0,0,0,0
SYN-02236,synthetic_demo,2026-04-01,2025-05-31,family,305,15,0,4,0,3,0,6.97,2,1,89,0,1,0.822,1,1,1,0,0,0,1,1,0,0,0,0,0,1
SYN-00044,synthetic_demo,2026-04-02,2025-01-04,relationship,453,29,0,2,0,1,0,6.07,3,0,180,0,1,0.4379,1,1,1,0,0,0,1,1,0,0,0,0,1,0
SYN-00076,synthetic_demo,2026-04-02,2025-11-26,relationship,127,1,1,3,1,1,1,4.11,3,0,180,0,0,0.7446,1,1,1,0,0,0,0,0,0,1,0,0,0,0
SYN-00550,synthetic_demo,2026-04-02,2025-05-05,relationship,332,1,1,6,1,3,1,6.88,2,0,180,1,0,0.6279,1,1,1,1,0,0,0,0,0,0,0,0,0,1
SYN-00588,synthetic_demo,2026-04-02,2025-01-14,personal_growth,443,7,0,6,0,4,0,2.11,3,0,180,0,3,0.6171,1,1,1,0,0,0,3,1,0,1,1,1,0,0
SYN-01018,synthetic_demo,2026-04-02,2025-05-08,career,329,12,0,1,0,1,0,8.33,3,0,180,0,0,0.6943,1,1,1,0,0,0,0,0,0,1,0,0,0,0
SYN-01213,synthetic_demo,2026-04-02,2024-12-27,relationship,461,1,7,10,4,6,4,6.67,4,0,180,0,2,0.8487,1,1,1,0,0,0,2,1,0,1,1,1,0,0
SYN-01695,synthetic_demo,2026-04-02,2024-11-17,career,501,7,0,2,0,1,0,4.14,4,0,180,0,0,0.9517,1,1,1,0,0,0,0,0,0,1,1,1,1,0
SYN-01706,synthetic_demo,2026-04-02,2025-03-20,career,378,30,0,0,0,0,0,6.64,0,0,180,0,0,0.4701,1,1,0,0,0,0,0,0,0,1,0,0,0,0
SYN-02164,synthetic_demo,2026-04-02,2025-08-08,relationship,237,2,2,8,2,6,2,10.03,4,0,180,1,0,0.787,1,1,1,1,1,0,0,0,0,1,0,0,1,1
SYN-00058,synthetic_demo,2026-04-03,2025-02-13,relationship,414,8,0,2,0,1,0,2.96,2,0,180,1,0,0.9442,1,1,1,1,0,0,0,0,0,0,0,0,1,0
SYN-00324,synthetic_demo,2026-04-03,2025-05-12,education,326,6,1,4,0,3,1,8.0,2,0,180,0,1,0.898,1,1,1,0,0,0,1,1,0,1,0,0,0,0
SYN-00480,synthetic_demo,2026-04-03,2025-12-12,relationship,112,29,0,1,0,0,0,3.58,2,0,180,0,0,0.68,1,1,0,0,0,0,0,0,0,0,0,0,1,0
SYN-00527,synthetic_demo,2026-04-03,2025-02-27,family,400,30,0,0,0,0,0,4.35,0,0,180,0,0,0.5829,1,1,0,0,0,0,0,0,0,1,1,0,1,0
SYN-00683,synthetic_demo,2026-04-03,2025-02-20,career,407,2,4,8,4,5,4,6.4,3,0,180,0,1,0.7029,1,1,1,0,0,0,1,1,0,1,1,1,0,0
SYN-00735,synthetic_demo,2026-04-03,2026-03-02,relationship,32,4,2,4,2,3,2,9.43,4,0,180,1,0,0.7884,1,1,1,1,1,0,0,0,0,0,0,0,0,0
SYN-00770,synthetic_demo,2026-04-03,2024-11-12,family,507,6,1,4,1,3,1,6.23,2,0,180,0,0,0.4235,1,1,1,0,0,0,0,0,0,0,0,0,0,0
SYN-01439,synthetic_demo,2026-04-03,2026-01-29,career,64,7,0,3,0,1,0,1.17,0,0,180,0,0,0.5224,1,1,1,0,0,0,0,0,0,0,0,0,0,0
SYN-01612,synthetic_demo,2026-04-03,2024-11-21,career,498,30,0,0,0,0,0,4.98,0,0,180,0,0,0.5919,1,0,0,0,0,0,0,0,0,0,0,0,0,0
SYN-02161,synthetic_demo,2026-04-03,2024-11-20,education,499,6,2,4,1,3,2,6.78,2,0,180,0,0,0.5426,1,1,1,0,0,0,0,0,0,0,0,0,0,1
SYN-00526,synthetic_demo,2026-04-04,2025-02-28,family,400,11,0,1,0,0,0,3.89,1,0,180,0,0,0.8699,1,1,0,0,0,0,0,0,0,0,0,0,0,0
SYN-00565,synthetic_demo,2026-04-04,2024-11-25,education,495,7,0,3,0,1,0,5.63,2,0,180,2,0,0.6653,1,1,1,1,0,0,0,0,0,1,1,1,1,0
SYN-00771,synthetic_demo,2026-04-04,2026-02-19,career,44,1,2,7,2,3,2,3.6,2,0,180,1,1,0.744,1,1,1,1,0,0,1,1,1,0,0,0,1,0
SYN-00829,synthetic_demo,2026-04-04,2025-01-07,career,452,7,0,3,0,1,0,4.6,1,0,180,0,1,0.5086,1,1,1,0,0,0,1,0,0,0,0,0,1,0
SYN-01041,synthetic_demo,2026-04-04,2025-08-03,career,244,6,4,6,3,3,3,7.87,3,0,180,0,0,0.6961,1,1,1,0,0,0,0,0,0,1,0,0,0,0
SYN-01106,synthetic_demo,2026-04-04,2025-08-08,relationship,239,29,0,1,0,1,0,3.71,3,0,180,0,0,0.2937,1,1,1,0,0,0,0,0,0,0,0,0,0,0
SYN-01376,synthetic_demo,2026-04-04,2025-10-30,relationship,156,1,3,11,2,7,3,9.02,2,1,40,0,1,0.7428,1,1,1,0,0,0,1,1,1,0,0,0,0,0
SYN-01419,synthetic_demo,2026-04-04,2025-05-30,relationship,309,2,2,9,1,6,2,4.28,4,0,180,0,0,0.8379,1,1,1,0,0,0,0,0,0,1,1,0,0,0
SYN-01830,synthetic_demo,2026-04-04,2024-12-12,education,478,29,0,2,0,1,0,3.94,3,0,180,0,0,0.9504,1,1,1,0,0,0,0,0,0,1,0,0,0,0
SYN-01860,synthetic_demo,2026-04-04,2025-12-08,career,117,6,4,4,2,2,4,7.13,4,1,86,1,0,0.9587,1,1,1,1,1,0,0,0,0,1,0,0,0,0
SYN-02253,synthetic_demo,2026-04-04,2025-05-19,finance,320,7,0,5,0,1,0,4.35,3,0,180,0,0,0.7227,1,1,1,0,0,0,0,0,0,0,0,0,0,0
SYN-00050,synthetic_demo,2026-04-05,2025-06-23,career,286,30,0,0,0,0,0,6.94,0,0,180,0,0,0.4452,1,1,0,0,0,0,0,0,0,0,0,0,1,0
SYN-00131,synthetic_demo,2026-04-05,2024-11-06,personal_growth,515,6,1,3,1,1,1,5.01,3,0,180,1,1,0.7963,1,1,1,1,1,0,1,1,1,0,0,0,1,0
SYN-00869,synthetic_demo,2026-04-05,2026-01-04,personal_growth,91,1,1,3,1,2,1,10.1,1,0,180,0,0,0.9233,1,1,1,0,0,0,0,0,0,0,0,0,0,0
SYN-01053,synthetic_demo,2026-04-05,2025-07-04,education,275,29,0,6,0,2,0,9.29,5,1,1,0,0,0.4324,1,1,1,0,0,0,0,0,0,0,0,0,1,0
SYN-01248,synthetic_demo,2026-04-05,2025-09-10,relationship,207,7,0,2,0,0,0,1.91,1,0,180,0,0,0.5851,1,0,0,0,0,0,0,0,0,0,0,0,1,0
SYN-01787,synthetic_demo,2026-04-05,2025-05-02,career,338,0,1,2,0,0,1,5.08,2,0,180,0,1,0.8593,1,1,0,0,0,0,1,0,0,1,1,1,0,1
SYN-02000,synthetic_demo,2026-04-05,2024-12-08,relationship,483,30,0,0,0,0,0,1.0,0,0,180,0,0,0.633,1,0,0,0,0,0,0,0,0,0,0,0,1,1
SYN-02077,synthetic_demo,2026-04-05,2024-10-15,career,537,10,0,1,0,0,0,4.2,3,0,180,0,0,0.6658,1,1,0,0,0,0,0,0,0,1,1,1,1,0
SYN-02120,synthetic_demo,2026-04-05,2026-01-29,career,66,7,0,2,0,1,0,3.08,0,0,180,0,0,0.7717,1,1,1,0,0,0,0,0,0,0,0,0,1,0
SYN-00034,synthetic_demo,2026-04-06,2026-01-18,personal_growth,78,7,0,5,0,4,0,4.73,2,1,61,0,1,0.9552,1,1,1,0,0,0,1,0,0,0,0,0,0,0
SYN-00101,synthetic_demo,2026-04-06,2025-11-09,finance,148,6,1,1,0,1,1,5.88,1,0,180,0,0,0.796,1,1,1,0,0,0,0,0,0,0,0,0,1,0
SYN-00345,synthetic_demo,2026-04-06,2024-11-13,education,509,7,0,1,0,1,0,5.48,3,1,11,1,0,0.7356,1,1,1,1,1,0,0,0,0,1,1,1,1,1
SYN-00844,synthetic_demo,2026-04-06,2024-10-24,personal_growth,529,5,1,2,1,2,1,4.45,2,0,180,1,0,0.6059,1,1,1,1,1,0,0,0,0,0,0,0,1,0
SYN-01182,synthetic_demo,2026-04-06,2025-05-02,relationship,339,6,2,7,1,5,0,3.89,3,0,180,0,0,0.7134,1,1,1,0,0,0,0,0,0,1,0,0,0,1
SYN-01279,synthetic_demo,2026-04-06,2024-10-26,family,527,11,0,4,0,1,0,5.35,4,0,180,0,0,0.7278,1,1,1,0,0,0,0,0,0,1,0,0,0,0
SYN-01551,synthetic_demo,2026-04-06,2024-10-26,relationship,527,6,2,4,1,2,0,8.72,3,2,27,0,0,0.6775,1,1,1,0,0,1,0,0,0,0,0,0,1,0
SYN-01557,synthetic_demo,2026-04-06,2024-12-24,finance,468,7,0,3,0,1,0,5.68,3,1,21,0,0,0.8139,1,1,1,0,0,0,0,0,0,0,0,0,1,0
SYN-01664,synthetic_demo,2026-04-06,2025-09-29,relationship,189,28,0,1,0,0,0,4.66,2,0,180,0,0,0.6164,1,1,0,0,0,0,0,0,0,0,0,0,1,0
SYN-01703,synthetic_demo,2026-04-06,2025-12-03,career,124,30,0,0,0,0,0,7.05,0,0,180,0,0,0.8265,1,0,0,0,0,0,0,0,0,1,0,0,0,0
SYN-01745,synthetic_demo,2026-04-06,2026-01-05,career,91,10,0,1,0,0,0,2.96,3,0,180,0,0,0.9139,1,1,0,0,0,0,0,0,0,0,0,0,0,0
SYN-01782,synthetic_demo,2026-04-06,2024-11-11,education,511,1,1,4,1,3,1,2.66,2,0,180,0,0,0.8166,1,1,1,0,0,0,0,0,0,0,0,0,0,0
SYN-02123,synthetic_demo,2026-04-06,2025-02-16,career,414,12,0,5,0,2,0,4.44,2,1,25,0,0,0.4066,1,1,1,0,0,0,0,0,0,1,0,0,1,0
SYN-02302,synthetic_demo,2026-04-06,2025-10-29,personal_growth,159,11,0,2,0,1,0,1.37,2,0,180,2,0,0.6268,1,1,1,1,1,0,0,0,0,0,0,0,1,0
SYN-00253,synthetic_demo,2026-04-07,2026-02-20,personal_growth,46,30,0,0,0,0,0,5.34,0,0,180,0,0,0.6803,1,1,0,0,0,0,0,0,0,0,0,0,0,0
SYN-00271,synthetic_demo,2026-04-07,2025-07-08,personal_growth,273,3,1,3,0,1,1,7.81,3,1,57,1,0,0.8982,1,1,1,1,1,0,0,0,0,1,0,0,0,1
SYN-01001,synthetic_demo,2026-04-07,2026-02-17,personal_growth,49,29,0,1,0,0,0,5.34,2,1,36,0,0,0.7062,1,1,0,0,0,0,0,0,0,0,0,0,1,0
SYN-01234,synthetic_demo,2026-04-07,2025-11-04,personal_growth,154,26,0,1,0,0,0,2.52,4,1,35,0,1,0.6019,1,1,0,0,0,0,1,1,0,0,0,0,1,0
SYN-01308,synthetic_demo,2026-04-07,2025-08-24,relationship,226,1,1,3,0,1,1,5.55,0,1,90,0,0,0.7695,1,1,1,0,0,0,0,0,0,1,1,1,0,1
SYN-01323,synthetic_demo,2026-04-07,2025-04-14,finance,358,7,0,1,0,0,0,1.0,0,0,180,0,0,0.7314,1,1,0,0,0,0,0,0,0,0,0,0,0,0
SYN-01373,synthetic_demo,2026-04-07,2025-03-24,family,379,6,1,6,0,3,1,9.2,3,0,180,0,0,0.9718,1,1,1,0,0,0,0,0,0,0,0,0,0,0
SYN-01762,synthetic_demo,2026-04-07,2025-08-16,relationship,234,2,1,2,0,0,1,5.37,2,0,180,0,0,0.5228,1,1,0,0,0,0,0,0,0,1,0,0,0,0
SYN-01924,synthetic_demo,2026-04-07,2025-11-05,personal_growth,153,30,0,0,0,0,0,8.03,0,0,180,0,0,0.4753,1,1,0,0,0,0,0,0,0,1,0,0,0,0
SYN-02031,synthetic_demo,2026-04-07,2025-11-27,career,131,6,1,8,1,5,1,7.36,2,0,180,1,0,0.8687,1,1,1,1,1,0,0,0,0,1,1,0,0,0
SYN-02217,synthetic_demo,2026-04-07,2025-11-19,family,139,7,0,6,0,2,0,1.5,2,0,180,0,0,0.6246,1,1,1,0,0,0,0,0,0,0,0,0,0,0
SYN-02320,synthetic_demo,2026-04-07,2025-05-15,career,327,6,1,3,0,0,1,4.12,2,0,180,0,0,0.8301,1,1,0,0,0,0,0,0,0,0,0,0,0,0
SYN-00035,synthetic_demo,2026-04-08,2025-02-26,finance,406,10,0,1,0,0,0,6.74,0,0,180,0,0,0.6826,1,1,0,0,0,0,0,0,0,0,0,0,0,0
SYN-00386,synthetic_demo,2026-04-08,2026-02-16,relationship,51,1,3,7,2,6,3,10.69,2,1,60,2,1,0.5126,1,1,1,1,1,0,1,0,0,1,0,0,1,0
SYN-00409,synthetic_demo,2026-04-08,2024-10-31,career,524,0,2,4,1,1,2,3.97,1,0,180,0,1,0.7849,1,1,1,0,0,0,1,1,0,1,0,0,0,0
SYN-00437,synthetic_demo,2026-04-08,2024-12-04,finance,490,6,1,4,0,1,1,4.42,2,1,84,2,0,0.7942,1,1,1,1,1,0,0,0,0,0,0,0,0,0
SYN-00618,synthetic_demo,2026-04-08,2025-04-07,career,366,5,3,7,1,3,3,6.14,3,0,180,1,1,0.6941,1,1,1,1,0,0,1,1,1,1,1,0,0,0
SYN-01179,synthetic_demo,2026-04-08,2024-12-11,personal_growth,483,2,1,1,0,1,1,6.28,3,0,180,0,0,0.6187,1,1,1,0,0,0,0,0,0,1,0,0,1,0
SYN-01353,synthetic_demo,2026-04-08,2026-01-19,relationship,79,6,1,3,0,3,1,2.6,1,0,180,0,1,0.6265,1,1,1,0,0,0,1,0,0,0,0,0,0,0
SYN-01429,synthetic_demo,2026-04-08,2024-11-30,relationship,494,6,1,3,0,1,0,3.3,0,0,180,0,0,0.4446,1,1,1,0,0,0,0,0,0,1,0,0,1,0
SYN-01515,synthetic_demo,2026-04-08,2025-04-23,career,350,7,0,2,0,1,0,1.0,2,0,180,1,0,0.5605,1,1,1,1,1,0,0,0,0,1,0,0,0,0
SYN-01535,synthetic_demo,2026-04-08,2025-01-01,relationship,462,7,0,2,0,1,0,2.74,2,0,180,0,0,0.4779,1,1,1,0,0,0,0,0,0,0,0,0,0,1
SYN-01684,synthetic_demo,2026-04-08,2025-11-12,career,147,8,0,3,0,2,0,5.84,3,0,180,0,0,0.23,1,1,1,0,0,0,0,0,0,1,1,0,1,1
SYN-01845,synthetic_demo,2026-04-08,2025-10-23,relationship,167,25,0,3,0,1,0,4.21,2,1,15,0,0,0.8169,1,1,1,0,0,0,0,0,0,0,0,0,1,0
SYN-01902,synthetic_demo,2026-04-08,2025-05-22,career,321,6,3,6,3,3,3,4.12,3,0,180,0,0,0.6971,1,1,1,0,0,0,0,0,0,0,0,0,0,0
SYN-02092,synthetic_demo,2026-04-08,2025-09-25,finance,195,10,0,3,0,1,0,1.0,0,0,180,0,0,0.7573,1,1,1,0,0,0,0,0,0,1,0,0,1,0
SYN-02191,synthetic_demo,2026-04-08,2025-01-27,education,436,15,0,1,0,0,0,2.91,2,0,180,0,1,0.8944,1,1,0,0,0,0,1,1,1,1,0,0,1,0
SYN-02229,synthetic_demo,2026-04-08,2025-10-19,education,171,7,0,1,0,0,0,7.65,3,0,180,0,0,0.6711,1,1,0,0,0,0,0,0,0,1,1,0,1,0
SYN-02294,synthetic_demo,2026-04-08,2025-04-09,relationship,364,3,1,6,0,1,1,3.06,2,1,26,1,0,0.6141,1,1,1,1,0,0,0,0,0,1,0,0,0,0
SYN-00049,synthetic_demo,2026-04-09,2025-11-07,relationship,153,7,0,3,0,2,0,7.36,3,0,180,0,1,0.5783,1,1,1,0,0,0,1,1,1,1,0,0,1,0
SYN-00071,synthetic_demo,2026-04-09,2025-05-29,relationship,315,9,0,3,0,2,0,7.18,3,0,180,0,0,0.7813,1,1,1,0,0,0,0,0,0,1,1,1,0,0
SYN-00177,synthetic_demo,2026-04-09,2025-10-20,career,171,6,1,5,0,0,1,8.09,1,0,180,0,0,0.6651,1,1,0,0,0,0,0,0,0,0,0,0,0,0
SYN-00340,synthetic_demo,2026-04-09,2025-10-01,relationship,190,7,0,2,0,2,0,2.54,3,0,180,0,0,0.8831,1,1,1,0,0,0,0,0,0,0,0,0,1,0
SYN-00517,synthetic_demo,2026-04-09,2025-07-21,career,262,30,0,0,0,0,0,6.33,0,0,180,0,0,0.8129,1,1,0,0,0,0,0,0,0,0,0,0,1,0
SYN-00676,synthetic_demo,2026-04-09,2025-06-30,education,283,24,0,1,0,1,0,8.62,2,0,180,0,1,0.8492,1,1,1,0,0,0,1,0,0,1,0,0,1,1
SYN-00739,synthetic_demo,2026-04-09,2025-05-10,career,334,30,0,0,0,0,0,6.47,0,1,80,0,1,0.7789,1,0,0,0,0,0,1,0,0,0,0,0,1,0
SYN-00923,synthetic_demo,2026-04-09,2025-05-07,relationship,337,4,2,6,0,4,2,4.0,2,1,6,0,0,0.7285,1,1,1,0,0,0,0,0,0,1,1,1,0,0
SYN-01199,synthetic_demo,2026-04-09,2025-08-31,family,221,7,0,4,0,2,0,8.58,2,1,80,0,0,0.6327,1,1,1,0,0,0,0,0,0,1,0,0,0,0
SYN-01383,synthetic_demo,2026-04-09,2024-11-02,family,523,0,1,5,1,3,1,2.1,3,0,180,0,1,0.8652,1,1,1,0,0,0,1,1,1,1,0,0,1,1
SYN-01760,synthetic_demo,2026-04-09,2025-08-23,family,229,30,0,0,0,0,0,6.96,0,0,180,0,1,0.767,1,1,0,0,0,0,1,1,0,0,0,0,1,0
SYN-02397,synthetic_demo,2026-04-09,2025-03-25,personal_growth,380,7,0,1,0,1,0,8.81,1,0,180,1,0,0.728,1,1,1,1,0,0,0,0,0,0,0,0,0,0
SYN-00006,synthetic_demo,2026-04-10,2024-11-02,family,524,7,0,3,0,1,0,3.3,2,0,180,1,0,0.8933,1,1,1,1,0,0,0,0,0,0,0,0,0,0
SYN-00110,synthetic_demo,2026-04-10,2026-01-05,family,95,7,0,2,0,2,0,6.54,1,0,180,0,0,0.5957,1,1,1,0,0,0,0,0,0,1,1,1,1,0
SYN-00229,synthetic_demo,2026-04-10,2026-02-05,relationship,64,7,0,2,0,1,0,5.27,1,0,180,0,1,0.9296,1,1,1,0,0,0,1,0,0,1,1,1,1,0
SYN-00267,synthetic_demo,2026-04-10,2025-06-09,relationship,305,30,0,0,0,0,0,6.06,0,0,180,0,1,0.4928,1,1,0,0,0,0,1,1,0,0,0,0,0,0
SYN-00716,synthetic_demo,2026-04-10,2025-11-04,career,157,30,0,0,0,0,0,1.0,0,0,180,0,1,0.713,1,1,0,0,0,0,1,0,0,0,0,0,1,0
SYN-01303,synthetic_demo,2026-04-10,2026-01-27,personal_growth,73,7,0,1,0,0,0,4.15,1,0,180,0,0,0.6742,1,1,0,0,0,0,0,0,0,0,0,0,0,0
SYN-01408,synthetic_demo,2026-04-10,2026-01-06,career,94,1,4,8,1,6,1,4.95,3,0,180,0,1,0.7648,1,1,1,0,0,0,1,0,0,1,1,0,1,0
SYN-01605,synthetic_demo,2026-04-10,2025-06-19,career,295,6,2,4,1,2,0,5.73,1,0,180,0,0,0.7247,1,1,1,0,0,0,0,0,0,0,0,0,1,0
SYN-00093,synthetic_demo,2026-04-11,2024-12-26,personal_growth,471,29,0,3,0,1,0,5.41,3,0,180,0,0,0.3861,1,1,1,0,0,0,0,0,0,0,0,0,1,0
SYN-00203,synthetic_demo,2026-04-11,2025-05-21,finance,325,7,0,3,0,2,0,4.07,0,0,180,1,1,0.538,1,1,1,1,1,0,1,1,1,1,1,0,0,0
SYN-00258,synthetic_demo,2026-04-11,2025-05-17,finance,329,7,0,1,0,0,0,2.47,1,0,180,0,0,0.7087,1,1,0,0,0,0,0,0,0,1,0,0,1,0
SYN-00361,synthetic_demo,2026-04-11,2025-07-13,education,272,15,0,1,0,0,0,3.89,3,0,180,0,0,0.3002,1,1,0,0,0,0,0,0,0,0,0,0,1,0
SYN-00373,synthetic_demo,2026-04-11,2026-03-08,career,34,7,0,1,0,0,0,2.7,3,0,180,0,0,0.6889,1,1,0,0,0,0,0,0,0,0,0,0,1,0
SYN-00583,synthetic_demo,2026-04-11,2025-10-22,career,171,7,0,4,0,2,0,2.9,0,0,180,0,0,0.7457,1,1,1,0,0,0,0,0,0,1,1,0,0,0
SYN-00603,synthetic_demo,2026-04-11,2025-03-18,finance,389,6,2,4,0,3,2,7.65,1,1,20,0,0,0.7868,1,1,1,0,0,0,0,0,0,1,0,0,0,1
SYN-00656,synthetic_demo,2026-04-11,2025-04-07,career,369,0,1,3,0,2,1,5.55,2,1,49,0,0,0.965,1,1,1,0,0,0,0,0,0,1,1,0,0,0
SYN-00766,synthetic_demo,2026-04-11,2025-03-29,relationship,378,0,2,6,1,1,2,6.97,3,1,17,0,1,0.6864,1,1,1,0,0,0,1,0,0,0,0,0,0,0
SYN-00884,synthetic_demo,2026-04-11,2025-12-24,finance,108,2,3,10,3,6,3,6.25,1,0,180,1,1,0.7221,1,1,1,1,1,0,1,0,0,1,0,0,0,0
SYN-01119,synthetic_demo,2026-04-11,2025-04-19,career,357,29,0,1,0,0,0,2.06,3,0,180,0,0,0.3836,1,1,0,0,0,0,0,0,0,0,0,0,1,1
SYN-02047,synthetic_demo,2026-04-11,2025-11-25,family,137,29,0,1,0,0,0,3.08,2,0,180,0,0,0.3519,1,1,0,0,0,0,0,0,0,0,0,0,1,0
SYN-00055,synthetic_demo,2026-04-12,2025-12-26,relationship,107,1,1,3,1,2,1,7.75,3,1,22,0,2,0.4827,1,1,1,0,0,0,2,2,2,1,0,0,1,0
SYN-00841,synthetic_demo,2026-04-12,2025-10-11,career,183,7,0,3,0,1,0,4.59,1,0,180,0,1,0.7051,1,1,1,0,0,0,1,0,0,1,1,1,1,0
SYN-01586,synthetic_demo,2026-04-12,2025-06-04,finance,312,29,0,2,0,2,0,3.9,1,0,180,1,0,0.5357,1,1,1,1,1,0,0,0,0,0,0,0,1,0
SYN-01993,synthetic_demo,2026-04-12,2024-10-27,career,532,6,1,2,1,2,1,10.2,2,0,180,0,0,0.6407,1,1,1,0,0,0,0,0,0,1,0,0,0,0
SYN-02283,synthetic_demo,2026-04-12,2024-11-02,career,526,21,0,2,0,2,0,2.84,2,1,21,0,0,0.5549,1,1,1,0,0,0,0,0,0,0,0,0,0,0
SYN-00327,synthetic_demo,2026-04-13,2025-03-03,education,406,27,0,3,0,2,0,4.97,4,0,180,1,0,0.8383,1,1,1,1,0,0,0,0,0,0,0,0,0,0
SYN-00488,synthetic_demo,2026-04-13,2024-12-10,personal_growth,489,19,0,3,0,1,0,5.69,1,0,180,0,0,0.3696,1,1,1,0,0,0,0,0,0,1,1,0,1,0
SYN-00968,synthetic_demo,2026-04-13,2025-10-26,family,169,29,0,1,0,1,0,7.24,3,0,180,0,0,0.6905,1,1,1,0,0,0,0,0,0,0,0,0,1,1
SYN-01132,synthetic_demo,2026-04-13,2025-01-24,career,444,7,0,1,0,1,0,6.26,1,0,180,0,0,0.3584,1,1,1,0,0,0,0,0,0,0,0,0,1,0
SYN-01305,synthetic_demo,2026-04-13,2025-07-07,finance,280,29,0,1,0,1,0,2.38,1,0,180,1,1,0.5801,1,1,1,1,1,0,1,0,0,1,0,0,1,1
SYN-01559,synthetic_demo,2026-04-13,2026-02-15,finance,57,3,2,6,1,5,1,8.38,3,0,180,1,0,0.7121,1,1,1,1,0,0,0,0,0,1,0,0,1,0
SYN-01571,synthetic_demo,2026-04-13,2025-07-29,family,258,1,1,3,0,1,0,5.66,2,0,180,0,0,0.9529,1,1,1,0,0,0,0,0,0,0,0,0,0,0
SYN-01694,synthetic_demo,2026-04-13,2025-03-30,finance,379,7,0,2,0,1,0,5.86,1,0,180,0,0,0.4862,1,1,1,0,0,0,0,0,0,0,0,0,0,0
SYN-02009,synthetic_demo,2026-04-13,2026-01-13,personal_growth,90,5,1,2,0,1,1,5.08,4,0,180,0,1,0.2472,1,1,1,0,0,0,1,1,0,1,0,0,1,1
SYN-02019,synthetic_demo,2026-04-13,2024-11-23,career,506,30,0,0,0,0,0,9.49,0,1,32,0,0,0.8193,1,0,0,0,0,0,0,0,0,1,0,0,1,0
SYN-00166,synthetic_demo,2026-04-14,2025-02-23,career,415,19,0,5,0,2,0,7.96,2,0,180,0,0,0.7347,1,1,1,0,0,0,0,0,0,0,0,0,1,0
SYN-00470,synthetic_demo,2026-04-14,2026-02-01,career,72,6,5,9,3,3,2,6.42,3,1,8,0,0,0.9138,1,1,1,0,0,0,0,0,0,1,0,0,0,0
SYN-00473,synthetic_demo,2026-04-14,2025-08-04,family,253,7,0,6,0,3,0,3.8,2,0,180,0,1,0.6883,1,1,1,0,0,0,1,0,0,1,0,0,0,0
SYN-00627,synthetic_demo,2026-04-14,2025-11-30,relationship,135,4,1,3,1,2,1,5.81,3,0,180,0,0,0.7436,1,1,1,0,0,0,0,0,0,1,1,1,0,0
SYN-00748,synthetic_demo,2026-04-14,2025-07-12,relationship,276,29,0,1,0,1,0,3.57,1,0,180,0,0,0.5083,1,1,1,0,0,0,0,0,0,1,0,0,1,0
SYN-01127,synthetic_demo,2026-04-14,2025-04-26,finance,353,17,0,3,0,0,0,3.39,4,1,43,0,0,0.5341,1,0,0,0,0,0,0,0,0,0,0,0,1,0
SYN-01548,synthetic_demo,2026-04-14,2025-03-23,family,387,63,0,0,0,0,0,1.0,0,0,180,0,0,0.4268,1,0,0,0,0,0,0,0,0,1,1,0,1,0
SYN-01844,synthetic_demo,2026-04-14,2025-09-21,family,205,7,0,1,0,0,0,10.52,3,0,180,0,0,0.4563,1,1,0,0,0,0,0,0,0,0,0,0,0,1
SYN-02375,synthetic_demo,2026-04-14,2025-01-16,education,453,7,0,5,0,5,0,2.26,2,0,180,0,2,0.5508,1,1,1,0,0,0,2,0,0,1,1,1,1,0
SYN-00092,synthetic_demo,2026-04-15,2024-12-14,relationship,487,0,2,6,2,6,1,7.72,3,0,180,0,0,0.3927,1,1,1,0,0,0,0,0,0,0,0,0,0,0
SYN-00108,synthetic_demo,2026-04-15,2025-04-21,finance,359,2,3,14,1,9,3,8.22,3,0,180,0,2,0.5691,1,1,1,0,0,0,2,2,2,0,0,0,0,0
SYN-00174,synthetic_demo,2026-04-15,2025-03-19,relationship,392,1,3,5,2,2,0,6.0,3,1,23,4,0,0.6818,1,1,1,1,0,0,0,0,0,1,0,0,0,1
SYN-00444,synthetic_demo,2026-04-15,2025-07-20,finance,269,20,0,1,0,0,0,3.16,0,0,180,0,0,0.8549,1,1,0,0,0,0,0,0,0,0,0,0,1,0
SYN-00494,synthetic_demo,2026-04-15,2024-11-02,relationship,529,7,0,1,0,0,0,6.81,2,0,180,0,0,0.6734,1,1,0,0,0,0,0,0,0,0,0,0,0,0
SYN-00609,synthetic_demo,2026-04-15,2025-05-17,career,333,6,1,1,0,0,1,8.67,3,0,180,0,0,0.8335,1,1,0,0,0,0,0,0,0,0,0,0,1,0
SYN-01024,synthetic_demo,2026-04-15,2025-08-14,career,244,4,2,4,2,4,2,8.77,5,1,89,0,0,0.7385,1,1,1,0,0,0,0,0,0,1,1,0,0,1
SYN-01364,synthetic_demo,2026-04-15,2026-03-12,career,34,9,0,6,0,4,0,8.32,5,0,180,0,0,0.9385,1,1,1,0,0,0,0,0,0,0,0,0,1,0
SYN-01391,synthetic_demo,2026-04-15,2025-02-19,family,420,7,0,4,0,2,0,6.75,0,1,37,1,0,0.4692,1,1,1,1,1,0,0,0,0,1,1,0,1,0
SYN-01781,synthetic_demo,2026-04-15,2025-11-09,career,157,4,2,2,1,1,2,5.55,2,1,11,1,0,0.7222,1,1,1,1,0,0,0,0,0,1,0,0,0,0
SYN-01874,synthetic_demo,2026-04-15,2025-06-09,career,310,6,1,6,0,1,0,2.91,4,0,180,0,0,0.2489,1,1,1,0,0,0,0,0,0,0,0,0,1,0
SYN-02226,synthetic_demo,2026-04-15,2025-06-01,education,318,7,0,4,0,3,0,4.41,2,1,17,1,1,0.7192,1,1,1,1,0,0,1,1,0,0,0,0,1,1
SYN-02260,synthetic_demo,2026-04-15,2025-12-27,education,109,23,0,2,0,1,0,8.54,2,0,180,0,0,0.6125,1,1,1,0,0,0,0,0,0,0,0,0,0,0
SYN-00126,synthetic_demo,2026-04-16,2025-10-29,finance,169,6,1,2,0,1,1,8.49,2,0,180,0,1,0.8381,1,1,1,0,0,0,1,0,0,0,0,0,0,0
SYN-00392,synthetic_demo,2026-04-16,2025-03-18,career,394,4,1,4,1,2,0,4.1,3,0,180,0,0,0.5252,1,1,1,0,0,0,0,0,0,1,1,0,0,0
SYN-00592,synthetic_demo,2026-04-16,2025-07-11,finance,279,7,0,7,0,6,0,4.3,5,0,180,0,0,0.3584,1,1,1,0,0,0,0,0,0,1,1,1,0,0
SYN-00709,synthetic_demo,2026-04-16,2025-09-13,finance,215,5,1,5,1,5,1,9.47,4,1,6,0,0,0.863,1,1,1,0,0,0,0,0,0,0,0,0,0,1
SYN-00888,synthetic_demo,2026-04-16,2026-02-18,relationship,57,6,2,8,1,6,2,8.21,2,1,6,1,1,0.7582,1,1,1,1,1,0,1,1,1,1,0,0,0,1
SYN-00911,synthetic_demo,2026-04-16,2025-07-18,relationship,272,0,2,8,0,3,2,7.55,4,1,75,0,0,0.5176,1,1,1,0,0,0,0,0,0,1,1,1,0,0
SYN-00959,synthetic_demo,2026-04-16,2025-09-19,personal_growth,209,19,0,1,0,0,0,3.15,2,0,180,0,0,0.6809,1,1,0,0,0,0,0,0,0,0,0,0,1,0
SYN-00976,synthetic_demo,2026-04-16,2025-02-05,personal_growth,435,0,2,3,2,2,2,8.46,3,1,66,0,0,0.868,1,1,1,0,0,0,0,0,0,1,0,0,0,1
SYN-01034,synthetic_demo,2026-04-16,2025-01-30,career,441,6,2,3,1,1,2,5.07,1,0,180,1,1,0.8116,1,1,1,1,1,0,1,1,1,1,0,0,0,0
SYN-01299,synthetic_demo,2026-04-16,2025-04-27,relationship,354,29,0,4,0,2,0,6.13,2,1,34,1,1,0.5556,1,1,1,1,0,0,1,1,1,1,1,1,0,0
SYN-01584,synthetic_demo,2026-04-16,2026-02-08,career,67,7,0,1,0,0,0,3.72,1,0,180,0,0,0.5362,1,1,0,0,0,0,0,0,0,0,0,0,1,0
SYN-02254,synthetic_demo,2026-04-16,2026-02-05,relationship,70,27,0,3,0,1,0,6.28,1,0,180,0,1,0.6945,1,1,1,0,0,0,1,0,0,1,0,0,0,0
SYN-00669,synthetic_demo,2026-04-17,2026-03-08,relationship,40,1,1,6,0,3,1,8.75,2,3,60,0,1,0.782,1,1,1,0,0,1,1,1,0,1,0,0,0,0
SYN-01118,synthetic_demo,2026-04-17,2025-12-18,career,120,29,0,2,0,0,0,7.54,2,0,180,0,0,0.3209,1,0,0,0,0,0,0,0,0,0,0,0,1,0
SYN-01306,synthetic_demo,2026-04-17,2025-05-31,relationship,321,7,0,2,0,2,0,10.95,3,0,180,0,0,0.7336,1,1,1,0,0,0,0,0,0,1,1,0,0,0
SYN-01799,synthetic_demo,2026-04-17,2026-02-17,education,59,14,0,3,0,3,0,2.16,2,0,180,0,1,0.4025,1,1,1,0,0,0,1,0,0,0,0,0,1,0
SYN-02238,synthetic_demo,2026-04-17,2026-03-15,finance,33,30,0,0,0,0,0,6.09,0,0,180,0,0,0.6398,1,1,0,0,0,0,0,0,0,1,0,0,1,0
SYN-00524,synthetic_demo,2026-04-18,2026-02-02,education,75,6,1,2,1,2,1,10.6,2,3,21,0,0,0.7622,1,1,1,0,0,1,0,0,0,1,1,0,0,0
SYN-00545,synthetic_demo,2026-04-18,2024-11-11,career,523,7,0,3,0,1,0,8.05,3,0,180,0,0,0.6005,1,1,1,0,0,0,0,0,0,0,0,0,1,0
SYN-01098,synthetic_demo,2026-04-18,2024-12-08,career,496,5,2,6,1,2,2,9.28,3,1,8,1,0,0.8607,1,1,1,1,0,0,0,0,0,1,1,1,1,0
SYN-01163,synthetic_demo,2026-04-18,2025-01-23,education,450,8,0,2,0,0,0,4.61,2,0,180,0,0,0.8049,1,0,0,0,0,0,0,0,0,0,0,0,0,0
SYN-01206,synthetic_demo,2026-04-18,2024-11-03,relationship,531,1,2,8,2,4,2,7.37,1,2,39,0,1,0.6964,1,1,1,0,0,1,1,1,1,0,0,0,0,1
SYN-01212,synthetic_demo,2026-04-18,2025-08-03,finance,258,7,0,3,0,1,0,9.65,0,0,180,0,1,0.4114,1,1,1,0,0,0,1,1,1,1,0,0,1,0
SYN-01335,synthetic_demo,2026-04-18,2025-01-18,family,455,8,0,5,0,3,0,6.88,3,0,180,0,0,0.8003,1,1,1,0,0,0,0,0,0,0,0,0,0,0
SYN-01432,synthetic_demo,2026-04-18,2024-12-21,career,483,22,0,5,0,5,0,6.77,5,1,88,0,1,0.53,1,1,1,0,0,0,1,1,0,0,0,0,0,0
SYN-01580,synthetic_demo,2026-04-18,2026-02-16,career,61,7,0,6,0,2,0,8.66,3,0,180,0,0,0.5953,1,1,1,0,0,0,0,0,0,0,0,0,1,0
SYN-01947,synthetic_demo,2026-04-18,2025-10-10,relationship,190,7,0,2,0,2,0,6.73,1,0,180,0,0,0.6772,1,1,1,0,0,0,0,0,0,1,0,0,0,0
SYN-01981,synthetic_demo,2026-04-18,2026-02-12,career,65,7,0,1,0,0,0,6.68,4,0,180,0,0,0.6681,1,1,0,0,0,0,0,0,0,1,0,0,0,0
SYN-02001,synthetic_demo,2026-04-18,2025-03-24,relationship,390,6,3,6,1,4,2,8.72,3,2,86,3,1,0.7141,1,1,1,1,0,1,1,1,1,0,0,0,0,0
SYN-02175,synthetic_demo,2026-04-18,2025-06-07,relationship,315,2,1,2,0,0,1,4.08,3,0,180,0,0,0.8163,1,1,0,0,0,0,0,0,0,0,0,0,1,0
SYN-00389,synthetic_demo,2026-04-19,2025-04-04,relationship,380,7,0,5,0,3,0,9.72,4,0,180,1,2,0.694,1,1,1,1,1,0,2,2,0,0,0,0,1,0
SYN-00471,synthetic_demo,2026-04-19,2026-02-25,education,53,3,1,4,0,0,0,5.73,2,0,180,0,0,0.7368,1,1,0,0,0,0,0,0,0,1,0,0,1,0
SYN-00598,synthetic_demo,2026-04-19,2025-09-13,finance,218,3,1,3,1,1,1,6.51,2,0,180,0,0,0.7832,1,1,1,0,0,0,0,0,0,1,1,1,0,0
SYN-00626,synthetic_demo,2026-04-19,2025-01-06,relationship,468,29,0,2,0,0,0,5.14,2,0,180,0,0,0.8579,1,1,0,0,0,0,0,0,0,0,0,0,0,0
SYN-01273,synthetic_demo,2026-04-19,2025-08-07,finance,255,1,4,12,2,5,4,6.58,2,1,30,1,0,0.7462,1,1,1,1,1,0,0,0,0,1,1,0,0,1
SYN-01369,synthetic_demo,2026-04-19,2025-02-09,relationship,434,30,0,0,0,0,0,9.41,0,0,180,0,0,0.9641,1,0,0,0,0,0,0,0,0,0,0,0,0,0
SYN-02201,synthetic_demo,2026-04-19,2025-08-03,relationship,259,6,2,8,2,2,2,6.48,4,1,19,0,0,0.3857,1,1,1,0,0,0,0,0,0,0,0,0,0,1
SYN-00030,synthetic_demo,2026-04-20,2026-02-18,personal_growth,61,29,0,6,0,4,0,8.13,3,0,180,1,1,0.856,1,1,1,1,1,0,1,1,0,1,0,0,1,0
SYN-00240,synthetic_demo,2026-04-20,2024-12-06,finance,500,6,4,7,3,6,2,3.53,4,0,180,0,0,0.8948,1,1,1,0,0,0,0,0,0,1,1,1,1,1
SYN-00501,synthetic_demo,2026-04-20,2025-12-15,finance,126,6,4,9,2,6,3,9.76,3,0,180,0,2,0.8421,1,1,1,0,0,0,2,1,1,1,0,0,1,0
SYN-00534,synthetic_demo,2026-04-20,2026-03-08,relationship,43,30,0,0,0,0,0,3.67,0,0,180,0,1,0.9075,1,1,0,0,0,0,1,1,0,0,0,0,0,1
SYN-00650,synthetic_demo,2026-04-20,2025-02-26,relationship,418,25,0,1,0,0,0,4.27,0,0,180,0,0,0.5183,1,1,0,0,0,0,0,0,0,0,0,0,1,0
SYN-00720,synthetic_demo,2026-04-20,2026-01-14,relationship,96,7,0,5,0,3,0,3.18,3,0,180,0,0,0.783,1,1,1,0,0,0,0,0,0,1,0,0,0,0
SYN-00928,synthetic_demo,2026-04-20,2026-03-14,family,37,10,0,1,0,0,0,4.9,0,0,180,0,0,0.7563,1,1,0,0,0,0,0,0,0,0,0,0,0,0
SYN-01120,synthetic_demo,2026-04-20,2025-08-15,relationship,248,6,1,2,0,0,1,12.49,5,0,180,0,0,0.5977,1,1,0,0,0,0,0,0,0,0,0,0,0,0
SYN-01205,synthetic_demo,2026-04-20,2025-11-25,relationship,146,7,0,8,0,4,0,2.85,0,0,180,0,1,0.6669,1,1,1,0,0,0,1,1,1,1,1,0,0,0
SYN-01289,synthetic_demo,2026-04-20,2025-04-06,career,379,21,0,4,0,2,0,3.67,2,0,180,0,1,0.2842,1,1,1,0,0,0,1,1,1,1,0,0,0,0
SYN-01418,synthetic_demo,2026-04-20,2025-08-04,education,259,6,1,2,0,0,1,7.35,4,0,180,0,0,0.9337,1,1,0,0,0,0,0,0,0,0,0,0,1,1
SYN-01532,synthetic_demo,2026-04-20,2025-05-26,career,329,7,0,4,0,1,0,5.04,1,1,38,0,0,0.5612,1,1,1,0,0,0,0,0,0,0,0,0,0,1
SYN-01653,synthetic_demo,2026-04-20,2025-09-23,career,209,7,0,3,0,1,0,7.35,1,0,180,0,0,0.8559,1,1,1,0,0,0,0,0,0,0,0,0,0,0
SYN-01752,synthetic_demo,2026-04-20,2025-05-15,relationship,340,29,0,2,0,1,0,10.03,3,0,180,0,1,0.5736,1,1,1,0,0,0,1,1,0,0,0,0,1,0
SYN-01934,synthetic_demo,2026-04-20,2026-02-28,career,51,14,0,6,0,1,0,6.03,1,1,58,0,0,0.773,1,1,1,0,0,0,0,0,0,0,0,0,1,0
SYN-02113,synthetic_demo,2026-04-20,2024-10-30,personal_growth,537,7,0,3,0,2,0,5.3,3,0,180,1,1,0.6616,1,1,1,1,1,0,1,1,1,0,0,0,0,0
SYN-00122,synthetic_demo,2026-04-21,2024-11-09,relationship,528,0,1,3,0,0,1,2.44,2,0,180,0,0,0.5162,1,1,0,0,0,0,0,0,0,0,0,0,0,0
SYN-00147,synthetic_demo,2026-04-21,2025-08-15,career,249,6,2,3,0,0,2,9.1,1,0,180,0,0,0.6402,1,1,0,0,0,0,0,0,0,0,0,0,0,0
SYN-00453,synthetic_demo,2026-04-21,2026-03-13,personal_growth,39,6,1,6,0,3,1,5.28,3,0,180,0,0,0.7087,1,1,1,0,0,0,0,0,0,1,1,1,0,1
SYN-00578,synthetic_demo,2026-04-21,2025-06-07,finance,318,7,0,4,0,1,0,6.07,1,0,180,0,0,0.6842,1,1,1,0,0,0,0,0,0,1,1,0,1,0
SYN-01147,synthetic_demo,2026-04-21,2025-03-06,personal_growth,411,13,0,2,0,1,0,1.0,3,0,180,1,1,0.548,1,1,1,1,1,0,1,1,0,0,0,0,0,0
SYN-01309,synthetic_demo,2026-04-21,2026-01-14,education,97,7,0,1,0,0,0,1.0,0,0,180,0,0,0.819,1,1,0,0,0,0,0,0,0,0,0,0,0,1
SYN-01462,synthetic_demo,2026-04-21,2026-02-26,relationship,54,16,0,6,0,4,0,9.21,2,1,1,1,0,0.8574,1,1,1,1,1,0,0,0,0,0,0,0,1,1
SYN-01492,synthetic_demo,2026-04-21,2025-03-31,career,386,29,0,2,0,1,0,4.72,1,1,44,0,1,0.8682,1,1,1,0,0,0,1,1,0,0,0,0,1,1
SYN-01498,synthetic_demo,2026-04-21,2025-01-16,career,460,17,0,1,0,0,0,8.64,2,0,180,0,0,0.6685,1,0,0,0,0,0,0,0,0,0,0,0,0,0
SYN-01537,synthetic_demo,2026-04-21,2026-02-28,relationship,52,18,0,2,0,1,0,5.0,1,0,180,0,0,0.5179,1,1,1,0,0,0,0,0,0,1,0,0,1,0
SYN-01581,synthetic_demo,2026-04-21,2025-11-01,education,171,7,0,1,0,0,0,1.34,2,0,180,0,0,0.634,1,0,0,0,0,0,0,0,0,0,0,0,1,0
SYN-01871,synthetic_demo,2026-04-21,2025-08-27,family,237,19,0,4,0,0,0,5.06,1,1,20,0,1,0.4066,1,0,0,0,0,0,1,1,0,1,0,0,0,1
SYN-02115,synthetic_demo,2026-04-21,2025-05-30,relationship,326,30,0,0,0,0,0,5.26,0,0,180,0,0,0.8354,1,1,0,0,0,0,0,0,0,0,0,0,1,0
SYN-02368,synthetic_demo,2026-04-21,2025-02-14,finance,431,4,1,4,1,3,1,10.1,3,0,180,1,0,0.9386,1,1,1,1,1,0,0,0,0,1,0,0,1,0
SYN-00042,synthetic_demo,2026-04-22,2025-10-07,education,197,45,0,0,0,0,0,2.56,0,0,180,0,0,0.743,1,1,0,0,0,0,0,0,0,0,0,0,1,0
SYN-00283,synthetic_demo,2026-04-22,2025-04-03,personal_growth,384,13,0,1,0,1,0,6.65,0,0,180,0,0,0.8392,1,1,1,0,0,0,0,0,0,0,0,0,0,0
SYN-00636,synthetic_demo,2026-04-22,2025-09-25,finance,209,7,0,3,0,3,0,4.55,2,0,180,0,0,0.7446,1,1,1,0,0,0,0,0,0,0,0,0,1,0
SYN-00764,synthetic_demo,2026-04-22,2025-05-09,career,348,6,1,2,0,1,1,8.07,1,0,180,0,0,0.7086,1,1,1,0,0,0,0,0,0,1,0,0,1,0
SYN-01322,synthetic_demo,2026-04-22,2025-11-11,relationship,162,2,1,1,0,1,1,2.46,0,0,180,0,0,0.7623,1,1,1,0,0,0,0,0,0,1,0,0,0,0
SYN-01460,synthetic_demo,2026-04-22,2025-10-11,family,193,7,0,1,0,0,0,5.94,2,0,180,0,0,0.8879,1,1,0,0,0,0,0,0,0,0,0,0,0,0
SYN-01807,synthetic_demo,2026-04-22,2025-12-30,relationship,113,13,0,2,0,0,0,3.85,2,0,180,0,1,0.524,1,1,0,0,0,0,1,0,0,1,0,0,0,0
SYN-00067,synthetic_demo,2026-04-23,2025-11-15,career,159,7,0,4,0,1,0,4.11,3,0,180,0,0,0.8006,1,1,1,0,0,0,0,0,0,1,0,0,0,0
SYN-00265,synthetic_demo,2026-04-23,2026-02-27,career,55,21,0,2,0,1,0,5.62,1,0,180,0,0,0.34,1,1,1,0,0,0,0,0,0,1,1,0,1,0
SYN-00448,synthetic_demo,2026-04-23,2025-01-03,relationship,475,6,2,3,1,2,2,3.01,2,0,180,0,1,0.4767,1,1,1,0,0,0,1,1,0,0,0,0,0,1
SYN-00692,synthetic_demo,2026-04-23,2025-05-27,education,331,8,0,2,0,2,0,6.84,3,1,47,0,0,0.7565,1,1,1,0,0,0,0,0,0,0,0,0,0,0
SYN-00694,synthetic_demo,2026-04-23,2025-01-26,personal_growth,452,16,0,1,0,1,0,7.35,4,0,180,1,1,0.8707,1,1,1,1,0,0,1,1,1,0,0,0,0,0
SYN-00984,synthetic_demo,2026-04-23,2025-08-31,family,235,5,1,2,0,1,0,5.24,1,0,180,3,1,0.9395,1,1,1,1,0,0,1,0,0,0,0,0,0,0
SYN-01154,synthetic_demo,2026-04-23,2025-05-12,career,346,30,0,0,0,0,0,4.68,0,0,180,0,0,0.6167,1,1,0,0,0,0,0,0,0,1,0,0,1,0
SYN-01202,synthetic_demo,2026-04-23,2025-03-18,career,401,3,1,6,0,2,1,2.44,2,1,8,0,0,0.7081,1,1,1,0,0,0,0,0,0,0,0,0,1,0
SYN-01326,synthetic_demo,2026-04-23,2025-07-25,relationship,272,30,0,0,0,0,0,7.2,0,0,180,0,0,0.6,1,1,0,0,0,0,0,0,0,0,0,0,1,0
SYN-01837,synthetic_demo,2026-04-23,2025-11-11,finance,163,30,0,0,0,0,0,7.53,0,0,180,0,1,0.471,1,0,0,0,0,0,1,0,0,0,0,0,0,0
SYN-02041,synthetic_demo,2026-04-23,2025-03-12,family,407,26,0,1,0,0,0,4.8,2,0,180,0,0,0.7513,1,1,0,0,0,0,0,0,0,0,0,0,0,0
SYN-02131,synthetic_demo,2026-04-23,2025-10-27,finance,178,7,0,1,0,0,0,2.03,3,0,180,0,0,0.8252,1,0,0,0,0,0,0,0,0,1,1,0,0,0
SYN-02342,synthetic_demo,2026-04-23,2025-06-26,career,301,6,1,3,1,2,1,1.81,0,0,180,0,0,0.8754,1,1,1,0,0,0,0,0,0,1,0,0,0,1
SYN-00413,synthetic_demo,2026-04-24,2025-01-07,personal_growth,472,7,0,3,0,1,0,3.63,1,0,180,0,1,0.7253,1,1,1,0,0,0,1,1,0,0,0,0,0,0
SYN-00608,synthetic_demo,2026-04-24,2025-01-28,career,451,0,2,7,1,5,2,7.1,2,2,66,0,1,0.7994,1,1,1,0,0,1,1,0,0,1,0,0,0,1
SYN-00777,synthetic_demo,2026-04-24,2025-05-01,relationship,358,2,2,5,1,2,2,6.93,3,1,65,1,1,0.8329,1,1,1,1,0,0,1,1,1,0,0,0,1,1
SYN-01151,synthetic_demo,2026-04-24,2025-02-21,career,427,6,1,3,1,1,0,8.97,3,0,180,0,0,0.9343,1,1,1,0,0,0,0,0,0,0,0,0,1,0
SYN-01396,synthetic_demo,2026-04-24,2025-07-23,relationship,275,6,1,2,0,1,1,1.91,2,0,180,0,0,0.736,1,1,1,0,0,0,0,0,0,0,0,0,0,0
SYN-01526,synthetic_demo,2026-04-24,2026-02-14,finance,69,0,2,4,2,4,2,8.09,5,1,14,0,2,0.8266,1,1,1,0,0,0,2,1,0,1,1,1,0,1
SYN-01757,synthetic_demo,2026-04-24,2025-01-06,finance,473,13,0,1,0,0,0,5.45,3,0,180,0,0,0.747,1,1,0,0,0,0,0,0,0,0,0,0,1,0
SYN-02032,synthetic_demo,2026-04-24,2026-01-20,personal_growth,94,0,4,10,0,5,4,4.34,3,1,1,0,0,0.85,1,1,1,0,0,0,0,0,0,0,0,0,0,0
SYN-02202,synthetic_demo,2026-04-24,2025-12-23,finance,122,5,1,5,1,5,1,6.92,4,0,180,0,1,0.8727,1,1,1,0,0,0,1,0,0,0,0,0,1,0
SYN-02247,synthetic_demo,2026-04-24,2025-09-11,personal_growth,225,10,0,4,0,1,0,9.94,2,0,180,1,0,0.7192,1,1,1,1,0,0,0,0,0,0,0,0,1,0
SYN-02356,synthetic_demo,2026-04-24,2025-02-28,relationship,420,10,0,1,0,1,0,5.93,3,1,21,0,0,0.7308,1,1,1,0,0,0,0,0,0,0,0,0,0,0
SYN-00091,synthetic_demo,2026-04-25,2024-12-25,relationship,486,7,0,2,0,1,0,4.44,5,0,180,0,0,0.6006,1,1,1,0,0,0,0,0,0,0,0,0,0,0
SYN-00540,synthetic_demo,2026-04-25,2025-11-07,career,169,7,0,2,0,2,0,2.29,1,0,180,0,0,0.5668,1,1,1,0,0,0,0,0,0,1,0,0,0,0
SYN-00913,synthetic_demo,2026-04-25,2026-02-03,family,81,7,0,3,0,2,0,1.0,1,0,180,0,2,0.6038,1,1,1,0,0,0,2,0,0,0,0,0,0,0
SYN-00983,synthetic_demo,2026-04-25,2025-08-26,relationship,242,6,1,4,1,3,1,7.79,1,1,28,2,0,0.8339,1,1,1,1,1,0,0,0,0,1,0,0,1,0
SYN-01074,synthetic_demo,2026-04-25,2025-09-04,personal_growth,233,8,0,2,0,0,0,6.83,1,0,180,0,0,0.891,1,1,0,0,0,0,0,0,0,0,0,0,0,0
SYN-01092,synthetic_demo,2026-04-25,2025-02-12,career,437,1,4,5,1,3,3,9.88,1,0,180,1,1,0.7666,1,1,1,1,0,0,1,1,1,1,1,0,0,0
SYN-01370,synthetic_demo,2026-04-25,2026-01-15,family,100,1,2,4,1,4,1,4.74,3,0,180,0,0,0.6911,1,1,1,0,0,0,0,0,0,0,0,0,1,0
SYN-00194,synthetic_demo,2026-04-26,2025-12-01,education,146,10,0,4,0,2,0,2.42,1,0,180,0,1,0.8447,1,1,1,0,0,0,1,0,0,1,1,1,0,1
SYN-00333,synthetic_demo,2026-04-26,2026-02-22,family,63,30,0,0,0,0,0,9.04,0,0,180,0,0,0.759,1,1,0,0,0,0,0,0,0,0,0,0,1,0
SYN-00381,synthetic_demo,2026-04-26,2024-12-18,career,494,1,1,2,0,0,0,6.2,2,0,180,0,0,0.5729,1,1,0,0,0,0,0,0,0,0,0,0,0,0
SYN-00489,synthetic_demo,2026-04-26,2026-03-17,personal_growth,40,29,0,4,0,4,0,6.49,4,0,180,1,0,0.7062,1,1,1,1,1,0,0,0,0,0,0,0,1,1
SYN-01030,synthetic_demo,2026-04-26,2025-05-28,relationship,333,15,0,2,0,1,0,1.86,0,0,180,0,1,0.9035,1,1,1,0,0,0,1,1,0,1,1,1,0,1
SYN-01038,synthetic_demo,2026-04-26,2025-12-14,finance,133,1,5,13,3,9,5,10.1,4,0,180,1,0,0.6997,1,1,1,1,1,0,0,0,0,1,1,1,0,0
SYN-01443,synthetic_demo,2026-04-26,2026-01-12,career,104,7,0,4,0,3,0,6.42,2,0,180,0,0,0.703,1,1,1,0,0,0,0,0,0,1,0,0,0,0
SYN-01561,synthetic_demo,2026-04-26,2025-03-26,relationship,396,8,0,2,0,1,0,3.14,1,0,180,0,2,0.8457,1,1,1,0,0,0,2,1,1,0,0,0,0,0
SYN-01908,synthetic_demo,2026-04-26,2025-10-17,education,191,3,2,4,0,4,1,6.56,5,0,180,0,0,0.6498,1,1,1,0,0,0,0,0,0,0,0,0,0,1
SYN-02048,synthetic_demo,2026-04-26,2025-10-12,career,196,0,1,5,1,2,1,6.53,2,1,21,1,1,0.808,1,1,1,1,1,0,1,1,1,0,0,0,0,1
SYN-02165,synthetic_demo,2026-04-26,2025-11-01,career,176,0,1,4,0,1,1,3.69,3,1,88,0,0,0.5637,1,1,1,0,0,0,0,0,0,0,0,0,0,1
SYN-02278,synthetic_demo,2026-04-26,2025-07-29,career,271,28,0,1,0,0,0,4.18,3,0,180,0,0,0.7704,1,0,0,0,0,0,0,0,0,0,0,0,0,1
SYN-02281,synthetic_demo,2026-04-26,2026-01-13,relationship,103,5,1,4,1,2,1,5.43,3,0,180,0,1,0.794,1,1,1,0,0,0,1,1,0,1,0,0,0,0
SYN-00100,synthetic_demo,2026-04-27,2025-03-13,education,410,0,1,4,1,2,1,4.7,1,1,6,0,0,0.6267,1,1,1,0,0,0,0,0,0,0,0,0,1,0
SYN-00384,synthetic_demo,2026-04-27,2025-04-30,relationship,362,2,1,3,0,2,1,4.85,3,0,180,0,0,0.3438,1,1,1,0,0,0,0,0,0,1,1,0,0,0
SYN-00424,synthetic_demo,2026-04-27,2025-01-14,career,468,9,0,6,0,0,0,4.95,0,0,180,0,0,0.5078,1,1,0,0,0,0,0,0,0,1,0,0,0,0
SYN-00467,synthetic_demo,2026-04-27,2025-06-27,relationship,304,12,0,1,0,0,0,6.32,3,0,180,0,0,0.7363,1,1,0,0,0,0,0,0,0,0,0,0,0,0
SYN-00637,synthetic_demo,2026-04-27,2025-08-18,personal_growth,252,12,0,1,0,1,0,2.58,2,1,33,0,0,0.4013,1,1,1,0,0,0,0,0,0,0,0,0,0,0
SYN-00797,synthetic_demo,2026-04-27,2025-10-19,personal_growth,190,7,0,5,0,2,0,9.93,2,1,43,0,1,0.8401,1,1,1,0,0,0,1,0,0,1,0,0,0,0
SYN-00809,synthetic_demo,2026-04-27,2025-06-12,finance,319,29,0,2,0,1,0,7.58,3,0,180,0,0,0.3907,1,1,1,0,0,0,0,0,0,0,0,0,0,0
SYN-01780,synthetic_demo,2026-04-27,2025-06-07,relationship,324,29,0,4,0,0,0,4.97,1,0,180,0,0,0.3631,1,0,0,0,0,0,0,0,0,1,1,0,1,0
SYN-01950,synthetic_demo,2026-04-27,2025-10-31,education,178,17,0,2,0,1,0,10.46,4,0,180,0,0,0.5409,1,1,1,0,0,0,0,0,0,0,0,0,1,0
SYN-02166,synthetic_demo,2026-04-27,2025-01-28,relationship,454,30,0,0,0,0,0,6.55,0,0,180,0,0,0.9647,1,1,0,0,0,0,0,0,0,0,0,0,1,1
SYN-02359,synthetic_demo,2026-04-27,2025-08-27,relationship,243,6,1,2,0,0,1,1.0,0,0,180,0,0,0.6929,1,1,0,0,0,0,0,0,0,0,0,0,0,1
SYN-00175,synthetic_demo,2026-04-28,2024-11-21,career,523,0,4,12,2,7,4,9.21,3,0,180,2,1,0.5687,1,1,1,1,0,0,1,0,0,0,0,0,0,1
SYN-00236,synthetic_demo,2026-04-28,2025-01-06,relationship,477,29,0,1,0,1,0,5.13,4,0,180,0,0,0.7176,1,1,1,0,0,0,0,0,0,0,0,0,0,0
SYN-00322,synthetic_demo,2026-04-28,2025-03-29,personal_growth,395,6,1,7,0,3,1,1.0,4,1,61,0,0,0.8013,1,1,1,0,0,0,0,0,0,0,0,0,0,1
SYN-00458,synthetic_demo,2026-04-28,2025-01-17,education,466,7,0,2,0,1,0,3.65,0,1,90,0,1,0.5435,1,1,1,0,0,0,1,1,1,1,0,0,0,0
SYN-00667,synthetic_demo,2026-04-28,2024-11-30,finance,514,4,1,3,1,2,1,7.44,3,0,180,0,1,0.8938,1,1,1,0,0,0,1,1,0,1,1,0,0,0
SYN-00721,synthetic_demo,2026-04-28,2025-02-17,career,435,1,1,4,0,2,1,7.15,3,0,180,0,0,0.7923,1,1,1,0,0,0,0,0,0,1,1,0,1,0
SYN-00883,synthetic_demo,2026-04-28,2024-12-09,relationship,505,26,0,2,0,1,0,5.08,2,0,180,1,0,0.3646,1,1,1,1,0,0,0,0,0,0,0,0,0,0
SYN-01039,synthetic_demo,2026-04-28,2025-10-01,personal_growth,209,2,7,11,6,9,7,6.17,4,0,180,1,2,0.6265,1,1,1,1,1,0,2,2,1,1,1,1,0,1
SYN-01159,synthetic_demo,2026-04-28,2025-04-24,relationship,369,15,0,5,0,5,0,7.47,1,0,180,1,1,0.6615,1,1,1,1,0,0,1,1,0,1,0,0,1,0
SYN-01568,synthetic_demo,2026-04-28,2024-12-05,career,509,7,0,2,0,1,0,7.92,1,0,180,0,0,0.699,1,1,1,0,0,0,0,0,0,0,0,0,0,0
SYN-01595,synthetic_demo,2026-04-28,2025-01-25,relationship,458,6,3,6,1,4,2,6.01,2,1,50,1,0,0.5368,1,1,1,1,1,0,0,0,0,1,1,1,1,0
SYN-01655,synthetic_demo,2026-04-28,2025-01-28,relationship,455,30,0,0,0,0,0,7.13,0,0,180,0,0,0.853,1,1,0,0,0,0,0,0,0,0,0,0,1,0
SYN-02101,synthetic_demo,2026-04-28,2025-05-16,relationship,347,7,0,2,0,2,0,7.02,3,0,180,0,1,0.7172,1,1,1,0,0,0,1,1,1,1,0,0,1,1
SYN-00260,synthetic_demo,2026-04-29,2025-11-10,career,170,29,0,2,0,0,0,4.91,1,0,180,0,1,0.7913,1,0,0,0,0,0,1,1,0,1,0,0,1,0
SYN-00351,synthetic_demo,2026-04-29,2025-09-24,relationship,217,6,1,3,0,3,1,4.22,3,0,180,0,0,0.7279,1,1,1,0,0,0,0,0,0,1,0,0,0,0
SYN-00520,synthetic_demo,2026-04-29,2026-02-24,education,64,7,0,2,0,1,0,1.0,2,0,180,0,0,0.8219,1,1,1,0,0,0,0,0,0,1,0,0,0,0
SYN-00805,synthetic_demo,2026-04-29,2025-09-04,education,237,2,1,2,1,1,1,6.7,0,1,46,1,0,0.9033,1,1,1,1,0,0,0,0,0,1,1,0,0,1
SYN-01529,synthetic_demo,2026-04-29,2026-03-11,education,49,7,0,4,0,0,0,3.53,3,0,180,0,1,0.7301,1,1,0,0,0,0,1,1,0,1,1,1,1,0
SYN-01556,synthetic_demo,2026-04-29,2025-01-09,relationship,475,0,1,11,1,8,1,4.94,3,0,180,1,0,0.5602,1,1,1,1,1,0,0,0,0,0,0,0,0,0
SYN-01740,synthetic_demo,2026-04-29,2025-10-05,family,206,21,0,3,0,1,0,2.29,1,0,180,0,0,0.7457,1,1,1,0,0,0,0,0,0,0,0,0,1,1
SYN-01966,synthetic_demo,2026-04-29,2025-11-30,finance,150,3,1,3,0,0,0,7.52,2,2,28,0,0,0.6897,1,1,0,0,0,1,0,0,0,0,0,0,0,1
SYN-02111,synthetic_demo,2026-04-29,2025-10-27,career,184,7,0,3,0,1,0,3.78,1,0,180,0,0,0.6565,1,1,1,0,0,0,0,0,0,0,0,0,0,0
SYN-02266,synthetic_demo,2026-04-29,2025-01-21,finance,463,24,0,4,0,2,0,5.25,3,0,180,0,0,0.5945,1,1,1,0,0,0,0,0,0,0,0,0,1,0
SYN-00074,synthetic_demo,2026-04-30,2025-07-13,personal_growth,291,6,3,9,1,7,3,8.77,0,0,180,0,0,0.7315,1,1,1,0,0,0,0,0,0,1,1,0,1,0
SYN-00178,synthetic_demo,2026-04-30,2025-04-06,career,389,7,0,2,0,1,0,3.6,4,1,16,0,1,0.7884,1,1,1,0,0,0,1,1,0,0,0,0,0,1
SYN-00225,synthetic_demo,2026-04-30,2025-12-31,career,120,7,0,4,0,0,0,5.26,3,0,180,0,0,0.8746,1,1,0,0,0,0,0,0,0,0,0,0,0,0
SYN-00551,synthetic_demo,2026-04-30,2025-12-01,relationship,150,1,3,7,2,3,3,5.28,3,0,180,1,0,0.8648,1,1,1,1,1,0,0,0,0,1,0,0,0,0
SYN-00836,synthetic_demo,2026-04-30,2025-03-12,family,414,6,2,7,1,2,2,6.37,3,1,78,1,1,0.7848,1,1,1,1,0,0,1,1,0,0,0,0,1,0
SYN-01552,synthetic_demo,2026-04-30,2024-12-25,career,491,3,1,3,1,1,1,9.09,2,0,180,0,0,0.8307,1,1,1,0,0,0,0,0,0,1,1,0,0,0
SYN-01587,synthetic_demo,2026-04-30,2025-02-23,finance,431,7,0,1,0,1,0,6.83,0,0,180,0,0,0.9308,1,1,1,0,0,0,0,0,0,1,0,0,1,0
SYN-01877,synthetic_demo,2026-04-30,2025-05-09,personal_growth,356,7,0,1,0,0,0,2.26,2,0,180,0,0,0.6352,1,1,0,0,0,0,0,0,0,0,0,0,0,0
SYN-01903,synthetic_demo,2026-04-30,2025-05-18,relationship,347,12,0,3,0,1,0,4.12,3,0,180,0,0,0.9583,1,1,1,0,0,0,0,0,0,0,0,0,1,0
SYN-02086,synthetic_demo,2026-04-30,2025-10-07,personal_growth,205,6,2,8,2,3,1,3.44,3,1,16,0,0,0.7822,1,1,1,0,0,0,0,0,0,0,0,0,0,0
SYN-02094,synthetic_demo,2026-04-30,2025-06-05,relationship,329,7,0,3,0,2,0,3.8,2,0,180,0,0,0.3627,1,1,1,0,0,0,0,0,0,1,0,0,0,0
SYN-02135,synthetic_demo,2026-04-30,2024-11-19,personal_growth,527,6,1,2,0,0,1,6.5,2,0,180,0,1,0.7532,1,0,0,0,0,0,1,1,1,1,1,1,0,0
SYN-02321,synthetic_demo,2026-04-30,2025-03-13,finance,413,1,1,7,0,4,1,8.01,3,0,180,2,1,0.6383,1,1,1,1,0,0,1,0,0,1,0,0,0,1
SYN-00142,synthetic_demo,2026-05-01,2025-05-19,career,347,7,0,2,0,0,0,7.62,2,0,180,0,0,0.5174,1,1,0,0,0,0,0,0,0,0,0,0,0,0
SYN-00346,synthetic_demo,2026-05-01,2025-12-08,relationship,144,30,0,0,0,0,0,5.47,0,0,180,0,0,0.9119,1,0,0,0,0,0,0,0,0,0,0,0,0,1
SYN-00468,synthetic_demo,2026-05-01,2026-01-19,finance,102,3,1,4,1,2,1,4.44,3,0,180,0,0,0.5718,1,1,1,0,0,0,0,0,0,1,1,1,0,0
SYN-00614,synthetic_demo,2026-05-01,2025-02-19,relationship,436,7,0,2,0,0,0,4.43,2,0,180,0,0,0.4464,1,1,0,0,0,0,0,0,0,0,0,0,1,0
SYN-00615,synthetic_demo,2026-05-01,2025-04-24,family,372,2,1,4,0,2,1,7.82,1,1,86,0,0,0.8575,1,1,1,0,0,0,0,0,0,0,0,0,0,0
SYN-00695,synthetic_demo,2026-05-01,2025-01-01,career,485,3,1,4,0,2,1,6.56,2,0,180,2,1,0.5202,1,1,1,1,0,0,1,1,1,1,1,0,1,0
SYN-00840,synthetic_demo,2026-05-01,2025-05-11,education,355,14,0,1,0,1,0,8.6,0,0,180,0,0,0.7532,1,1,1,0,0,0,0,0,0,0,0,0,0,0
SYN-00924,synthetic_demo,2026-05-01,2025-01-06,family,480,4,2,10,1,8,2,7.38,3,0,180,2,2,0.7201,1,1,1,1,0,0,2,2,0,0,0,0,0,0
SYN-01827,synthetic_demo,2026-05-01,2025-08-08,family,266,6,1,4,0,3,1,8.72,1,0,180,0,1,0.6333,1,1,1,0,0,0,1,1,0,0,0,0,0,0
SYN-01858,synthetic_demo,2026-05-01,2026-02-20,relationship,70,7,0,4,0,2,0,9.59,2,0,180,1,1,0.5928,1,1,1,1,1,0,1,0,0,0,0,0,0,0
SYN-02049,synthetic_demo,2026-05-01,2025-04-11,education,385,0,2,7,2,3,2,9.51,4,1,37,1,1,0.6535,1,1,1,1,1,0,1,0,0,1,1,1,0,0
SYN-02255,synthetic_demo,2026-05-01,2026-01-19,relationship,102,7,0,2,0,2,0,4.5,2,0,180,1,2,0.4326,1,1,1,1,0,0,2,1,0,1,0,0,1,0
SYN-00179,synthetic_demo,2026-05-02,2025-09-24,education,220,7,0,2,0,1,0,5.92,2,1,57,0,0,0.8738,1,1,1,0,0,0,0,0,0,0,0,0,0,1
SYN-00335,synthetic_demo,2026-05-02,2025-02-07,family,449,7,0,1,0,0,0,3.53,2,0,180,0,0,0.6846,1,1,0,0,0,0,0,0,0,0,0,0,1,0
SYN-00337,synthetic_demo,2026-05-02,2026-01-08,personal_growth,114,2,1,3,0,3,1,10.19,3,0,180,0,1,0.8746,1,1,1,0,0,0,1,0,0,0,0,0,0,0
SYN-00454,synthetic_demo,2026-05-02,2025-04-25,family,372,7,0,4,0,3,0,7.83,2,0,180,1,1,0.6886,1,1,1,1,1,0,1,1,1,0,0,0,1,0
SYN-00731,synthetic_demo,2026-05-02,2025-04-30,personal_growth,367,7,0,1,0,0,0,4.35,3,0,180,0,0,0.7731,1,0,0,0,0,0,0,0,0,0,0,0,0,0
SYN-00779,synthetic_demo,2026-05-02,2024-12-31,education,487,1,5,10,4,5,1,5.3,4,0,180,3,0,0.6976,1,1,1,1,1,0,0,0,0,1,1,0,0,1
SYN-01175,synthetic_demo,2026-05-02,2025-04-26,personal_growth,371,7,0,2,0,0,0,5.4,1,0,180,0,0,0.9926,1,1,0,0,0,0,0,0,0,1,0,0,1,0
SYN-01348,synthetic_demo,2026-05-02,2025-02-18,career,438,14,0,4,0,2,0,8.5,3,0,180,0,0,0.5235,1,1,1,0,0,0,0,0,0,0,0,0,0,0
SYN-01712,synthetic_demo,2026-05-02,2026-01-16,relationship,106,7,0,4,0,1,0,10.38,2,0,180,1,2,0.9583,1,1,1,1,0,0,2,1,1,0,0,0,1,1
SYN-02084,synthetic_demo,2026-05-02,2024-11-19,personal_growth,529,10,0,2,0,1,0,9.44,3,0,180,0,1,0.5933,1,1,1,0,0,0,1,0,0,1,0,0,0,1
SYN-00094,synthetic_demo,2026-05-03,2025-07-28,career,279,8,0,2,0,1,0,5.67,4,1,34,1,0,0.6347,1,1,1,1,0,0,0,0,0,0,0,0,1,0
SYN-00114,synthetic_demo,2026-05-03,2025-07-15,education,292,27,0,1,0,0,0,5.07,0,0,180,0,0,0.5193,1,1,0,0,0,0,0,0,0,1,1,0,1,0
SYN-00388,synthetic_demo,2026-05-03,2025-11-11,family,173,22,0,2,0,1,0,1.19,0,2,10,0,0,0.7498,1,1,1,0,0,1,0,0,0,1,0,0,1,0
SYN-00853,synthetic_demo,2026-05-03,2025-07-06,personal_growth,301,30,0,0,0,0,0,3.5,0,1,24,0,0,0.8518,1,1,0,0,0,0,0,0,0,0,0,0,1,0
SYN-01082,synthetic_demo,2026-05-03,2024-11-10,education,539,7,0,1,0,0,0,6.72,1,0,180,0,0,0.1907,1,1,0,0,0,0,0,0,0,0,0,0,1,0
SYN-01292,synthetic_demo,2026-05-03,2025-02-18,education,439,22,0,4,0,2,0,7.75,2,0,180,0,1,0.4271,1,1,1,0,0,0,1,1,1,1,0,0,1,1
SYN-01416,synthetic_demo,2026-05-03,2025-06-08,career,329,0,1,6,1,4,1,9.66,1,0,180,0,0,0.7784,1,1,1,0,0,0,0,0,0,1,0,0,1,0
SYN-01547,synthetic_demo,2026-05-03,2025-02-13,family,444,7,0,3,0,1,0,4.45,4,0,180,0,1,0.5815,1,1,1,0,0,0,1,1,0,1,1,0,1,0
SYN-01728,synthetic_demo,2026-05-03,2025-05-04,relationship,364,6,1,1,0,0,1,6.95,2,1,35,0,0,0.6909,1,1,0,0,0,0,0,0,0,0,0,0,1,0
SYN-01750,synthetic_demo,2026-05-03,2025-01-14,relationship,474,1,1,3,0,2,1,6.98,1,1,34,0,2,0.6784,1,1,1,0,0,0,2,1,0,0,0,0,0,0
SYN-02008,synthetic_demo,2026-05-03,2026-02-27,family,65,29,0,4,0,1,0,4.99,2,0,180,0,0,0.8118,1,1,1,0,0,0,0,0,0,0,0,0,0,0
SYN-02299,synthetic_demo,2026-05-03,2024-12-21,finance,498,7,0,3,0,2,0,5.73,0,0,180,0,0,0.5908,1,1,1,0,0,0,0,0,0,1,0,0,0,0
SYN-00189,synthetic_demo,2026-05-04,2025-09-11,finance,235,6,2,4,1,1,2,7.57,2,1,82,0,0,0.6917,1,1,1,0,0,0,0,0,0,0,0,0,0,1
SYN-00395,synthetic_demo,2026-05-04,2025-06-25,career,313,0,2,6,1,4,2,8.97,2,1,21,1,0,0.6511,1,1,1,1,1,0,0,0,0,0,0,0,0,1
SYN-00599,synthetic_demo,2026-05-04,2026-02-24,personal_growth,69,6,2,4,2,3,2,10.15,3,2,55,0,0,0.6836,1,1,1,0,0,1,0,0,0,0,0,0,0,1
SYN-00733,synthetic_demo,2026-05-04,2026-03-14,finance,51,29,0,6,0,1,0,7.33,2,0,180,0,0,0.9354,1,1,1,0,0,0,0,0,0,1,0,0,1,0
SYN-00781,synthetic_demo,2026-05-04,2025-12-02,education,153,11,0,1,0,1,0,5.52,2,0,180,0,0,0.6478,1,1,1,0,0,0,0,0,0,0,0,0,0,0
SYN-00994,synthetic_demo,2026-05-04,2024-12-17,career,503,15,0,2,0,0,0,2.3,3,0,180,0,0,0.4203,1,1,0,0,0,0,0,0,0,0,0,0,1,0
SYN-01005,synthetic_demo,2026-05-04,2025-07-31,career,277,21,0,2,0,2,0,3.96,2,1,65,0,0,0.5552,1,1,1,0,0,0,0,0,0,1,0,0,1,0
SYN-01017,synthetic_demo,2026-05-04,2025-06-22,career,316,68,0,0,0,0,0,4.77,0,0,180,0,0,0.5259,1,1,0,0,0,0,0,0,0,1,0,0,1,0
SYN-01231,synthetic_demo,2026-05-04,2025-05-17,finance,352,2,1,4,1,1,1,6.15,2,0,180,0,1,0.8403,1,1,1,0,0,0,1,1,1,1,1,0,0,0
SYN-01264,synthetic_demo,2026-05-04,2025-03-25,relationship,405,29,0,1,0,0,0,1.0,1,0,180,0,0,0.3063,1,0,0,0,0,0,0,0,0,1,0,0,1,0
SYN-01540,synthetic_demo,2026-05-04,2025-05-13,family,356,22,0,5,0,2,0,8.89,3,1,26,0,0,0.3697,1,1,1,0,0,0,0,0,0,1,0,0,1,0
SYN-01679,synthetic_demo,2026-05-04,2024-12-10,personal_growth,510,9,0,1,0,0,0,1.08,2,0,180,0,0,0.418,1,1,0,0,0,0,0,0,0,0,0,0,1,1
SYN-01779,synthetic_demo,2026-05-04,2025-06-24,finance,314,7,0,4,0,2,0,5.0,1,0,180,1,0,0.915,1,1,1,1,1,0,0,0,0,0,0,0,1,0
SYN-01953,synthetic_demo,2026-05-04,2025-03-31,relationship,399,29,0,1,0,1,0,2.98,2,0,180,0,0,0.5935,1,1,1,0,0,0,0,0,0,0,0,0,1,0
SYN-02343,synthetic_demo,2026-05-04,2026-03-27,career,38,6,2,4,1,1,2,8.61,2,0,180,1,1,0.7951,1,1,1,1,1,0,1,1,0,1,0,0,1,0
SYN-00306,synthetic_demo,2026-05-05,2025-09-11,education,236,1,1,2,0,2,1,7.45,1,0,180,0,1,0.516,1,1,1,0,0,0,1,1,0,0,0,0,1,0
SYN-00438,synthetic_demo,2026-05-05,2025-01-21,career,469,7,0,3,0,3,0,4.54,2,0,180,0,0,0.9258,1,1,1,0,0,0,0,0,0,0,0,0,0,0
SYN-00697,synthetic_demo,2026-05-05,2025-10-19,personal_growth,198,22,0,3,0,1,0,7.13,2,1,37,0,1,0.8083,1,1,1,0,0,0,1,1,0,1,0,0,1,1
SYN-01048,synthetic_demo,2026-05-05,2025-08-10,education,268,7,0,1,0,0,0,3.85,2,0,180,0,0,0.282,1,1,0,0,0,0,0,0,0,1,1,0,0,0
SYN-01148,synthetic_demo,2026-05-05,2026-01-26,personal_growth,99,6,4,4,3,3,4,4.69,3,1,64,0,1,0.7069,1,1,1,0,0,0,1,1,0,0,0,0,0,0
SYN-01172,synthetic_demo,2026-05-05,2025-02-26,personal_growth,433,9,0,3,0,0,0,4.7,1,0,180,0,1,0.435,1,0,0,0,0,0,1,0,0,1,0,0,0,0
SYN-01337,synthetic_demo,2026-05-05,2026-01-12,education,113,30,0,0,0,0,0,4.31,0,0,180,0,0,0.4963,1,0,0,0,0,0,0,0,0,0,0,0,0,0
SYN-01368,synthetic_demo,2026-05-05,2025-11-12,relationship,174,6,3,4,3,3,3,5.38,2,0,180,1,1,0.7541,1,1,1,1,1,0,1,1,1,1,0,0,0,0
SYN-01489,synthetic_demo,2026-05-05,2024-12-24,finance,497,5,2,3,1,1,2,3.76,3,1,38,0,0,0.7875,1,1,1,0,0,0,0,0,0,1,0,0,1,1
SYN-01682,synthetic_demo,2026-05-05,2025-03-17,relationship,414,7,0,1,0,1,0,3.28,5,0,180,1,0,0.476,1,1,1,1,1,0,0,0,0,1,1,1,1,0
SYN-01803,synthetic_demo,2026-05-05,2025-03-09,personal_growth,422,13,0,3,0,2,0,6.35,2,1,31,1,0,0.9265,1,1,1,1,0,0,0,0,0,1,0,0,0,0
SYN-02108,synthetic_demo,2026-05-05,2025-08-18,relationship,260,7,0,1,0,0,0,6.7,1,0,180,0,0,0.7362,1,1,0,0,0,0,0,0,0,0,0,0,0,0
SYN-02163,synthetic_demo,2026-05-05,2025-09-21,relationship,226,7,0,1,0,0,0,2.46,0,0,180,0,0,0.691,1,1,0,0,0,0,0,0,0,0,0,0,0,0
SYN-02274,synthetic_demo,2026-05-05,2025-06-17,career,322,7,0,9,0,3,0,4.13,1,0,180,0,0,0.7377,1,1,1,0,0,0,0,0,0,0,0,0,0,0
SYN-02316,synthetic_demo,2026-05-05,2025-04-10,education,390,30,0,0,0,0,0,2.64,0,0,180,0,0,0.6355,1,1,0,0,0,0,0,0,0,0,0,0,1,0
SYN-00215,synthetic_demo,2026-05-06,2026-01-10,career,116,22,0,3,0,2,0,4.36,3,0,180,0,0,0.6205,1,1,1,0,0,0,0,0,0,1,0,0,1,1
SYN-00552,synthetic_demo,2026-05-06,2025-08-13,career,266,22,0,2,0,2,0,9.54,2,2,4,0,1,0.8366,1,1,1,0,0,1,1,1,0,1,1,0,0,0
SYN-00917,synthetic_demo,2026-05-06,2025-01-25,career,466,7,0,3,0,0,0,3.77,1,1,4,0,0,0.819,1,0,0,0,0,0,0,0,0,0,0,0,0,0
SYN-01036,synthetic_demo,2026-05-06,2025-07-16,family,294,7,0,1,0,0,0,7.59,4,0,180,0,0,0.319,1,1,0,0,0,0,0,0,0,1,0,0,0,0
SYN-01184,synthetic_demo,2026-05-06,2025-09-06,career,242,5,2,9,1,8,2,6.23,1,2,65,0,2,0.9453,1,1,1,0,0,1,2,2,1,0,0,0,0,0
SYN-01652,synthetic_demo,2026-05-06,2026-03-28,finance,39,7,0,1,0,0,0,4.57,1,0,180,0,0,0.4958,1,1,0,0,0,0,0,0,0,0,0,0,0,0
SYN-01838,synthetic_demo,2026-05-06,2025-10-16,relationship,202,2,1,2,0,2,1,6.64,2,0,180,0,0,0.6972,1,1,1,0,0,0,0,0,0,0,0,0,1,0
SYN-02140,synthetic_demo,2026-05-06,2025-04-04,family,397,28,0,7,0,3,0,6.3,2,1,29,0,0,0.6205,1,1,1,0,0,0,0,0,0,1,0,0,1,0
SYN-02337,synthetic_demo,2026-05-06,2025-05-26,relationship,345,6,2,8,1,4,1,2.1,2,1,65,0,1,0.5311,1,1,1,0,0,0,1,1,0,0,0,0,0,0
SYN-00056,synthetic_demo,2026-05-07,2026-01-29,finance,98,6,3,5,1,3,3,7.14,3,0,180,0,1,0.7772,1,1,1,0,0,0,1,1,0,1,0,0,1,0
SYN-00075,synthetic_demo,2026-05-07,2026-01-14,education,113,23,0,5,0,2,0,4.0,2,1,20,0,0,0.8113,1,1,1,0,0,0,0,0,0,0,0,0,1,0
SYN-00778,synthetic_demo,2026-05-07,2025-10-27,education,192,6,1,2,1,1,1,5.78,3,0,180,1,0,0.4703,1,1,1,1,1,0,0,0,0,0,0,0,0,0
SYN-00786,synthetic_demo,2026-05-07,2025-12-31,career,127,24,0,1,0,1,0,1.0,1,1,33,0,0,0.7502,1,1,1,0,0,0,0,0,0,1,1,0,0,0
SYN-00982,synthetic_demo,2026-05-07,2025-10-20,career,199,0,1,2,1,1,1,5.06,1,1,52,0,0,0.7544,1,1,1,0,0,0,0,0,0,1,0,0,0,0
SYN-01080,synthetic_demo,2026-05-07,2025-09-01,education,248,30,0,0,0,0,0,7.39,0,0,180,0,0,0.2799,1,1,0,0,0,0,0,0,0,0,0,0,1,0
SYN-01114,synthetic_demo,2026-05-07,2025-02-20,relationship,441,7,0,3,0,2,0,4.95,4,0,180,0,1,0.7124,1,1,1,0,0,0,1,1,0,0,0,0,1,0
SYN-01123,synthetic_demo,2026-05-07,2025-09-09,career,240,6,1,1,0,1,0,5.16,3,0,180,0,0,0.7977,1,1,1,0,0,0,0,0,0,0,0,0,0,1
SYN-01125,synthetic_demo,2026-05-07,2024-12-03,career,520,1,1,5,0,0,1,5.86,4,0,180,0,0,0.3618,1,0,0,0,0,0,0,0,0,1,1,0,0,0
SYN-01218,synthetic_demo,2026-05-07,2025-11-22,education,166,14,0,1,0,0,0,1.26,2,0,180,0,1,0.8898,1,1,0,0,0,0,1,0,0,0,0,0,1,0
SYN-01277,synthetic_demo,2026-05-07,2026-01-05,personal_growth,122,7,0,2,0,2,0,8.25,3,0,180,1,0,0.8195,1,1,1,1,1,0,0,0,0,0,0,0,0,0
SYN-01623,synthetic_demo,2026-05-07,2026-01-27,finance,100,2,2,2,1,1,0,1.0,2,0,180,0,0,0.5414,1,1,1,0,0,0,0,0,0,0,0,0,1,0
SYN-01702,synthetic_demo,2026-05-07,2026-02-07,finance,89,7,0,3,0,2,0,7.07,1,0,180,0,0,0.7209,1,1,1,0,0,0,0,0,0,0,0,0,0,0
SYN-01850,synthetic_demo,2026-05-07,2025-08-15,personal_growth,265,7,0,2,0,1,0,3.36,2,1,84,0,1,0.699,1,1,1,0,0,0,1,1,1,1,1,0,0,0
SYN-01873,synthetic_demo,2026-05-07,2025-12-09,career,149,17,0,1,0,0,0,6.25,1,0,180,0,0,0.612,1,0,0,0,0,0,0,0,0,0,0,0,1,0
SYN-02218,synthetic_demo,2026-05-07,2025-11-15,career,173,2,2,6,2,3,2,6.78,3,1,60,0,0,0.6102,1,1,1,0,0,0,0,0,0,0,0,0,0,0
SYN-02363,synthetic_demo,2026-05-07,2025-04-02,career,400,7,0,3,0,1,0,7.07,1,1,77,0,1,0.7444,1,1,1,0,0,0,1,1,1,0,0,0,0,0
SYN-00176,synthetic_demo,2026-05-08,2025-11-28,relationship,161,29,0,1,0,0,0,5.54,0,0,180,0,0,0.9283,1,1,0,0,0,0,0,0,0,1,0,0,1,0
SYN-00200,synthetic_demo,2026-05-08,2024-12-06,personal_growth,518,30,0,0,0,0,0,1.19,0,0,180,0,0,0.7073,1,0,0,0,0,0,0,0,0,0,0,0,1,0
SYN-00223,synthetic_demo,2026-05-08,2026-03-19,career,50,3,2,7,2,4,2,7.44,2,0,180,0,0,0.5137,1,1,1,0,0,0,0,0,0,1,1,1,0,0
SYN-00481,synthetic_demo,2026-05-08,2025-10-03,career,217,15,0,6,0,3,0,8.27,3,1,7,0,0,0.6156,1,1,1,0,0,0,0,0,0,1,1,1,0,0
SYN-00862,synthetic_demo,2026-05-08,2025-11-02,career,187,4,1,6,0,3,1,4.8,3,0,180,0,0,0.9131,1,1,1,0,0,0,0,0,0,1,0,0,0,0
SYN-00900,synthetic_demo,2026-05-08,2024-11-18,finance,536,1,3,7,2,6,2,8.49,3,1,13,0,3,0.9852,1,1,1,0,0,0,3,2,1,1,0,0,1,1
SYN-01110,synthetic_demo,2026-05-08,2025-08-09,career,272,7,0,5,0,3,0,4.98,2,0,180,1,0,0.837,1,1,1,1,1,0,0,0,0,0,0,0,0,1
SYN-01531,synthetic_demo,2026-05-08,2025-01-12,career,481,7,0,3,0,0,0,4.5,1,0,180,0,0,0.6155,1,1,0,0,0,0,0,0,0,0,0,0,1,0
SYN-01907,synthetic_demo,2026-05-08,2026-02-12,finance,85,6,1,4,0,3,1,9.1,1,0,180,0,1,0.815,1,1,1,0,0,0,1,0,0,0,0,0,0,0
SYN-01995,synthetic_demo,2026-05-08,2025-10-09,finance,211,11,0,3,0,0,0,2.11,1,0,180,0,0,0.6717,1,1,0,0,0,0,0,0,0,1,1,1,0,0
SYN-02172,synthetic_demo,2026-05-08,2025-02-13,career,449,6,1,4,0,4,1,3.68,1,0,180,1,0,0.5333,1,1,1,1,0,0,0,0,0,1,1,1,0,0
SYN-00027,synthetic_demo,2026-05-09,2024-12-27,personal_growth,498,7,0,1,0,0,0,3.33,2,0,180,0,1,0.8963,1,1,0,0,0,0,1,1,0,0,0,0,1,0
SYN-00068,synthetic_demo,2026-05-09,2025-03-10,career,425,7,0,3,0,2,0,7.51,4,1,39,0,0,0.7811,1,1,1,0,0,0,0,0,0,0,0,0,1,1
SYN-00143,synthetic_demo,2026-05-09,2026-04-04,relationship,35,7,0,3,0,1,0,5.32,3,0,180,0,0,0.4821,1,1,1,0,0,0,0,0,0,0,0,0,0,0
SYN-00172,synthetic_demo,2026-05-09,2025-08-03,education,279,30,0,0,0,0,0,6.47,0,0,180,0,1,0.7306,1,1,0,0,0,0,1,0,0,1,0,0,1,1
SYN-00214,synthetic_demo,2026-05-09,2025-10-10,education,211,6,2,6,0,3,2,10.88,2,0,180,1,0,0.6381,1,1,1,1,1,0,0,0,0,1,1,1,0,0
SYN-00281,synthetic_demo,2026-05-09,2025-09-22,relationship,229,1,1,3,0,0,1,2.06,2,0,180,0,0,0.8001,1,1,0,0,0,0,0,0,0,1,1,1,0,0
SYN-00282,synthetic_demo,2026-05-09,2025-11-23,relationship,167,17,0,1,0,0,0,1.0,0,0,180,0,0,0.425,1,1,0,0,0,0,0,0,0,1,0,0,0,0
SYN-00800,synthetic_demo,2026-05-09,2025-08-13,personal_growth,269,29,0,2,0,0,0,2.83,2,0,180,0,0,0.7927,1,1,0,0,0,0,0,0,0,1,0,0,1,0
SYN-01249,synthetic_demo,2026-05-09,2025-04-29,relationship,375,32,0,0,0,0,0,2.44,0,0,180,0,0,0.7576,1,0,0,0,0,0,0,0,0,0,0,0,1,0
SYN-01268,synthetic_demo,2026-05-09,2026-01-05,finance,124,7,0,1,0,0,0,3.2,1,0,180,0,0,0.9083,1,1,0,0,0,0,0,0,0,1,0,0,0,0
SYN-01378,synthetic_demo,2026-05-09,2026-03-16,career,54,1,1,1,0,0,1,4.48,1,0,180,0,0,0.6565,1,1,0,0,0,0,0,0,0,1,0,0,1,0
SYN-01546,synthetic_demo,2026-05-09,2026-02-14,family,84,7,0,4,0,1,0,1.19,2,0,180,0,0,0.6135,1,1,1,0,0,0,0,0,0,0,0,0,0,0
SYN-01746,synthetic_demo,2026-05-09,2026-03-03,career,67,7,0,2,0,1,0,4.61,4,0,180,0,0,0.6007,1,1,1,0,0,0,0,0,0,1,0,0,1,0
SYN-01755,synthetic_demo,2026-05-09,2025-06-27,finance,316,7,0,4,0,0,0,4.0,0,1,16,0,0,0.3969,1,1,0,0,0,0,0,0,0,0,0,0,0,1
SYN-01784,synthetic_demo,2026-05-09,2025-06-04,finance,339,2,1,5,1,3,1,7.33,3,0,180,1,1,0.6489,1,1,1,1,1,0,1,0,0,0,0,0,0,0
SYN-01795,synthetic_demo,2026-05-09,2025-05-27,finance,347,5,3,7,2,2,3,5.88,4,0,180,0,1,0.8571,1,1,1,0,0,0,1,1,0,1,1,1,0,0
SYN-01831,synthetic_demo,2026-05-09,2025-01-17,career,477,7,0,4,0,2,0,7.0,1,1,74,0,0,0.7732,1,1,1,0,0,0,0,0,0,0,0,0,1,1
SYN-02064,synthetic_demo,2026-05-09,2025-12-11,education,149,2,1,6,1,3,1,8.16,1,0,180,0,1,0.8582,1,1,1,0,0,0,1,1,1,1,0,0,0,0
SYN-02340,synthetic_demo,2026-05-09,2025-10-26,education,195,5,2,2,1,1,0,4.66,1,0,180,0,0,0.7901,1,1,1,0,0,0,0,0,0,1,1,1,0,1
SYN-00555,synthetic_demo,2026-05-10,2025-02-05,career,459,7,0,1,0,0,0,3.46,2,0,180,0,0,0.391,1,1,0,0,0,0,0,0,0,1,0,0,0,0
SYN-00898,synthetic_demo,2026-05-10,2025-08-26,career,257,12,0,3,0,2,0,1.0,2,1,45,0,0,0.5897,1,1,1,0,0,0,0,0,0,0,0,0,0,0
SYN-01149,synthetic_demo,2026-05-10,2025-05-19,finance,356,7,0,2,0,1,0,3.81,4,0,180,0,0,0.8723,1,1,1,0,0,0,0,0,0,1,1,0,1,0
SYN-01225,synthetic_demo,2026-05-10,2025-12-24,relationship,137,30,0,0,0,0,0,2.97,0,0,180,0,0,0.4353,1,1,0,0,0,0,0,0,0,0,0,0,1,0
SYN-01232,synthetic_demo,2026-05-10,2025-02-26,career,438,7,0,2,0,1,0,3.16,3,0,180,0,0,0.8431,1,1,1,0,0,0,0,0,0,1,0,0,0,0
SYN-01384,synthetic_demo,2026-05-10,2026-02-04,career,95,6,2,6,1,4,0,3.12,2,0,180,0,0,0.7661,1,1,1,0,0,0,0,0,0,1,0,0,0,0
SYN-01458,synthetic_demo,2026-05-10,2025-06-19,relationship,325,7,0,2,0,0,0,8.02,3,1,57,0,0,0.6078,1,1,0,0,0,0,0,0,0,0,0,0,1,0
SYN-01680,synthetic_demo,2026-05-10,2025-05-30,relationship,345,7,0,3,0,1,0,8.77,0,0,180,0,0,0.9678,1,1,1,0,0,0,0,0,0,0,0,0,0,0
SYN-01829,synthetic_demo,2026-05-10,2026-03-16,personal_growth,55,6,1,3,1,1,1,9.15,4,0,180,0,0,0.679,1,1,1,0,0,0,0,0,0,1,1,0,0,0
SYN-01992,synthetic_demo,2026-05-10,2025-02-07,family,457,7,0,3,0,0,0,2.66,3,0,180,0,0,0.7934,1,1,0,0,0,0,0,0,0,0,0,0,0,1
SYN-02341,synthetic_demo,2026-05-10,2025-12-31,relationship,130,7,0,5,0,3,0,4.77,0,0,180,0,1,0.857,1,1,1,0,0,0,1,1,1,1,1,0,0,0
SYN-02370,synthetic_demo,2026-05-10,2026-01-06,relationship,124,7,0,4,0,4,0,7.51,1,0,180,0,0,0.5036,1,1,1,0,0,0,0,0,0,0,0,0,0,1
SYN-00206,synthetic_demo,2026-05-11,2024-12-27,personal_growth,500,29,0,2,0,1,0,7.26,2,1,55,0,0,0.8421,1,1,1,0,0,0,0,0,0,1,0,0,1,0
SYN-00846,synthetic_demo,2026-05-11,2026-03-13,personal_growth,59,4,2,3,0,0,1,7.44,3,0,180,0,0,0.8045,1,1,0,0,0,0,0,0,0,0,0,0,0,0
SYN-00885,synthetic_demo,2026-05-11,2025-05-25,career,351,0,2,4,1,3,1,5.29,3,0,180,1,0,0.6958,1,1,1,1,1,0,0,0,0,1,1,0,1,1
SYN-01168,synthetic_demo,2026-05-11,2025-12-24,career,138,4,1,1,0,1,1,5.95,0,0,180,0,0,0.525,1,1,1,0,0,0,0,0,0,1,1,0,0,0
SYN-01647,synthetic_demo,2026-05-11,2025-05-21,relationship,355,6,3,4,1,1,2,10.03,5,1,4,1,1,0.8499,1,1,1,1,1,0,1,1,0,0,0,0,0,1
SYN-01697,synthetic_demo,2026-05-11,2025-01-08,personal_growth,488,0,2,7,1,3,2,7.35,3,0,180,1,0,0.7199,1,1,1,1,1,0,0,0,0,1,1,0,0,1
SYN-01744,synthetic_demo,2026-05-11,2026-04-07,personal_growth,34,7,0,4,0,2,0,2.11,0,1,53,0,1,0.7465,1,1,1,0,0,0,1,1,0,0,0,0,0,0
SYN-02034,synthetic_demo,2026-05-11,2025-03-05,finance,432,5,1,2,0,0,1,7.77,1,0,180,0,0,0.7717,1,1,0,0,0,0,0,0,0,0,0,0,0,0
SYN-00102,synthetic_demo,2026-05-12,2025-07-01,relationship,315,16,0,1,0,1,0,6.02,1,0,180,0,0,0.4043,1,1,1,0,0,0,0,0,0,0,0,0,0,1
SYN-00152,synthetic_demo,2026-05-12,2025-04-14,education,393,6,1,4,1,3,1,10.38,3,1,21,0,0,0.8978,1,1,1,0,0,0,0,0,0,1,0,0,0,0
SYN-00297,synthetic_demo,2026-05-12,2025-06-15,personal_growth,331,28,0,3,0,0,0,1.57,2,1,43,0,0,0.6252,1,1,0,0,0,0,0,0,0,0,0,0,1,0
SYN-00443,synthetic_demo,2026-05-12,2025-11-24,relationship,169,0,1,3,0,1,1,7.26,3,1,27,1,1,0.5442,1,1,1,1,0,0,1,1,1,0,0,0,0,0
SYN-00510,synthetic_demo,2026-05-12,2026-03-15,career,58,4,4,9,2,6,3,2.82,1,0,180,1,0,0.8149,1,1,1,1,1,0,0,0,0,0,0,0,0,1
SYN-00699,synthetic_demo,2026-05-12,2025-09-20,education,234,7,0,5,0,3,0,5.76,3,0,180,0,0,0.9075,1,1,1,0,0,0,0,0,0,0,0,0,1,0
SYN-00773,synthetic_demo,2026-05-12,2025-04-13,career,394,7,0,2,0,2,0,6.41,3,0,180,0,0,0.5851,1,1,1,0,0,0,0,0,0,0,0,0,0,1
SYN-00798,synthetic_demo,2026-05-12,2025-11-02,career,191,6,2,4,0,3,1,9.74,2,0,180,1,0,0.2821,1,1,1,1,0,0,0,0,0,0,0,0,1,1
SYN-00993,synthetic_demo,2026-05-12,2025-05-29,education,348,7,0,1,0,1,0,5.05,3,1,27,0,0,0.9089,1,1,1,0,0,0,0,0,0,0,0,0,0,1
SYN-01509,synthetic_demo,2026-05-12,2026-04-11,education,31,29,0,4,0,1,0,8.43,3,2,78,0,1,0.8502,1,1,1,0,0,1,1,1,1,0,0,0,1,0
SYN-02269,synthetic_demo,2026-05-12,2026-01-11,career,121,13,0,10,0,7,0,1.77,2,0,180,0,0,0.8437,1,1,1,0,0,0,0,0,0,0,0,0,0,0
SYN-02389,synthetic_demo,2026-05-12,2025-02-06,education,460,6,2,3,1,2,2,7.27,2,0,180,0,0,0.5007,1,1,1,0,0,0,0,0,0,1,0,0,0,0
SYN-00095,synthetic_demo,2026-05-13,2026-04-03,education,40,3,1,2,0,0,0,6.26,3,0,180,0,0,0.4911,1,1,0,0,0,0,0,0,0,1,1,0,1,0
SYN-01333,synthetic_demo,2026-05-13,2024-12-13,career,516,7,0,3,0,0,0,6.22,3,0,180,0,0,0.9064,1,1,0,0,0,0,0,0,0,0,0,0,0,0
SYN-01466,synthetic_demo,2026-05-13,2025-06-16,education,331,7,0,3,0,2,0,1.07,2,0,180,0,0,0.432,1,1,1,0,0,0,0,0,0,1,0,0,1,0
SYN-01490,synthetic_demo,2026-05-13,2025-11-18,personal_growth,176,25,0,1,0,0,0,2.45,1,0,180,0,0,0.6909,1,1,0,0,0,0,0,0,0,1,1,0,0,0
SYN-01943,synthetic_demo,2026-05-13,2025-12-03,education,161,12,0,4,0,2,0,7.94,2,0,180,0,0,0.7022,1,1,1,0,0,0,0,0,0,0,0,0,1,0
SYN-01951,synthetic_demo,2026-05-13,2025-02-18,finance,449,1,3,9,3,4,3,4.17,3,0,180,2,1,0.8527,1,1,1,1,1,0,1,0,0,1,1,1,0,1
SYN-02177,synthetic_demo,2026-05-13,2026-03-19,family,55,7,0,3,0,1,0,5.19,1,0,180,0,0,0.7095,1,1,1,0,0,0,0,0,0,1,0,0,0,0
SYN-00218,synthetic_demo,2026-05-14,2024-12-26,personal_growth,504,6,2,7,1,1,2,8.26,0,1,25,0,0,0.6038,1,1,1,0,0,0,0,0,0,1,0,0,1,0
SYN-00372,synthetic_demo,2026-05-14,2025-01-20,finance,479,0,10,12,7,7,7,6.01,4,0,180,1,0,0.615,1,1,1,1,1,0,0,0,0,1,1,0,0,1
SYN-01724,synthetic_demo,2026-05-14,2026-01-20,personal_growth,114,29,0,1,0,0,0,7.57,2,0,180,0,0,0.3765,1,1,0,0,0,0,0,0,0,0,0,0,1,0
SYN-02257,synthetic_demo,2026-05-14,2025-06-24,finance,324,15,0,2,0,0,0,3.77,1,0,180,0,0,0.8255,1,1,0,0,0,0,0,0,0,0,0,0,1,0
SYN-00026,synthetic_demo,2026-05-15,2025-07-06,relationship,313,21,0,3,0,2,0,5.23,3,1,75,0,2,0.9308,1,1,1,0,0,0,2,1,1,0,0,0,1,0
SYN-00629,synthetic_demo,2026-05-15,2026-02-19,finance,85,6,2,3,1,2,2,5.56,4,0,180,0,0,0.672,1,1,1,0,0,0,0,0,0,0,0,0,0,0
SYN-00713,synthetic_demo,2026-05-15,2026-01-21,relationship,114,3,3,8,2,2,3,9.53,3,0,180,0,2,0.7458,1,1,1,0,0,0,2,1,0,1,1,1,0,0
SYN-01146,synthetic_demo,2026-05-15,2025-12-28,career,138,7,0,2,0,2,0,3.88,3,0,180,1,0,0.5883,1,1,1,1,0,0,0,0,0,1,0,0,1,0
SYN-01155,synthetic_demo,2026-05-15,2025-03-11,relationship,430,30,0,0,0,0,0,4.9,0,0,180,0,0,0.3771,1,1,0,0,0,0,0,0,0,1,1,0,0,0
SYN-01220,synthetic_demo,2026-05-15,2026-01-24,relationship,111,6,3,7,3,4,1,5.23,2,1,87,3,0,0.8032,1,1,1,1,1,0,0,0,0,0,0,0,1,0
SYN-01528,synthetic_demo,2026-05-15,2025-12-07,family,159,7,0,1,0,0,0,5.4,3,0,180,0,0,0.8839,1,1,0,0,0,0,0,0,0,1,1,1,1,0
SYN-01635,synthetic_demo,2026-05-15,2025-08-23,relationship,265,30,0,0,0,0,0,1.89,0,0,180,0,0,0.362,1,0,0,0,0,0,0,0,0,0,0,0,1,0
SYN-01722,synthetic_demo,2026-05-15,2025-04-13,relationship,397,26,0,3,0,1,0,4.46,2,1,85,0,0,0.5458,1,1,1,0,0,0,0,0,0,0,0,0,1,1
SYN-01802,synthetic_demo,2026-05-15,2025-10-08,relationship,219,29,0,1,0,0,0,3.53,4,0,180,0,0,0.5624,1,1,0,0,0,0,0,0,0,0,0,0,1,1
SYN-01825,synthetic_demo,2026-05-15,2025-05-19,relationship,361,2,1,5,0,0,1,9.64,2,1,26,0,2,0.4849,1,1,0,0,0,0,2,2,2,1,0,0,1,1
SYN-01929,synthetic_demo,2026-05-15,2024-12-13,relationship,518,6,1,7,0,4,1,5.94,3,0,180,1,1,0.9337,1,1,1,1,0,0,1,1,0,0,0,0,0,0
SYN-02054,synthetic_demo,2026-05-15,2024-12-30,education,501,11,0,5,0,2,0,5.83,3,0,180,0,0,0.7996,1,1,1,0,0,0,0,0,0,0,0,0,0,0
SYN-02195,synthetic_demo,2026-05-15,2025-12-10,career,156,11,0,3,0,1,0,8.15,1,0,180,0,0,0.6945,1,1,1,0,0,0,0,0,0,0,0,0,1,0
SYN-02275,synthetic_demo,2026-05-15,2025-06-19,finance,330,4,1,3,0,2,1,4.87,3,0,180,0,0,0.5107,1,1,1,0,0,0,0,0,0,1,0,0,1,0
SYN-02344,synthetic_demo,2026-05-15,2025-10-05,relationship,222,0,1,3,0,0,0,1.13,0,0,180,0,0,0.4158,1,1,0,0,0,0,0,0,0,1,1,0,0,1
SYN-00004,synthetic_demo,2026-05-16,2025-08-25,relationship,264,14,0,4,0,2,0,4.84,2,0,180,0,1,0.7454,1,1,1,0,0,0,1,0,0,1,0,0,0,0
SYN-00190,synthetic_demo,2026-05-16,2025-06-12,personal_growth,338,6,1,2,0,0,0,7.23,3,0,180,0,1,0.7819,1,1,0,0,0,0,1,1,1,0,0,0,0,0
SYN-00446,synthetic_demo,2026-05-16,2025-04-20,relationship,391,7,0,1,0,0,0,4.48,2,0,180,0,0,0.8393,1,0,0,0,0,0,0,0,0,0,0,0,0,0
SYN-00790,synthetic_demo,2026-05-16,2025-01-29,career,472,13,0,6,0,2,0,5.46,3,0,180,0,0,0.5289,1,1,1,0,0,0,0,0,0,1,1,0,0,0
SYN-00803,synthetic_demo,2026-05-16,2026-01-15,relationship,121,10,0,2,0,1,0,6.29,4,0,180,0,0,0.3738,1,1,1,0,0,0,0,0,0,0,0,0,0,1
SYN-00937,synthetic_demo,2026-05-16,2025-11-19,personal_growth,178,7,0,2,0,2,0,5.8,4,0,180,0,1,0.557,1,1,1,0,0,0,1,1,0,0,0,0,0,0
SYN-01464,synthetic_demo,2026-05-16,2025-10-08,career,220,32,0,0,0,0,0,6.35,0,0,180,0,0,0.698,1,1,0,0,0,0,0,0,0,0,0,0,1,0
SYN-01491,synthetic_demo,2026-05-16,2025-10-20,personal_growth,208,7,0,4,0,2,0,5.87,0,1,3,0,0,0.8426,1,1,1,0,0,0,0,0,0,1,0,0,0,0
SYN-01562,synthetic_demo,2026-05-16,2024-11-23,career,539,7,0,5,0,2,0,6.9,5,0,180,0,0,0.7407,1,1,1,0,0,0,0,0,0,1,0,0,0,0
SYN-01980,synthetic_demo,2026-05-16,2025-03-31,personal_growth,411,7,0,2,0,2,0,4.6,3,0,180,0,0,0.7195,1,1,1,0,0,0,0,0,0,0,0,0,1,0
SYN-02139,synthetic_demo,2026-05-16,2025-01-18,education,483,7,0,1,0,1,0,7.31,2,0,180,0,0,0.5885,1,1,1,0,0,0,0,0,0,0,0,0,0,0
SYN-02212,synthetic_demo,2026-05-16,2026-01-03,family,133,6,2,6,1,3,2,9.71,3,0,180,0,0,0.7383,1,1,1,0,0,0,0,0,0,1,1,0,0,0
SYN-02221,synthetic_demo,2026-05-16,2026-01-29,career,107,7,0,3,0,2,0,10.84,4,0,180,0,1,0.7288,1,1,1,0,0,0,1,1,1,1,0,0,0,0
SYN-00009,synthetic_demo,2026-05-17,2024-12-06,family,527,6,4,7,0,5,3,6.88,4,0,180,1,1,0.9098,1,1,1,1,0,0,1,0,0,0,0,0,0,0
SYN-00031,synthetic_demo,2026-05-17,2025-04-23,relationship,389,29,0,1,0,0,0,7.59,1,0,180,0,1,0.752,1,1,0,0,0,0,1,0,0,0,0,0,1,0
SYN-00390,synthetic_demo,2026-05-17,2025-01-21,relationship,481,29,0,1,0,1,0,3.83,1,0,180,1,0,0.9181,1,1,1,1,0,0,0,0,0,1,1,1,0,1
SYN-00461,synthetic_demo,2026-05-17,2025-11-02,career,196,0,3,6,2,3,3,7.99,5,0,180,0,0,0.8126,1,1,1,0,0,0,0,0,0,1,0,0,1,0
SYN-00530,synthetic_demo,2026-05-17,2025-03-06,education,437,7,0,3,0,2,0,9.74,5,1,17,0,1,0.9057,1,1,1,0,0,0,1,1,0,0,0,0,0,1
SYN-00977,synthetic_demo,2026-05-17,2025-11-05,career,193,5,1,2,0,1,1,7.03,1,0,180,1,0,0.9409,1,1,1,1,1,0,0,0,0,1,1,1,1,0
SYN-01059,synthetic_demo,2026-05-17,2025-09-27,relationship,232,7,0,3,0,3,0,4.28,3,0,180,0,0,0.6619,1,1,1,0,0,0,0,0,0,0,0,0,1,0
SYN-01387,synthetic_demo,2026-05-17,2025-05-08,family,374,4,1,3,0,2,1,10.28,3,0,180,0,2,0.9505,1,1,1,0,0,0,2,1,0,1,1,0,1,0
SYN-01882,synthetic_demo,2026-05-17,2025-11-05,relationship,193,6,2,7,2,6,2,9.17,2,0,180,1,0,0.3448,1,1,1,1,0,0,0,0,0,0,0,0,0,0
SYN-01964,synthetic_demo,2026-05-17,2025-12-12,personal_growth,156,7,0,2,0,1,0,5.47,3,0,180,0,1,0.6795,1,1,1,0,0,0,1,0,0,1,0,0,0,0
SYN-02267,synthetic_demo,2026-05-17,2025-05-03,relationship,379,0,1,5,1,1,1,8.11,2,1,60,1,0,0.7887,1,1,1,1,0,0,0,0,0,0,0,0,0,1
SYN-00272,synthetic_demo,2026-05-18,2025-06-17,career,335,18,0,3,0,0,0,6.12,1,1,22,0,0,0.8854,1,1,0,0,0,0,0,0,0,0,0,0,1,0
SYN-00469,synthetic_demo,2026-05-18,2025-01-05,education,498,6,1,5,1,3,0,4.03,3,1,32,1,0,0.8811,1,1,1,1,1,0,0,0,0,0,0,0,0,0
SYN-00688,synthetic_demo,2026-05-18,2025-04-18,relationship,395,7,0,2,0,1,0,1.0,2,0,180,1,0,0.4612,1,1,1,1,1,0,0,0,0,0,0,0,0,0
SYN-00817,synthetic_demo,2026-05-18,2026-01-08,relationship,130,24,0,6,0,2,0,7.87,2,1,78,0,1,0.8391,1,1,1,0,0,0,1,0,0,1,0,0,1,0
SYN-01045,synthetic_demo,2026-05-18,2025-08-10,finance,281,7,0,4,0,2,0,8.68,3,0,180,1,1,0.6914,1,1,1,1,0,0,1,1,0,0,0,0,0,0
SYN-01367,synthetic_demo,2026-05-18,2026-01-24,family,114,7,0,5,0,4,0,1.9,2,0,180,0,1,0.8123,1,1,1,0,0,0,1,1,0,0,0,0,0,0
SYN-01444,synthetic_demo,2026-05-18,2025-06-29,finance,323,0,3,9,0,5,3,6.77,3,0,180,0,0,0.7797,1,1,1,0,0,0,0,0,0,0,0,0,0,1
SYN-01678,synthetic_demo,2026-05-18,2025-12-29,family,140,6,2,7,2,4,1,5.85,4,0,180,0,1,0.8081,1,1,1,0,0,0,1,0,0,0,0,0,0,1
SYN-01733,synthetic_demo,2026-05-18,2026-01-08,finance,130,7,0,3,0,1,0,3.51,2,0,180,0,1,0.5793,1,1,1,0,0,0,1,1,0,0,0,0,0,0
SYN-01855,synthetic_demo,2026-05-18,2025-02-18,personal_growth,454,7,0,2,0,0,0,3.63,6,0,180,0,0,0.6255,1,1,0,0,0,0,0,0,0,1,0,0,1,1
SYN-01913,synthetic_demo,2026-05-18,2025-04-01,family,412,8,0,2,0,1,0,5.86,1,0,180,0,0,0.9046,1,1,1,0,0,0,0,0,0,1,0,0,1,0
SYN-02057,synthetic_demo,2026-05-18,2025-06-26,career,326,30,0,0,0,0,0,3.65,0,0,180,0,0,0.5555,1,1,0,0,0,0,0,0,0,1,0,0,1,0
SYN-02199,synthetic_demo,2026-05-18,2025-10-27,personal_growth,203,7,0,3,0,1,0,7.41,2,2,29,0,0,0.8427,1,1,1,0,0,1,0,0,0,1,1,1,0,0
SYN-02213,synthetic_demo,2026-05-18,2025-08-17,relationship,274,8,0,1,0,0,0,7.45,1,0,180,0,0,0.9022,1,1,0,0,0,0,0,0,0,1,1,0,0,0
SYN-02271,synthetic_demo,2026-05-18,2025-09-03,career,257,7,0,3,0,2,0,7.01,3,0,180,0,0,0.4724,1,1,1,0,0,0,0,0,0,1,1,0,1,0
SYN-02378,synthetic_demo,2026-05-18,2025-06-12,personal_growth,340,6,1,1,1,1,1,4.54,1,0,180,0,1,0.4644,1,1,1,0,0,0,1,0,0,1,0,0,0,0
SYN-00018,synthetic_demo,2026-05-19,2025-11-11,relationship,189,8,0,4,0,2,0,9.18,3,0,180,1,1,0.6087,1,1,1,1,1,0,1,0,0,0,0,0,0,0
SYN-00404,synthetic_demo,2026-05-19,2025-02-23,finance,450,12,0,2,0,2,0,4.69,1,0,180,0,0,0.6955,1,1,1,0,0,0,0,0,0,0,0,0,1,0
SYN-00707,synthetic_demo,2026-05-19,2025-12-23,family,147,7,0,3,0,0,0,6.66,2,0,180,0,0,0.8467,1,0,0,0,0,0,0,0,0,1,1,1,1,0
SYN-01195,synthetic_demo,2026-05-19,2024-12-01,education,534,2,3,13,2,9,3,4.88,3,1,30,0,1,0.7431,1,1,1,0,0,0,1,1,0,1,1,0,1,0
SYN-01261,synthetic_demo,2026-05-19,2025-06-30,career,323,6,1,6,1,4,1,5.67,2,0,180,0,0,0.858,1,1,1,0,0,0,0,0,0,0,0,0,1,1
SYN-01325,synthetic_demo,2026-05-19,2025-08-05,career,287,30,0,0,0,0,0,2.23,0,0,180,0,0,0.7995,1,0,0,0,0,0,0,0,0,0,0,0,1,0
SYN-01343,synthetic_demo,2026-05-19,2025-12-02,career,168,6,3,7,1,4,3,7.08,2,0,180,1,1,0.5198,1,1,1,1,0,0,1,1,0,0,0,0,0,0
SYN-01798,synthetic_demo,2026-05-19,2025-07-02,family,321,6,3,4,1,1,2,9.05,3,0,180,0,1,0.727,1,1,1,0,0,0,1,0,0,0,0,0,0,1
SYN-02035,synthetic_demo,2026-05-19,2025-12-14,career,156,7,0,2,0,0,0,6.21,3,0,180,0,0,0.6589,1,1,0,0,0,0,0,0,0,1,1,0,1,1
SYN-02063,synthetic_demo,2026-05-19,2024-11-29,career,536,7,0,1,0,1,0,2.91,2,0,180,0,0,0.6271,1,1,1,0,0,0,0,0,0,0,0,0,0,0
SYN-00033,synthetic_demo,2026-05-20,2026-01-28,finance,112,2,1,5,0,3,1,7.33,4,3,29,0,1,0.6384,1,1,1,0,0,1,1,1,0,1,1,1,0,1
SYN-00192,synthetic_demo,2026-05-20,2025-05-26,finance,359,6,3,7,1,2,1,4.2,3,0,180,1,0,0.5785,1,1,1,1,0,0,0,0,0,1,1,1,0,1
SYN-00222,synthetic_demo,2026-05-20,2025-02-03,education,471,6,2,6,2,5,2,7.85,3,0,180,1,3,0.7259,1,1,1,1,1,0,3,3,1,0,0,0,0,1
SYN-00242,synthetic_demo,2026-05-20,2025-10-26,relationship,206,7,0,1,0,0,0,4.03,2,1,38,0,0,0.5849,1,1,0,0,0,0,0,0,0,1,0,0,0,0
SYN-00295,synthetic_demo,2026-05-20,2025-07-15,finance,309,7,0,2,0,0,0,2.76,1,0,180,0,0,0.6343,1,1,0,0,0,0,0,0,0,1,0,0,0,0
SYN-00411,synthetic_demo,2026-05-20,2025-06-21,finance,333,7,0,2,0,1,0,2.61,3,0,180,0,0,0.7742,1,1,1,0,0,0,0,0,0,0,0,0,1,0
SYN-00712,synthetic_demo,2026-05-20,2026-03-26,education,55,7,0,1,0,1,0,5.45,0,0,180,0,1,0.7255,1,1,1,0,0,0,1,0,0,0,0,0,1,0
SYN-00722,synthetic_demo,2026-05-20,2026-03-03,education,78,30,0,0,0,0,0,4.55,0,0,180,0,0,0.8318,1,1,0,0,0,0,0,0,0,0,0,0,1,0
SYN-00760,synthetic_demo,2026-05-20,2025-11-22,career,179,2,3,5,1,1,1,2.4,3,0,180,0,1,0.6269,1,1,1,0,0,0,1,0,0,1,0,0,1,1
SYN-00877,synthetic_demo,2026-05-20,2025-06-16,relationship,338,6,2,5,0,4,2,2.05,2,0,180,0,0,0.6691,1,1,1,0,0,0,0,0,0,1,1,0,0,0
SYN-01355,synthetic_demo,2026-05-20,2024-12-14,education,522,29,0,3,0,1,0,4.81,2,0,180,0,0,0.5464,1,1,1,0,0,0,0,0,0,1,1,0,1,0
SYN-01656,synthetic_demo,2026-05-20,2025-02-18,personal_growth,456,3,3,3,1,2,1,5.48,2,1,78,0,0,0.7957,1,1,1,0,0,0,0,0,0,0,0,0,0,0
SYN-01960,synthetic_demo,2026-05-20,2025-10-25,finance,207,7,0,3,0,2,0,5.65,3,0,180,0,0,0.7483,1,1,1,0,0,0,0,0,0,0,0,0,0,0
SYN-02021,synthetic_demo,2026-05-20,2025-09-13,personal_growth,249,21,0,2,0,2,0,5.09,1,0,180,1,0,0.8907,1,1,1,1,1,0,0,0,0,1,1,0,0,0
SYN-02078,synthetic_demo,2026-05-20,2026-03-01,career,80,6,1,6,0,2,1,9.02,4,0,180,0,0,0.6738,1,1,1,0,0,0,0,0,0,0,0,0,0,0
SYN-02319,synthetic_demo,2026-05-20,2025-07-20,education,304,6,1,5,1,3,1,8.22,2,1,22,1,0,0.415,1,1,1,1,0,0,0,0,0,1,1,0,0,0
SYN-00046,synthetic_demo,2026-05-21,2025-03-29,family,418,3,1,5,1,2,1,1.0,3,1,24,0,0,0.5095,1,1,1,0,0,0,0,0,0,0,0,0,0,1
SYN-00059,synthetic_demo,2026-05-21,2025-02-14,career,461,6,3,5,0,2,1,4.68,1,0,180,0,1,0.4894,1,1,1,0,0,0,1,0,0,1,1,1,0,0
SYN-00254,synthetic_demo,2026-05-21,2026-02-04,education,106,1,2,10,0,8,2,7.41,3,1,6,0,1,0.5133,1,1,1,0,0,0,1,0,0,1,1,1,0,0
SYN-00378,synthetic_demo,2026-05-21,2025-01-26,career,480,6,1,5,0,0,1,5.59,2,0,180,0,0,0.5776,1,1,0,0,0,0,0,0,0,1,0,0,1,0
SYN-00812,synthetic_demo,2026-05-21,2025-04-13,career,403,6,2,3,1,2,2,9.4,2,0,180,1,0,0.7846,1,1,1,1,0,0,0,0,0,1,1,1,0,0
SYN-00908,synthetic_demo,2026-05-21,2024-11-29,relationship,538,0,4,9,4,6,3,8.13,3,1,2,1,2,0.8156,1,1,1,1,0,0,2,2,0,1,1,0,0,1
SYN-01436,synthetic_demo,2026-05-21,2026-04-08,finance,43,7,0,2,0,1,0,4.56,3,0,180,0,0,0.3756,1,1,1,0,0,0,0,0,0,0,0,0,0,0
SYN-01583,synthetic_demo,2026-05-21,2025-03-02,education,445,6,2,4,2,3,0,9.4,3,0,180,0,0,0.3985,1,1,1,0,0,0,0,0,0,0,0,0,0,1
SYN-01645,synthetic_demo,2026-05-21,2025-03-27,personal_growth,420,9,0,1,0,1,0,6.94,0,0,180,0,0,0.728,1,1,1,0,0,0,0,0,0,0,0,0,0,0
SYN-01879,synthetic_demo,2026-05-21,2025-04-20,personal_growth,396,1,1,2,0,1,1,1.0,0,0,180,0,1,0.4936,1,1,1,0,0,0,1,0,0,0,0,0,0,0
SYN-02068,synthetic_demo,2026-05-21,2025-01-03,finance,503,6,1,7,0,5,1,7.61,2,0,180,0,1,0.655,1,1,1,0,0,0,1,1,1,1,0,0,0,1
SYN-02114,synthetic_demo,2026-05-21,2026-02-21,career,89,9,0,1,0,0,0,5.3,0,1,24,0,0,0.7848,1,1,0,0,0,0,0,0,0,0,0,0,0,1
SYN-02258,synthetic_demo,2026-05-21,2026-03-25,personal_growth,57,7,0,6,0,3,0,4.62,4,1,80,2,0,0.5962,1,1,1,1,1,0,0,0,0,1,1,0,1,1
SYN-00226,synthetic_demo,2026-05-22,2025-06-10,family,346,6,3,9,2,6,3,4.76,2,0,180,0,2,0.7935,1,1,1,0,0,0,2,2,1,0,0,0,1,0
SYN-00310,synthetic_demo,2026-05-22,2025-12-13,career,160,2,2,7,2,6,2,4.03,2,1,26,0,1,0.6644,1,1,1,0,0,0,1,1,1,1,1,1,1,0
SYN-00319,synthetic_demo,2026-05-22,2025-10-25,finance,209,29,0,1,0,1,0,7.9,2,0,180,1,0,0.6274,1,1,1,1,1,0,0,0,0,1,0,0,1,0
SYN-00861,synthetic_demo,2026-05-22,2026-01-30,relationship,112,7,0,3,0,0,0,3.81,2,0,180,0,1,0.6682,1,1,0,0,0,0,1,0,0,0,0,0,0,0
SYN-01863,synthetic_demo,2026-05-22,2025-01-09,relationship,498,29,0,1,0,0,0,7.59,1,0,180,0,0,0.4705,1,1,0,0,0,0,0,0,0,1,0,0,1,1
SYN-02350,synthetic_demo,2026-05-22,2025-03-09,relationship,439,22,0,1,0,1,0,7.1,3,0,180,1,0,0.7404,1,1,1,1,0,0,0,0,0,0,0,0,1,1
SYN-00164,synthetic_demo,2026-05-23,2025-05-31,personal_growth,357,11,0,1,0,0,0,11.45,2,0,180,0,0,0.8684,1,1,0,0,0,0,0,0,0,1,1,0,0,0
SYN-00944,synthetic_demo,2026-05-23,2025-06-10,family,347,5,1,4,1,3,1,8.3,0,0,180,0,0,0.85,1,1,1,0,0,0,0,0,0,1,1,0,0,0
SYN-00947,synthetic_demo,2026-05-23,2025-09-20,career,245,30,0,0,0,0,0,8.49,0,0,180,0,0,0.7329,1,0,0,0,0,0,0,0,0,1,0,0,1,0
SYN-01067,synthetic_demo,2026-05-23,2025-05-16,relationship,372,35,0,0,0,0,0,4.88,0,0,180,0,0,0.6754,1,1,0,0,0,0,0,0,0,1,0,0,1,0
SYN-01138,synthetic_demo,2026-05-23,2026-01-19,personal_growth,124,6,1,4,1,3,1,1.0,3,0,180,0,0,0.4407,1,1,1,0,0,0,0,0,0,1,1,1,1,0
SYN-01255,synthetic_demo,2026-05-23,2024-12-06,relationship,533,7,0,1,0,0,0,5.38,4,1,63,0,0,0.6059,1,0,0,0,0,0,0,0,0,0,0,0,0,0
SYN-01421,synthetic_demo,2026-05-23,2025-09-18,finance,247,6,1,3,0,1,0,5.7,4,0,180,0,1,0.7227,1,1,1,0,0,0,1,0,0,0,0,0,0,0
SYN-01476,synthetic_demo,2026-05-23,2025-08-26,relationship,270,7,0,2,0,0,0,3.72,3,0,180,0,0,0.7375,1,1,0,0,0,0,0,0,0,0,0,0,0,1
SYN-01479,synthetic_demo,2026-05-23,2025-06-06,education,351,10,0,5,0,2,0,4.87,3,0,180,0,0,0.645,1,1,1,0,0,0,0,0,0,1,0,0,0,0
SYN-01823,synthetic_demo,2026-05-23,2025-08-22,family,274,4,2,5,1,3,1,8.2,3,0,180,0,2,0.9356,1,1,1,0,0,0,2,0,0,1,0,0,0,0
SYN-00112,synthetic_demo,2026-05-24,2025-03-02,personal_growth,448,9,0,1,0,0,0,3.1,1,0,180,0,1,0.6936,1,1,0,0,0,0,1,1,0,1,1,0,0,0
SYN-00309,synthetic_demo,2026-05-24,2025-02-02,education,476,6,3,7,1,4,1,7.5,3,0,180,0,0,0.5963,1,1,1,0,0,0,0,0,0,0,0,0,0,1
SYN-00476,synthetic_demo,2026-05-24,2026-03-21,relationship,64,6,2,6,1,5,2,7.92,3,0,180,0,1,0.7664,1,1,1,0,0,0,1,0,0,1,1,1,1,1
SYN-00815,synthetic_demo,2026-05-24,2025-05-04,family,385,22,0,1,0,0,0,6.92,3,0,180,0,0,0.6105,1,1,0,0,0,0,0,0,0,0,0,0,0,0
SYN-01052,synthetic_demo,2026-05-24,2025-07-07,education,321,29,0,1,0,0,0,1.0,1,0,180,0,0,0.7919,1,1,0,0,0,0,0,0,0,0,0,0,1,0
SYN-01136,synthetic_demo,2026-05-24,2026-04-23,career,31,30,0,0,0,0,0,3.35,0,1,47,0,0,0.5766,1,1,0,0,0,0,0,0,0,0,0,0,1,0
SYN-01162,synthetic_demo,2026-05-24,2026-01-31,finance,113,11,0,3,0,0,0,7.76,1,0,180,0,0,0.8078,1,1,0,0,0,0,0,0,0,0,0,0,0,0
SYN-01243,synthetic_demo,2026-05-24,2026-03-03,career,82,3,3,6,2,5,3,8.37,3,1,53,0,1,0.9297,1,1,1,0,0,0,1,1,0,1,1,0,0,0
SYN-01283,synthetic_demo,2026-05-24,2025-06-05,finance,353,7,0,4,0,2,0,8.28,3,0,180,0,1,0.6665,1,1,1,0,0,0,1,1,0,0,0,0,1,1
SYN-01997,synthetic_demo,2026-05-24,2025-01-30,career,479,7,0,1,0,0,0,7.05,2,0,180,0,0,0.5816,1,1,0,0,0,0,0,0,0,1,0,0,1,0
SYN-02005,synthetic_demo,2026-05-24,2024-12-17,family,523,30,0,0,0,0,0,9.85,0,1,65,0,0,0.5456,1,1,0,0,0,0,0,0,0,0,0,0,0,1
SYN-02304,synthetic_demo,2026-05-24,2026-04-12,family,42,12,0,3,0,2,0,2.42,2,0,180,0,0,0.847,1,1,1,0,0,0,0,0,0,0,0,0,1,0
SYN-00668,synthetic_demo,2026-05-25,2026-01-06,career,139,5,4,10,3,7,3,6.18,3,2,86,0,1,0.655,1,1,1,0,0,1,1,0,0,0,0,0,1,0
SYN-00792,synthetic_demo,2026-05-25,2025-05-20,personal_growth,370,7,0,5,0,5,0,8.52,3,0,180,0,1,0.6758,1,1,1,0,0,0,1,1,1,0,0,0,0,1
SYN-01228,synthetic_demo,2026-05-25,2025-05-04,career,386,6,3,9,0,7,2,5.99,2,0,180,1,0,0.9268,1,1,1,1,1,0,0,0,0,1,0,0,0,1
SYN-01324,synthetic_demo,2026-05-25,2025-08-20,finance,278,6,2,4,0,3,0,6.91,1,0,180,0,0,0.59,1,1,1,0,0,0,0,0,0,0,0,0,1,0
SYN-01659,synthetic_demo,2026-05-25,2026-03-18,education,68,6,2,6,2,2,0,7.25,1,0,180,0,0,0.9679,1,1,1,0,0,0,0,0,0,1,1,1,1,0
SYN-01764,synthetic_demo,2026-05-25,2026-01-25,finance,120,2,6,13,5,10,5,8.91,4,0,180,0,2,0.8585,1,1,1,0,0,0,2,0,0,0,0,0,0,0
SYN-01852,synthetic_demo,2026-05-25,2025-02-05,relationship,474,6,1,6,1,1,1,5.41,3,0,180,0,1,0.9192,1,1,1,0,0,0,1,1,0,0,0,0,0,0
SYN-02127,synthetic_demo,2026-05-25,2025-04-28,relationship,392,3,1,5,1,3,1,3.26,4,0,180,0,1,0.5851,1,1,1,0,0,0,1,0,0,1,0,0,0,0
SYN-02310,synthetic_demo,2026-05-25,2025-04-17,finance,403,43,0,0,0,0,0,4.4,0,0,180,0,0,0.3632,1,1,0,0,0,0,0,0,0,0,0,0,1,0
SYN-02323,synthetic_demo,2026-05-25,2024-12-02,relationship,539,1,5,7,5,5,2,4.78,0,0,180,1,0,0.476,1,1,1,1,1,0,0,0,0,0,0,0,0,0
SYN-02331,synthetic_demo,2026-05-25,2025-09-04,career,263,29,0,4,0,2,0,4.28,2,1,21,0,0,0.8681,1,1,1,0,0,0,0,0,0,0,0,0,1,1
SYN-00936,synthetic_demo,2026-05-26,2026-01-08,education,138,25,0,2,0,2,0,3.84,2,1,72,1,2,0.7089,1,1,1,1,0,0,2,0,0,1,1,1,1,0
SYN-01377,synthetic_demo,2026-05-26,2025-07-16,personal_growth,314,7,0,1,0,0,0,1.97,1,0,180,0,0,0.7276,1,1,0,0,0,0,0,0,0,1,1,1,0,0
SYN-01409,synthetic_demo,2026-05-26,2025-07-06,family,324,0,2,5,1,1,2,3.29,1,0,180,0,1,0.6651,1,1,1,0,0,0,1,1,0,0,0,0,0,1
SYN-01467,synthetic_demo,2026-05-26,2025-01-02,personal_growth,509,6,2,4,1,1,2,8.07,2,0,180,1,1,0.788,1,1,1,1,0,0,1,0,0,0,0,0,0,0
SYN-01527,synthetic_demo,2026-05-26,2024-12-19,education,523,0,1,1,0,1,1,4.76,4,1,7,1,0,0.7844,1,1,1,1,1,0,0,0,0,1,0,0,0,0
SYN-01796,synthetic_demo,2026-05-26,2026-01-28,family,118,15,0,4,0,0,0,6.48,3,0,180,0,0,0.476,1,1,0,0,0,0,0,0,0,1,1,1,1,1
SYN-01886,synthetic_demo,2026-05-26,2025-04-18,relationship,403,2,4,6,1,5,4,5.7,2,0,180,0,2,0.9499,1,1,1,0,0,0,2,2,2,0,0,0,0,1
SYN-02015,synthetic_demo,2026-05-26,2025-11-22,career,185,15,0,4,0,1,0,2.85,3,0,180,0,0,0.7174,1,1,1,0,0,0,0,0,0,0,0,0,1,0
SYN-02130,synthetic_demo,2026-05-26,2025-12-16,career,161,10,0,2,0,0,0,7.57,2,0,180,0,0,0.7677,1,1,0,0,0,0,0,0,0,0,0,0,0,0
SYN-02242,synthetic_demo,2026-05-26,2025-05-04,education,387,6,1,3,1,2,1,7.15,0,0,180,0,0,0.5826,1,1,1,0,0,0,0,0,0,0,0,0,0,0
SYN-02276,synthetic_demo,2026-05-26,2026-04-19,relationship,37,7,0,2,0,1,0,5.1,2,0,180,0,0,0.5085,1,1,1,0,0,0,0,0,0,0,0,0,1,0
SYN-00280,synthetic_demo,2026-05-27,2025-12-17,career,161,6,2,3,1,2,0,2.46,3,0,180,0,1,0.4371,1,1,1,0,0,0,1,1,1,1,1,0,0,0
SYN-00339,synthetic_demo,2026-05-27,2026-03-18,finance,70,9,0,3,0,1,0,4.46,3,0,180,0,0,0.9177,1,1,1,0,0,0,0,0,0,1,1,1,1,0
SYN-00347,synthetic_demo,2026-05-27,2025-08-06,finance,294,7,0,2,0,1,0,4.05,0,0,180,0,1,0.8384,1,1,1,0,0,0,1,0,0,0,0,0,0,0
SYN-00375,synthetic_demo,2026-05-27,2025-10-03,personal_growth,236,7,0,2,0,0,0,5.89,1,0,180,0,0,0.8001,1,1,0,0,0,0,0,0,0,0,0,0,0,0
SYN-00649,synthetic_demo,2026-05-27,2025-04-08,personal_growth,414,19,0,1,0,0,0,5.75,2,0,180,0,0,0.7748,1,1,0,0,0,0,0,0,0,0,0,0,1,0
SYN-00828,synthetic_demo,2026-05-27,2024-12-20,career,523,29,0,2,0,1,0,3.68,2,0,180,0,0,0.7654,1,1,1,0,0,0,0,0,0,0,0,0,1,0
SYN-01321,synthetic_demo,2026-05-27,2025-12-06,personal_growth,172,6,3,5,2,2,2,6.11,3,0,180,0,1,0.6951,1,1,1,0,0,0,1,0,0,0,0,0,0,1
SYN-01471,synthetic_demo,2026-05-27,2025-08-19,relationship,281,6,1,3,0,2,1,7.84,2,1,40,0,0,0.9415,1,1,1,0,0,0,0,0,0,0,0,0,1,1
SYN-01839,synthetic_demo,2026-05-27,2025-03-20,career,433,6,2,3,1,1,2,6.07,3,0,180,1,0,0.9422,1,1,1,1,1,0,0,0,0,0,0,0,0,0
SYN-01909,synthetic_demo,2026-05-27,2026-03-09,career,79,8,0,3,0,1,0,7.78,2,0,180,0,0,0.5305,1,1,1,0,0,0,0,0,0,0,0,0,1,0
SYN-02038,synthetic_demo,2026-05-27,2025-09-12,career,257,6,1,3,1,2,1,3.74,3,0,180,1,2,0.2874,1,1,1,1,1,0,2,2,1,0,0,0,0,0
SYN-02116,synthetic_demo,2026-05-27,2025-10-01,education,238,30,0,0,0,0,0,6.93,0,0,180,0,0,0.6601,1,1,0,0,0,0,0,0,0,0,0,0,1,1
SYN-02228,synthetic_demo,2026-05-27,2025-08-22,career,278,7,0,5,0,3,0,3.52,2,0,180,1,1,0.6494,1,1,1,1,1,0,1,1,0,0,0,0,0,0
SYN-02240,synthetic_demo,2026-05-27,2025-04-03,finance,419,4,1,4,1,3,1,8.77,4,0,180,0,1,0.8841,1,1,1,0,0,0,1,1,1,0,0,0,0,0
SYN-00082,synthetic_demo,2026-05-28,2025-03-31,relationship,423,30,0,0,0,0,0,3.92,0,0,180,0,0,0.8633,1,1,0,0,0,0,0,0,0,1,0,0,1,1
SYN-00279,synthetic_demo,2026-05-28,2025-03-15,career,439,10,0,5,0,3,0,1.2,1,1,50,0,0,0.7408,1,1,1,0,0,0,0,0,0,1,0,0,0,0
SYN-00429,synthetic_demo,2026-05-28,2025-04-30,finance,393,7,0,1,0,0,0,1.0,2,0,180,0,0,0.4725,1,1,0,0,0,0,0,0,0,0,0,0,0,0
SYN-00568,synthetic_demo,2026-05-28,2025-12-19,career,160,7,0,1,0,1,0,5.99,3,0,180,0,0,0.6246,1,1,1,0,0,0,0,0,0,0,0,0,0,0
SYN-01033,synthetic_demo,2026-05-28,2025-11-17,education,192,6,1,1,0,1,1,1.28,1,0,180,1,0,0.5892,1,1,1,1,0,0,0,0,0,1,1,0,0,1
SYN-01502,synthetic_demo,2026-05-28,2026-02-13,relationship,104,7,0,5,0,1,0,5.46,1,1,78,0,0,0.6276,1,1,1,0,0,0,0,0,0,0,0,0,1,0
SYN-01604,synthetic_demo,2026-05-28,2024-12-14,relationship,530,6,1,4,0,1,0,7.52,4,0,180,1,0,0.2771,1,1,1,1,0,0,0,0,0,0,0,0,0,1
SYN-01690,synthetic_demo,2026-05-28,2025-07-29,relationship,303,30,0,0,0,0,0,1.0,0,1,82,0,0,0.9219,1,1,0,0,0,0,0,0,0,0,0,0,0,0
SYN-02197,synthetic_demo,2026-05-28,2025-12-30,finance,149,15,0,3,0,0,0,6.36,1,0,180,0,0,0.7578,1,1,0,0,0,0,0,0,0,0,0,0,1,0
SYN-02311,synthetic_demo,2026-05-28,2025-01-25,family,488,7,0,5,0,5,0,3.51,2,1,34,0,0,0.7484,1,1,1,0,0,0,0,0,0,1,1,1,0,0
SYN-00088,synthetic_demo,2026-05-29,2025-08-25,relationship,277,6,1,3,0,2,0,8.88,2,1,33,0,0,0.5302,1,1,1,0,0,0,0,0,0,0,0,0,1,0
SYN-00137,synthetic_demo,2026-05-29,2026-02-20,career,98,7,0,2,0,2,0,5.56,1,1,16,0,0,0.8031,1,1,1,0,0,0,0,0,0,1,0,0,0,0
SYN-00264,synthetic_demo,2026-05-29,2025-03-04,personal_growth,451,6,3,7,2,2,1,7.38,2,1,22,1,0,0.5942,1,1,1,1,1,0,0,0,0,1,0,0,1,1
SYN-00427,synthetic_demo,2026-05-29,2025-09-28,education,243,30,0,0,0,0,0,2.24,0,0,180,0,1,0.7519,1,1,0,0,0,0,1,0,0,0,0,0,1,0
SYN-00567,synthetic_demo,2026-05-29,2025-10-01,education,240,30,0,0,0,0,0,2.76,0,0,180,0,0,0.7296,1,1,0,0,0,0,0,0,0,1,1,0,1,0
SYN-00882,synthetic_demo,2026-05-29,2025-09-19,career,252,7,0,2,0,1,0,5.16,1,0,180,0,0,0.5919,1,1,1,0,0,0,0,0,0,1,0,0,0,0
SYN-00988,synthetic_demo,2026-05-29,2026-01-30,finance,119,6,1,5,0,2,1,6.65,3,1,19,0,1,0.4911,1,1,1,0,0,0,1,1,0,1,0,0,1,0
SYN-01029,synthetic_demo,2026-05-29,2025-09-08,education,263,2,1,5,1,2,1,6.29,2,0,180,1,0,0.4002,1,1,1,1,1,0,0,0,0,0,0,0,0,0
SYN-01864,synthetic_demo,2026-05-29,2024-12-12,education,533,7,0,2,0,0,0,5.42,1,0,180,0,0,0.4346,1,1,0,0,0,0,0,0,0,0,0,0,0,0
SYN-02006,synthetic_demo,2026-05-29,2025-10-05,personal_growth,236,7,0,2,0,1,0,5.65,1,1,15,0,0,0.884,1,1,1,0,0,0,0,0,0,1,1,1,0,0
SYN-02060,synthetic_demo,2026-05-29,2026-01-02,finance,147,1,2,8,1,7,2,7.11,1,0,180,0,3,0.6021,1,1,1,0,0,0,3,3,2,1,1,1,0,0
SYN-02126,synthetic_demo,2026-05-29,2025-04-14,career,410,2,2,4,1,3,2,6.19,2,0,180,1,2,0.5075,1,1,1,1,0,0,2,0,0,1,0,0,0,0
SYN-02292,synthetic_demo,2026-05-29,2025-09-29,family,242,29,0,2,0,1,0,1.65,2,0,180,0,0,0.7901,1,1,1,0,0,0,0,0,0,0,0,0,1,0
SYN-02306,synthetic_demo,2026-05-29,2025-08-22,relationship,280,30,0,0,0,0,0,5.02,0,0,180,0,1,0.6757,1,0,0,0,0,0,1,1,1,1,1,1,1,0
SYN-00013,synthetic_demo,2026-05-30,2025-01-03,personal_growth,512,7,0,1,0,1,0,1.79,4,0,180,0,0,0.4889,1,1,1,0,0,0,0,0,0,0,0,0,1,0
SYN-00273,synthetic_demo,2026-05-30,2025-03-22,career,434,15,0,1,0,0,0,4.55,1,0,180,0,0,0.6501,1,1,0,0,0,0,0,0,0,0,0,0,1,0
SYN-00579,synthetic_demo,2026-05-30,2026-02-21,finance,98,9,0,2,0,1,0,7.54,1,0,180,0,0,0.7285,1,1,1,0,0,0,0,0,0,1,0,0,0,0
SYN-00648,synthetic_demo,2026-05-30,2025-05-19,family,376,7,0,2,0,0,0,7.88,2,1,67,0,0,0.6305,1,1,0,0,0,0,0,0,0,1,0,0,1,0
SYN-00799,synthetic_demo,2026-05-30,2025-12-19,career,162,7,0,2,0,1,0,4.29,3,0,180,0,0,0.823,1,1,1,0,0,0,0,0,0,0,0,0,1,0
SYN-01276,synthetic_demo,2026-05-30,2025-09-08,education,264,3,1,4,0,2,0,1.47,3,0,180,0,1,0.8188,1,1,1,0,0,0,1,0,0,0,0,0,0,0
SYN-01395,synthetic_demo,2026-05-30,2025-11-10,career,201,6,3,5,3,4,1,8.27,2,2,71,1,0,0.4795,1,1,1,1,1,1,0,0,0,1,0,0,1,0
SYN-01438,synthetic_demo,2026-05-30,2025-11-19,personal_growth,192,3,1,2,1,2,1,4.95,3,0,180,0,0,0.7255,1,1,1,0,0,0,0,0,0,1,0,0,0,0
SYN-01937,synthetic_demo,2026-05-30,2026-01-12,career,138,14,0,5,0,1,0,6.34,1,0,180,0,0,0.6917,1,1,1,0,0,0,0,0,0,1,1,0,1,0
SYN-02386,synthetic_demo,2026-05-30,2025-01-01,career,514,29,0,2,0,0,0,6.66,4,0,180,0,1,0.6653,1,1,0,0,0,0,1,1,1,0,0,0,1,0
SYN-00600,synthetic_demo,2026-05-31,2025-03-20,relationship,437,29,0,2,0,2,0,4.41,4,0,180,0,0,0.7949,1,1,1,0,0,0,0,0,0,0,0,0,0,0
SYN-00670,synthetic_demo,2026-05-31,2025-07-18,personal_growth,317,7,0,4,0,1,0,5.87,3,1,38,0,0,0.799,1,1,1,0,0,0,0,0,0,1,1,1,0,0
SYN-00921,synthetic_demo,2026-05-31,2025-12-16,family,166,6,1,5,1,2,1,2.22,4,0,180,1,0,0.5608,1,1,1,1,1,0,0,0,0,0,0,0,0,0
SYN-01160,synthetic_demo,2026-05-31,2026-01-01,career,150,7,0,4,0,1,0,6.75,1,0,180,0,0,0.9802,1,1,1,0,0,0,0,0,0,0,0,0,0,0
SYN-01274,synthetic_demo,2026-05-31,2025-09-03,career,270,2,1,4,1,2,1,6.84,3,0,180,0,1,0.6647,1,1,1,0,0,0,1,1,1,0,0,0,0,0
SYN-01295,synthetic_demo,2026-05-31,2026-02-21,finance,99,26,0,1,0,1,0,6.22,2,0,180,0,0,0.7269,1,1,1,0,0,0,0,0,0,0,0,0,0,0
SYN-01400,synthetic_demo,2026-05-31,2024-12-29,career,518,14,0,2,0,2,0,3.05,2,0,180,0,0,0.7254,1,1,1,0,0,0,0,0,0,1,0,0,0,0
SYN-01564,synthetic_demo,2026-05-31,2026-01-10,family,141,2,3,3,0,2,1,2.45,2,0,180,0,0,0.9001,1,1,1,0,0,0,0,0,0,0,0,0,0,1
SYN-02010,synthetic_demo,2026-05-31,2025-03-21,personal_growth,436,29,0,2,0,1,0,3.66,1,0,180,0,0,0.5603,1,1,1,0,0,0,0,0,0,0,0,0,1,0
SYN-02121,synthetic_demo,2026-05-31,2025-07-09,personal_growth,326,1,1,5,1,2,0,8.35,3,2,4,0,0,0.6252,1,1,1,0,0,1,0,0,0,1,0,0,0,0
SYN-00477,synthetic_demo,2026-06-01,2024-12-16,career,532,3,1,3,1,1,1,7.21,2,1,30,0,0,0.7463,1,1,1,0,0,0,0,0,0,0,0,0,1,0
SYN-01042,synthetic_demo,2026-06-01,2025-02-09,family,477,12,0,6,0,2,0,3.56,3,0,180,0,1,0.3975,1,1,1,0,0,0,1,1,1,0,0,0,1,1
SYN-01131,synthetic_demo,2026-06-01,2026-01-19,career,133,29,0,2,0,0,0,5.82,0,0,180,0,0,0.8552,1,1,0,0,0,0,0,0,0,1,1,0,0,0
SYN-01142,synthetic_demo,2026-06-01,2025-08-30,relationship,275,12,0,2,0,1,0,6.02,2,0,180,0,0,0.5892,1,1,1,0,0,0,0,0,0,0,0,0,1,1
SYN-01239,synthetic_demo,2026-06-01,2025-11-30,career,183,7,0,3,0,0,0,6.13,3,0,180,0,2,0.384,1,1,0,0,0,0,2,1,0,1,0,0,1,0
SYN-01252,synthetic_demo,2026-06-01,2025-07-07,family,329,7,0,2,0,2,0,2.89,2,0,180,0,0,0.9132,1,1,1,0,0,0,0,0,0,0,0,0,0,0
SYN-01357,synthetic_demo,2026-06-01,2025-01-15,family,502,6,2,6,1,3,2,6.85,4,0,180,2,0,0.8217,1,1,1,1,0,0,0,0,0,0,0,0,1,1
SYN-01415,synthetic_demo,2026-06-01,2025-08-27,finance,278,6,1,2,1,2,1,1.46,3,0,180,0,0,0.6251,1,1,1,0,0,0,0,0,0,1,0,0,0,0
SYN-00015,synthetic_demo,2026-06-02,2025-02-06,finance,481,29,0,1,0,0,0,1.94,3,0,180,0,0,0.7256,1,1,0,0,0,0,0,0,0,0,0,0,1,0
SYN-00274,synthetic_demo,2026-06-02,2025-08-17,career,289,7,0,1,0,0,0,2.97,4,0,180,0,0,0.7938,1,1,0,0,0,0,0,0,0,0,0,0,1,0
SYN-00362,synthetic_demo,2026-06-02,2025-10-05,relationship,240,7,0,3,0,2,0,3.75,0,0,180,0,0,0.5965,1,1,1,0,0,0,0,0,0,0,0,0,1,0
SYN-00364,synthetic_demo,2026-06-02,2025-05-03,education,395,6,1,6,1,4,1,5.25,0,0,180,0,0,0.614,1,1,1,0,0,0,0,0,0,1,1,0,0,0
SYN-00369,synthetic_demo,2026-06-02,2025-06-12,family,355,7,0,1,0,1,0,7.47,2,0,180,0,0,0.788,1,1,1,0,0,0,0,0,0,0,0,0,1,0
SYN-00816,synthetic_demo,2026-06-02,2025-02-10,personal_growth,477,6,1,2,0,1,1,4.2,2,0,180,0,0,0.7372,1,1,1,0,0,0,0,0,0,1,0,0,0,0
SYN-00855,synthetic_demo,2026-06-02,2025-02-12,education,475,6,1,4,1,3,1,3.37,0,0,180,1,0,0.344,1,1,1,1,0,0,0,0,0,1,0,0,0,0
SYN-01456,synthetic_demo,2026-06-02,2026-02-19,relationship,103,3,1,6,0,3,1,6.82,5,1,40,1,0,0.5114,1,1,1,1,1,0,0,0,0,1,1,0,1,1
SYN-01611,synthetic_demo,2026-06-02,2026-02-08,personal_growth,114,6,2,6,1,2,0,3.97,1,1,86,0,0,0.5865,1,1,1,0,0,0,0,0,0,1,0,0,0,0
SYN-01778,synthetic_demo,2026-06-02,2026-02-17,relationship,105,6,1,6,1,2,1,10.54,2,1,25,1,0,0.7706,1,1,1,1,1,0,0,0,0,0,0,0,0,1
SYN-01872,synthetic_demo,2026-06-02,2025-10-04,relationship,241,29,0,3,0,1,0,2.85,0,0,180,0,0,0.7983,1,1,1,0,0,0,0,0,0,0,0,0,1,0
SYN-02022,synthetic_demo,2026-06-02,2025-03-08,finance,451,3,1,7,1,5,1,12.56,4,1,49,0,0,0.9169,1,1,1,0,0,0,0,0,0,1,1,0,1,1
SYN-02261,synthetic_demo,2026-06-02,2026-01-21,relationship,132,7,0,1,0,0,0,2.76,0,0,180,0,0,0.848,1,1,0,0,0,0,0,0,0,1,0,0,1,0
SYN-02300,synthetic_demo,2026-06-02,2026-03-08,relationship,86,30,0,0,0,0,0,2.94,0,0,180,0,0,0.7029,1,0,0,0,0,0,0,0,0,0,0,0,1,0
SYN-00403,synthetic_demo,2026-06-03,2026-01-04,family,150,7,0,4,0,2,0,1.5,3,0,180,0,0,0.589,1,1,1,0,0,0,0,0,0,1,0,0,1,0
SYN-00655,synthetic_demo,2026-06-03,2025-03-15,career,445,1,2,6,1,4,1,7.4,2,0,180,0,0,0.3373,1,1,1,0,0,0,0,0,0,1,1,1,0,1
SYN-00863,synthetic_demo,2026-06-03,2025-09-14,relationship,262,7,0,1,0,0,0,5.43,1,0,180,0,1,0.678,1,1,0,0,0,0,1,0,0,0,0,0,1,0
SYN-01078,synthetic_demo,2026-06-03,2026-03-03,personal_growth,92,7,0,2,0,1,0,7.76,0,0,180,0,0,0.6676,1,1,1,0,0,0,0,0,0,1,1,0,1,0
SYN-01235,synthetic_demo,2026-06-03,2025-09-13,relationship,263,6,2,6,2,3,2,9.94,3,1,65,1,0,0.6392,1,1,1,1,1,0,0,0,0,1,0,0,1,0
SYN-01398,synthetic_demo,2026-06-03,2025-04-08,relationship,421,30,0,0,0,0,0,9.49,0,0,180,0,0,0.5214,1,1,0,0,0,0,0,0,0,1,1,1,1,1
SYN-01486,synthetic_demo,2026-06-03,2026-01-09,relationship,145,7,0,2,0,0,0,2.96,4,0,180,0,0,0.6637,1,1,0,0,0,0,0,0,0,0,0,0,1,1
SYN-01932,synthetic_demo,2026-06-03,2025-03-01,relationship,459,27,0,1,0,0,0,1.0,2,0,180,0,0,0.7746,1,1,0,0,0,0,0,0,0,1,0,0,0,0
SYN-02103,synthetic_demo,2026-06-03,2026-03-31,personal_growth,64,0,7,10,5,5,7,6.66,5,1,70,0,2,0.8636,1,1,1,0,0,0,2,0,0,0,0,0,0,0
SYN-02219,synthetic_demo,2026-06-03,2025-08-25,relationship,282,6,1,3,0,0,1,1.34,5,0,180,0,0,0.8196,1,0,0,0,0,0,0,0,0,0,0,0,0,0
SYN-02349,synthetic_demo,2026-06-03,2025-09-21,career,255,5,3,7,1,4,3,10.26,3,0,180,0,3,0.8304,1,1,1,0,0,0,3,3,1,1,1,0,0,0
SYN-02393,synthetic_demo,2026-06-03,2025-09-15,finance,261,7,0,1,0,0,0,6.51,3,0,180,0,0,0.7442,1,0,0,0,0,0,0,0,0,0,0,0,1,0
SYN-00023,synthetic_demo,2026-06-04,2025-08-13,career,295,4,1,5,0,1,1,3.66,2,0,180,0,1,0.9589,1,1,1,0,0,0,1,1,0,0,0,0,1,0
SYN-00125,synthetic_demo,2026-06-04,2025-10-03,family,244,6,4,8,2,3,3,6.11,2,2,1,0,0,0.3194,1,1,1,0,0,1,0,0,0,0,0,0,0,0
SYN-00138,synthetic_demo,2026-06-04,2025-03-19,career,442,7,0,3,0,3,0,5.47,3,0,180,0,1,0.813,1,1,1,0,0,0,1,0,0,0,0,0,0,1
SYN-00607,synthetic_demo,2026-06-04,2025-10-17,personal_growth,230,6,2,6,1,3,2,5.44,2,0,180,2,1,0.6418,1,1,1,1,1,0,1,1,0,1,0,0,0,1
SYN-00704,synthetic_demo,2026-06-04,2025-11-12,career,204,6,2,4,0,2,2,4.87,3,2,48,0,0,0.8462,1,1,1,0,0,1,0,0,0,1,0,0,0,0
SYN-01062,synthetic_demo,2026-06-04,2026-02-26,career,98,7,0,2,0,1,0,5.43,3,0,180,0,0,0.8294,1,1,1,0,0,0,0,0,0,0,0,0,1,0
SYN-01644,synthetic_demo,2026-06-04,2025-12-26,relationship,160,1,3,9,0,5,3,10.29,4,1,48,0,1,0.4608,1,1,1,0,0,0,1,1,1,0,0,0,0,1
SYN-01701,synthetic_demo,2026-06-04,2026-02-05,finance,119,7,0,4,0,0,0,6.62,2,1,74,0,0,0.4888,1,1,0,0,0,0,0,0,0,0,0,0,0,0
SYN-01716,synthetic_demo,2026-06-04,2026-04-27,finance,38,6,1,3,1,2,1,5.78,1,0,180,0,0,0.8974,1,1,1,0,0,0,0,0,0,1,0,0,1,0
SYN-01765,synthetic_demo,2026-06-04,2026-03-22,relationship,74,7,0,4,0,1,0,1.0,1,0,180,0,0,0.6738,1,1,1,0,0,0,0,0,0,0,0,0,0,0
SYN-02230,synthetic_demo,2026-06-04,2025-01-06,relationship,514,29,0,5,0,2,0,5.39,5,0,180,0,0,0.7197,1,1,1,0,0,0,0,0,0,1,1,1,1,0
SYN-02235,synthetic_demo,2026-06-04,2026-01-18,relationship,137,1,4,8,4,5,2,3.8,2,0,180,0,0,0.7391,1,1,1,0,0,0,0,0,0,1,1,1,1,0
SYN-02347,synthetic_demo,2026-06-04,2026-01-01,personal_growth,154,7,0,3,0,0,0,6.42,3,0,180,0,0,0.697,1,1,0,0,0,0,0,0,0,0,0,0,0,0
SYN-02395,synthetic_demo,2026-06-04,2026-04-01,career,64,1,1,4,1,3,1,10.29,3,1,66,0,0,0.8796,1,1,1,0,0,0,0,0,0,0,0,0,1,0
SYN-00098,synthetic_demo,2026-06-05,2025-11-02,education,215,5,2,4,2,3,2,3.7,2,0,180,1,1,0.3118,1,1,1,1,1,0,1,1,0,1,0,0,0,0
SYN-00201,synthetic_demo,2026-06-05,2025-11-28,relationship,189,7,0,2,0,0,0,4.2,2,0,180,0,0,0.735,1,0,0,0,0,0,0,0,0,0,0,0,1,0
SYN-00916,synthetic_demo,2026-06-05,2024-12-18,finance,534,0,1,2,0,2,1,5.81,3,1,68,1,0,0.6993,1,1,1,1,0,0,0,0,0,0,0,0,1,0
SYN-01250,synthetic_demo,2026-06-05,2026-04-24,finance,42,7,0,1,0,1,0,5.08,1,0,180,0,0,0.5903,1,1,1,0,0,0,0,0,0,1,0,0,0,0
SYN-01441,synthetic_demo,2026-06-05,2025-06-16,personal_growth,354,22,0,1,0,0,0,6.91,1,0,180,0,0,0.4647,1,0,0,0,0,0,0,0,0,1,0,0,1,1
SYN-01711,synthetic_demo,2026-06-05,2025-07-22,relationship,318,13,0,5,0,2,0,3.29,2,0,180,0,1,0.621,1,1,1,0,0,0,1,1,0,0,0,0,0,1
SYN-01843,synthetic_demo,2026-06-05,2026-01-09,family,147,6,2,4,1,1,2,5.51,2,1,52,1,0,0.6583,1,1,1,1,0,0,0,0,0,0,0,0,1,1
SYN-01876,synthetic_demo,2026-06-05,2026-03-11,education,86,30,0,0,0,0,0,7.04,0,0,180,0,0,0.6776,1,0,0,0,0,0,0,0,0,1,0,0,1,0
SYN-01961,synthetic_demo,2026-06-05,2025-11-12,education,205,8,0,3,0,2,0,6.35,3,0,180,0,1,0.4943,1,1,1,0,0,0,1,0,0,1,1,1,0,0
SYN-01973,synthetic_demo,2026-06-05,2026-04-27,relationship,39,6,1,3,1,2,1,6.07,3,1,89,0,0,0.8853,1,1,1,0,0,0,0,0,0,0,0,0,0,0
SYN-02171,synthetic_demo,2026-06-05,2026-04-09,education,57,7,0,2,0,2,0,5.64,2,0,180,0,0,0.7796,1,1,1,0,0,0,0,0,0,1,0,0,0,0
SYN-00139,synthetic_demo,2026-06-06,2025-11-17,education,201,8,0,1,0,0,0,7.51,3,0,180,0,0,0.6701,1,1,0,0,0,0,0,0,0,1,1,0,1,0
SYN-00374,synthetic_demo,2026-06-06,2025-12-30,relationship,158,2,4,10,4,4,4,3.2,2,0,180,1,2,0.6351,1,1,1,1,1,0,2,1,0,0,0,0,0,1
SYN-00512,synthetic_demo,2026-06-06,2025-01-21,personal_growth,501,7,0,1,0,1,0,4.12,2,0,180,0,0,0.7328,1,1,1,0,0,0,0,0,0,0,0,0,0,0
SYN-00548,synthetic_demo,2026-06-06,2026-02-15,personal_growth,111,0,4,12,3,7,3,7.97,4,0,180,1,2,0.5687,1,1,1,1,1,0,2,1,1,0,0,0,0,1
SYN-00643,synthetic_demo,2026-06-06,2025-09-10,personal_growth,269,3,1,4,0,4,1,8.65,3,0,180,1,0,0.8868,1,1,1,1,0,0,0,0,0,1,1,1,1,0
SYN-00820,synthetic_demo,2026-06-06,2025-04-27,personal_growth,405,0,3,5,1,3,0,6.25,1,0,180,1,0,0.9792,1,1,1,1,0,0,0,0,0,1,0,0,0,1
SYN-01461,synthetic_demo,2026-06-06,2025-05-18,career,384,7,0,4,0,2,0,6.61,4,0,180,0,0,0.8669,1,1,1,0,0,0,0,0,0,0,0,0,1,0
SYN-01554,synthetic_demo,2026-06-06,2024-12-30,relationship,523,6,1,7,0,4,1,6.96,2,1,11,0,0,0.9529,1,1,1,0,0,0,0,0,0,1,1,0,0,1
SYN-01988,synthetic_demo,2026-06-06,2025-09-09,career,270,24,0,3,0,0,0,6.92,2,0,180,0,1,0.5812,1,0,0,0,0,0,1,0,0,1,1,0,1,0
SYN-02087,synthetic_demo,2026-06-06,2025-07-03,relationship,338,30,0,0,0,0,0,1.0,0,0,180,0,0,0.8326,1,1,0,0,0,0,0,0,0,0,0,0,1,0
SYN-02173,synthetic_demo,2026-06-06,2024-12-25,finance,528,6,1,4,1,3,1,7.78,3,0,180,0,1,0.4395,1,1,1,0,0,0,1,1,1,1,1,1,0,1
SYN-02277,synthetic_demo,2026-06-06,2026-02-16,education,110,29,0,3,0,3,0,10.84,1,0,180,0,1,0.7562,1,1,1,0,0,0,1,1,0,1,0,0,1,0
SYN-00107,synthetic_demo,2026-06-07,2025-09-05,finance,275,6,1,1,0,1,1,5.12,1,1,70,0,1,0.5886,1,1,1,0,0,0,1,1,0,1,0,0,0,0
SYN-00245,synthetic_demo,2026-06-07,2025-03-08,finance,456,6,3,9,2,6,3,5.83,2,0,180,0,1,0.6381,1,1,1,0,0,0,1,1,1,1,1,1,0,0
SYN-00266,synthetic_demo,2026-06-07,2025-01-15,education,508,7,0,2,0,2,0,4.07,3,0,180,1,0,0.6637,1,1,1,1,0,0,0,0,0,1,1,1,1,0
SYN-00387,synthetic_demo,2026-06-07,2026-04-11,education,57,30,0,0,0,0,0,8.9,0,0,180,0,0,0.6226,1,1,0,0,0,0,0,0,0,1,1,0,0,0
SYN-00408,synthetic_demo,2026-06-07,2026-03-27,career,72,7,0,2,0,1,0,9.86,4,0,180,0,0,0.4575,1,1,1,0,0,0,0,0,0,0,0,0,1,0
SYN-00574,synthetic_demo,2026-06-07,2026-03-25,relationship,74,1,1,4,1,3,1,8.11,3,1,85,1,0,0.6515,1,1,1,1,1,0,0,0,0,1,1,0,0,1
SYN-00602,synthetic_demo,2026-06-07,2026-01-12,family,146,7,0,2,0,2,0,3.68,1,0,180,0,0,0.8324,1,1,1,0,0,0,0,0,0,0,0,0,1,0
SYN-00690,synthetic_demo,2026-06-07,2026-01-14,career,144,10,0,4,0,1,0,6.76,2,0,180,0,0,0.7475,1,1,1,0,0,0,0,0,0,1,1,1,1,0
SYN-01003,synthetic_demo,2026-06-07,2025-01-28,relationship,495,2,2,3,1,1,2,2.43,1,0,180,1,0,0.319,1,1,1,1,1,0,0,0,0,1,0,0,0,0
SYN-01031,synthetic_demo,2026-06-07,2025-02-25,finance,467,12,0,2,0,1,0,3.74,3,0,180,0,0,0.6727,1,1,1,0,0,0,0,0,0,0,0,0,0,0
SYN-01349,synthetic_demo,2026-06-07,2025-03-15,career,449,7,0,2,0,1,0,4.04,1,0,180,0,0,0.68,1,1,1,0,0,0,0,0,0,0,0,0,0,0
SYN-01544,synthetic_demo,2026-06-07,2025-07-27,finance,315,8,0,6,0,5,0,10.35,2,1,47,0,1,0.9247,1,1,1,0,0,0,1,1,1,1,1,0,0,1
SYN-01592,synthetic_demo,2026-06-07,2025-05-02,career,401,7,0,3,0,3,0,5.29,4,0,180,0,3,0.7148,1,1,1,0,0,0,3,3,0,0,0,0,1,1
SYN-01614,synthetic_demo,2026-06-07,2025-10-04,finance,246,30,0,0,0,0,0,1.02,0,0,180,0,0,0.6381,1,1,0,0,0,0,0,0,0,0,0,0,1,0
SYN-01867,synthetic_demo,2026-06-07,2025-05-30,family,373,6,1,2,0,0,0,5.23,2,0,180,0,0,0.535,1,1,0,0,0,0,0,0,0,0,0,0,1,0
SYN-01955,synthetic_demo,2026-06-07,2025-09-11,career,269,30,0,0,0,0,0,1.94,0,0,180,0,0,0.8779,1,1,0,0,0,0,0,0,0,0,0,0,1,0
SYN-02059,synthetic_demo,2026-06-07,2026-04-03,career,65,7,0,1,0,0,0,1.51,1,0,180,0,0,0.4962,1,1,0,0,0,0,0,0,0,0,0,0,0,0
SYN-02290,synthetic_demo,2026-06-07,2025-01-02,career,521,29,0,2,0,0,0,6.46,1,0,180,0,0,0.7941,1,1,0,0,0,0,0,0,0,1,1,0,0,0
SYN-02364,synthetic_demo,2026-06-07,2025-03-08,career,456,6,3,7,2,3,3,5.62,2,0,180,0,1,0.5321,1,1,1,0,0,0,1,0,0,1,0,0,0,0
SYN-00475,synthetic_demo,2026-06-08,2025-04-10,career,424,30,0,0,0,0,0,1.0,0,0,180,0,0,0.7256,1,1,0,0,0,0,0,0,0,0,0,0,1,0
SYN-00590,synthetic_demo,2026-06-08,2026-04-28,career,41,8,0,4,0,2,0,5.52,1,0,180,0,0,0.7596,1,1,1,0,0,0,0,0,0,0,0,0,1,0
SYN-00652,synthetic_demo,2026-06-08,2025-05-27,career,377,7,0,2,0,0,0,3.2,1,1,68,0,0,0.9607,1,1,0,0,0,0,0,0,0,0,0,0,0,1
SYN-01128,synthetic_demo,2026-06-08,2026-03-07,family,93,5,4,9,4,9,4,6.09,2,0,180,1,1,0.899,1,1,1,1,0,0,1,1,1,0,0,0,0,1
SYN-01242,synthetic_demo,2026-06-08,2025-05-22,personal_growth,382,7,0,1,0,0,0,2.39,1,0,180,0,0,0.772,1,1,0,0,0,0,0,0,0,1,0,0,0,0
SYN-01390,synthetic_demo,2026-06-08,2025-04-04,finance,430,6,1,1,0,0,1,1.0,3,0,180,0,0,0.6008,1,0,0,0,0,0,0,0,0,0,0,0,1,0
SYN-01505,synthetic_demo,2026-06-08,2025-03-05,career,460,6,2,7,0,4,2,6.08,2,1,71,0,0,0.7125,1,1,1,0,0,0,0,0,0,1,1,1,0,0
SYN-01730,synthetic_demo,2026-06-08,2025-04-06,education,428,2,3,8,3,6,3,4.47,1,0,180,0,1,0.8435,1,1,1,0,0,0,1,1,1,0,0,0,1,0
SYN-01790,synthetic_demo,2026-06-08,2026-03-15,relationship,85,29,0,2,0,0,0,5.73,0,0,180,0,0,0.9609,1,0,0,0,0,0,0,0,0,0,0,0,1,0
SYN-01817,synthetic_demo,2026-06-08,2025-06-15,relationship,358,6,1,1,0,0,1,9.47,1,0,180,0,0,0.7859,1,1,0,0,0,0,0,0,0,0,0,0,1,0
SYN-01914,synthetic_demo,2026-06-08,2024-12-21,personal_growth,534,0,3,10,1,7,3,7.93,2,1,21,0,0,0.7432,1,1,1,0,0,0,0,0,0,1,0,0,0,0
SYN-02071,synthetic_demo,2026-06-08,2026-03-19,finance,81,0,3,6,2,5,3,5.47,4,0,180,0,0,0.6985,1,1,1,0,0,0,0,0,0,1,0,0,0,0
SYN-02157,synthetic_demo,2026-06-08,2026-02-08,relationship,120,7,0,3,0,0,0,9.44,3,0,180,0,1,0.8727,1,0,0,0,0,0,1,1,1,0,0,0,0,1
SYN-00028,synthetic_demo,2026-06-09,2026-04-05,career,65,7,0,3,0,2,0,3.06,2,0,180,0,0,0.4119,1,1,1,0,0,0,0,0,0,0,0,0,1,1
SYN-00123,synthetic_demo,2026-06-09,2025-08-17,relationship,296,29,0,1,0,0,0,5.61,3,0,180,0,0,0.6145,1,1,0,0,0,0,0,0,0,0,0,0,1,0
SYN-01070,synthetic_demo,2026-06-09,2025-10-26,personal_growth,226,30,0,0,0,0,0,6.91,0,0,180,0,0,0.6263,1,1,0,0,0,0,0,0,0,1,0,0,0,0
SYN-01365,synthetic_demo,2026-06-09,2025-12-28,career,163,9,0,4,0,3,0,8.15,0,0,180,0,1,0.9367,1,1,1,0,0,0,1,1,0,0,0,0,0,0
SYN-01450,synthetic_demo,2026-06-09,2025-05-06,relationship,399,6,1,2,0,0,0,1.5,0,0,180,0,0,0.9012,1,1,0,0,0,0,0,0,0,0,0,0,1,0
SYN-01451,synthetic_demo,2026-06-09,2025-05-18,personal_growth,387,6,1,1,0,0,1,6.54,1,0,180,0,1,0.7037,1,1,0,0,0,0,1,1,1,0,0,0,1,0
SYN-01520,synthetic_demo,2026-06-09,2025-04-21,career,414,1,2,5,2,3,2,8.93,4,2,22,0,0,0.6822,1,1,1,0,0,1,0,0,0,0,0,0,1,0
SYN-01545,synthetic_demo,2026-06-09,2025-06-20,career,354,29,0,2,0,1,0,3.72,1,1,69,0,0,0.6116,1,1,1,0,0,0,0,0,0,0,0,0,1,1
SYN-01589,synthetic_demo,2026-06-09,2025-05-16,finance,389,6,3,8,2,5,3,5.3,3,0,180,0,1,0.3776,1,1,1,0,0,0,1,0,0,0,0,0,0,1
SYN-02065,synthetic_demo,2026-06-09,2026-04-09,career,61,6,2,5,1,2,1,2.12,2,0,180,1,1,0.8106,1,1,1,1,1,0,1,1,1,0,0,0,0,0
SYN-02315,synthetic_demo,2026-06-09,2025-09-12,relationship,270,7,0,2,0,1,0,7.04,2,0,180,0,0,0.7595,1,1,1,0,0,0,0,0,0,1,1,0,0,0
SYN-02376,synthetic_demo,2026-06-09,2025-10-07,finance,245,7,0,4,0,1,0,3.5,3,2,18,0,0,0.7399,1,1,1,0,0,1,0,0,0,1,0,0,0,1
SYN-00320,synthetic_demo,2026-06-10,2025-04-15,career,421,12,0,5,0,1,0,2.62,3,0,180,0,1,0.6265,1,1,1,0,0,0,1,1,0,1,1,1,1,0
SYN-00562,synthetic_demo,2026-06-10,2025-09-23,finance,260,7,0,3,0,1,0,5.96,4,2,20,0,0,0.9072,1,1,1,0,0,1,0,0,0,1,1,0,1,0
SYN-00782,synthetic_demo,2026-06-10,2025-08-15,relationship,299,7,0,4,0,1,0,7.73,2,0,180,0,1,0.4308,1,1,1,0,0,0,1,1,1,0,0,0,0,1
SYN-00889,synthetic_demo,2026-06-10,2026-03-18,finance,84,7,0,2,0,1,0,4.28,3,0,180,0,0,0.7104,1,1,1,0,0,0,0,0,0,1,0,0,1,1
SYN-00894,synthetic_demo,2026-06-10,2025-12-05,career,187,16,0,1,0,0,0,7.54,4,0,180,0,1,0.7917,1,0,0,0,0,0,1,1,0,0,0,0,0,0
SYN-00986,synthetic_demo,2026-06-10,2026-02-04,relationship,126,6,1,2,1,1,0,5.35,3,0,180,0,0,0.9044,1,1,1,0,0,0,0,0,0,0,0,0,1,1
SYN-01204,synthetic_demo,2026-06-10,2026-02-27,education,103,30,0,0,0,0,0,6.24,0,0,180,0,0,0.7571,1,1,0,0,0,0,0,0,0,0,0,0,1,0
SYN-01648,synthetic_demo,2026-06-10,2026-02-21,family,109,7,0,2,0,0,0,4.27,3,0,180,0,0,0.414,1,1,0,0,0,0,0,0,0,1,0,0,0,0
SYN-01681,synthetic_demo,2026-06-10,2025-02-21,education,474,7,0,3,0,1,0,5.48,3,0,180,0,1,0.8042,1,1,1,0,0,0,1,1,1,1,1,0,1,0
SYN-01687,synthetic_demo,2026-06-10,2025-11-05,career,217,6,4,15,1,12,3,5.22,3,5,69,0,2,0.8486,1,1,1,0,0,1,2,1,1,1,0,0,0,1
SYN-01895,synthetic_demo,2026-06-10,2025-03-28,career,439,6,5,6,1,2,0,6.31,2,0,180,2,0,0.8421,1,1,1,1,1,0,0,0,0,0,0,0,0,1
SYN-01922,synthetic_demo,2026-06-10,2025-08-27,family,287,3,1,6,1,4,1,7.12,1,0,180,1,1,0.4593,1,1,1,1,1,0,1,1,1,0,0,0,0,0
SYN-01927,synthetic_demo,2026-06-10,2026-03-02,finance,100,4,1,8,1,1,1,6.66,3,0,180,0,0,0.5294,1,1,1,0,0,0,0,0,0,1,1,1,0,0
SYN-02180,synthetic_demo,2026-06-10,2025-01-16,relationship,510,6,1,5,1,4,1,5.53,2,0,180,0,0,0.5902,1,1,1,0,0,0,0,0,0,0,0,0,0,0
SYN-00299,synthetic_demo,2026-06-11,2025-02-23,education,473,25,0,3,0,2,0,5.37,1,0,180,0,0,0.3587,1,1,1,0,0,0,0,0,0,1,0,0,1,0
SYN-00834,synthetic_demo,2026-06-11,2025-12-27,career,166,0,8,11,5,11,5,7.61,4,0,180,1,2,0.8923,1,1,1,1,1,0,2,2,1,1,0,0,0,1
SYN-00895,synthetic_demo,2026-06-11,2025-06-11,relationship,365,30,0,0,0,0,0,3.18,0,0,180,0,0,0.5546,1,1,0,0,0,0,0,0,0,0,0,0,0,0
SYN-01090,synthetic_demo,2026-06-11,2026-04-10,career,62,0,1,3,1,1,1,4.02,3,1,43,0,0,0.8497,1,1,1,0,0,0,0,0,0,1,1,0,0,0
SYN-01287,synthetic_demo,2026-06-11,2026-04-16,finance,56,6,2,6,2,2,1,4.91,1,1,51,0,0,0.7861,1,1,1,0,0,0,0,0,0,0,0,0,1,0
SYN-01683,synthetic_demo,2026-06-11,2025-09-25,relationship,259,2,1,5,1,4,1,4.25,3,0,180,0,0,0.8819,1,1,1,0,0,0,0,0,0,0,0,0,0,1
SYN-01747,synthetic_demo,2026-06-11,2025-04-24,relationship,413,7,0,3,0,1,0,7.42,2,0,180,0,0,0.7165,1,1,1,0,0,0,0,0,0,1,0,0,1,0
SYN-01833,synthetic_demo,2026-06-11,2025-01-24,career,503,7,0,2,0,0,0,1.0,2,0,180,0,0,0.6608,1,1,0,0,0,0,0,0,0,0,0,0,1,0
SYN-02088,synthetic_demo,2026-06-11,2024-12-31,education,527,10,0,4,0,0,0,4.37,3,0,180,0,1,0.8122,1,1,0,0,0,0,1,1,1,0,0,0,1,0
SYN-02210,synthetic_demo,2026-06-11,2025-10-26,career,228,3,1,5,0,3,0,8.14,1,1,33,1,1,0.7272,1,1,1,1,0,0,1,1,1,0,0,0,0,1
SYN-00199,synthetic_demo,2026-06-12,2025-03-27,personal_growth,442,7,0,2,0,1,0,7.87,3,1,71,0,1,0.7758,1,1,1,0,0,0,1,1,0,0,0,0,0,1
SYN-00210,synthetic_demo,2026-06-12,2024-12-28,finance,531,7,0,2,0,1,0,1.0,2,0,180,0,0,0.7948,1,1,1,0,0,0,0,0,0,1,0,0,0,0
SYN-00701,synthetic_demo,2026-06-12,2025-09-12,relationship,273,11,0,5,0,3,0,8.91,3,0,180,0,1,0.3273,1,1,1,0,0,0,1,0,0,0,0,0,0,0
SYN-00951,synthetic_demo,2026-06-12,2025-11-23,career,201,14,0,5,0,2,0,8.02,1,0,180,1,1,0.7598,1,1,1,1,0,0,1,1,1,1,1,1,1,0
SYN-01011,synthetic_demo,2026-06-12,2025-04-17,family,421,5,1,2,0,2,1,7.81,4,0,180,2,0,0.6462,1,1,1,1,0,0,0,0,0,0,0,0,0,1
SYN-01256,synthetic_demo,2026-06-12,2025-11-16,family,208,10,0,4,0,4,0,10.8,3,1,41,0,1,0.8022,1,1,1,0,0,0,1,0,0,1,1,1,0,1
SYN-01394,synthetic_demo,2026-06-12,2026-02-22,finance,110,30,0,0,0,0,0,5.85,0,0,180,0,0,0.6274,1,0,0,0,0,0,0,0,0,0,0,0,1,1
SYN-01558,synthetic_demo,2026-06-12,2025-05-17,education,391,6,2,7,2,5,2,8.0,5,0,180,0,1,0.4459,1,1,1,0,0,0,1,1,0,1,1,0,0,0
SYN-01719,synthetic_demo,2026-06-12,2025-12-04,education,190,18,0,1,0,0,0,1.68,2,0,180,0,0,0.889,1,1,0,0,0,0,0,0,0,1,0,0,1,0
SYN-01756,synthetic_demo,2026-06-12,2025-08-22,career,294,0,2,6,1,4,2,2.76,3,0,180,1,0,0.3464,1,1,1,1,1,0,0,0,0,1,1,0,0,0
SYN-01800,synthetic_demo,2026-06-12,2026-03-13,education,91,7,0,2,0,2,0,7.06,2,0,180,0,1,0.7395,1,1,1,0,0,0,1,1,0,0,0,0,0,1
SYN-02027,synthetic_demo,2026-06-12,2025-05-09,relationship,399,16,0,4,0,0,0,5.73,2,0,180,0,1,0.8375,1,1,0,0,0,0,1,1,0,1,0,0,1,0
SYN-02185,synthetic_demo,2026-06-12,2025-01-01,finance,527,20,0,3,0,1,0,6.02,2,0,180,0,0,0.8336,1,1,1,0,0,0,0,0,0,1,0,0,1,0
SYN-02204,synthetic_demo,2026-06-12,2025-02-02,career,495,8,0,1,0,0,0,2.96,3,0,180,0,0,0.698,1,1,0,0,0,0,0,0,0,0,0,0,0,0
SYN-00410,synthetic_demo,2026-06-13,2025-09-15,personal_growth,271,6,2,3,2,2,2,6.68,3,0,180,0,1,0.8429,1,1,1,0,0,0,1,1,1,1,0,0,1,0
SYN-00412,synthetic_demo,2026-06-13,2026-04-13,personal_growth,61,16,0,3,0,1,0,4.51,3,0,180,0,0,0.7374,1,1,1,0,0,0,0,0,0,0,0,0,1,0
SYN-00547,synthetic_demo,2026-06-13,2025-09-04,finance,282,23,0,4,0,2,0,6.43,4,0,180,0,0,0.5222,1,1,1,0,0,0,0,0,0,1,0,0,0,0
SYN-01086,synthetic_demo,2026-06-13,2025-05-26,relationship,383,8,0,4,0,2,0,2.51,4,1,45,0,1,0.7159,1,1,1,0,0,0,1,1,1,1,0,0,0,0
SYN-02223,synthetic_demo,2026-06-13,2025-07-29,relationship,319,30,0,0,0,0,0,1.39,0,0,180,0,0,0.7239,1,1,0,0,0,0,0,0,0,1,1,1,1,0
SYN-00146,synthetic_demo,2026-06-14,2026-03-08,relationship,98,29,0,1,0,0,0,6.34,2,1,56,0,0,0.4062,1,1,0,0,0,0,0,0,0,1,0,0,1,0
SYN-00247,synthetic_demo,2026-06-14,2025-02-19,relationship,480,29,0,3,0,0,0,6.42,0,0,180,0,0,0.8701,1,1,0,0,0,0,0,0,0,1,0,0,1,0
SYN-00402,synthetic_demo,2026-06-14,2025-06-07,education,372,2,1,4,1,2,1,6.01,0,1,53,1,0,0.6373,1,1,1,1,0,0,0,0,0,1,0,0,0,0
SYN-00482,synthetic_demo,2026-06-14,2026-04-23,relationship,52,7,0,2,0,1,0,6.4,1,2,73,0,1,0.8827,1,1,1,0,0,1,1,1,1,0,0,0,0,0
SYN-00533,synthetic_demo,2026-06-14,2025-11-27,career,199,6,3,7,1,3,1,7.08,4,1,37,0,0,0.8204,1,1,1,0,0,0,0,0,0,1,1,1,0,0
SYN-00580,synthetic_demo,2026-06-14,2025-09-23,personal_growth,264,56,0,0,0,0,0,6.91,0,0,180,0,1,0.7835,1,1,0,0,0,0,1,1,0,0,0,0,1,0
SYN-00726,synthetic_demo,2026-06-14,2026-04-02,finance,73,31,0,0,0,0,0,2.33,0,0,180,0,0,0.5429,1,1,0,0,0,0,0,0,0,0,0,0,1,0
SYN-01194,synthetic_demo,2026-06-14,2025-02-12,education,487,7,0,3,0,0,0,4.56,1,0,180,0,1,0.6144,1,1,0,0,0,0,1,1,1,0,0,0,1,0
SYN-01245,synthetic_demo,2026-06-14,2025-09-06,education,281,7,0,5,0,2,0,4.0,2,0,180,0,0,0.3834,1,1,1,0,0,0,0,0,0,0,0,0,0,0
SYN-01346,synthetic_demo,2026-06-14,2026-03-30,finance,76,3,1,6,0,3,1,5.21,1,1,6,0,0,0.7649,1,1,1,0,0,0,0,0,0,0,0,0,0,0
SYN-01366,synthetic_demo,2026-06-14,2025-07-11,personal_growth,338,30,0,0,0,0,0,7.68,0,0,180,0,1,0.7812,1,1,0,0,0,0,1,1,0,1,0,0,1,0
SYN-01371,synthetic_demo,2026-06-14,2025-06-18,finance,361,7,0,7,0,3,0,4.64,2,1,55,1,0,0.547,1,1,1,1,1,0,0,0,0,1,0,0,0,0
SYN-01386,synthetic_demo,2026-06-14,2025-04-11,finance,429,6,4,10,1,7,0,9.82,2,1,76,0,0,0.7559,1,1,1,0,0,0,0,0,0,1,0,0,0,0
SYN-01602,synthetic_demo,2026-06-14,2025-06-19,personal_growth,360,19,0,3,0,2,0,4.45,2,0,180,0,0,0.7353,1,1,1,0,0,0,0,0,0,1,1,0,1,1
SYN-01634,synthetic_demo,2026-06-14,2025-12-26,education,170,6,3,10,0,5,3,6.59,2,0,180,0,0,0.442,1,1,1,0,0,0,0,0,0,1,1,1,0,0
SYN-01713,synthetic_demo,2026-06-14,2025-07-10,career,339,7,0,2,0,0,0,9.7,2,0,180,0,0,0.8673,1,1,0,0,0,0,0,0,0,0,0,0,1,0
SYN-01734,synthetic_demo,2026-06-14,2025-01-20,career,510,6,2,5,1,3,0,4.82,2,0,180,0,1,0.6532,1,1,1,0,0,0,1,1,1,1,0,0,0,0
SYN-01991,synthetic_demo,2026-06-14,2025-12-24,career,172,0,2,10,2,5,1,11.43,1,0,180,1,0,0.9992,1,1,1,1,0,0,0,0,0,1,1,1,0,0
SYN-02189,synthetic_demo,2026-06-14,2025-11-03,career,223,1,1,7,1,5,1,8.25,2,0,180,0,2,0.8068,1,1,1,0,0,0,2,2,0,1,1,1,1,0
SYN-00328,synthetic_demo,2026-06-15,2025-03-04,career,468,7,0,1,0,1,0,4.47,1,0,180,0,0,0.9579,1,1,1,0,0,0,0,0,0,1,1,0,1,0
SYN-00691,synthetic_demo,2026-06-15,2025-06-21,education,359,30,0,0,0,0,0,7.93,0,0,180,0,0,0.6557,1,1,0,0,0,0,0,0,0,0,0,0,1,0
SYN-00693,synthetic_demo,2026-06-15,2025-10-22,family,236,6,1,6,0,3,1,7.45,2,0,180,0,0,0.9226,1,1,1,0,0,0,0,0,0,0,0,0,0,1
SYN-00728,synthetic_demo,2026-06-15,2025-05-23,career,388,18,0,2,0,0,0,3.24,3,0,180,0,0,0.7327,1,1,0,0,0,0,0,0,0,1,1,0,0,0
SYN-01065,synthetic_demo,2026-06-15,2025-09-07,relationship,281,3,9,13,6,6,6,7.56,2,1,83,0,0,0.8627,1,1,1,0,0,0,0,0,0,1,1,0,0,1
SYN-01145,synthetic_demo,2026-06-15,2025-04-28,family,413,6,2,7,1,3,2,1.43,2,1,90,0,0,0.8943,1,1,1,0,0,0,0,0,0,1,0,0,0,1
SYN-01742,synthetic_demo,2026-06-15,2026-02-15,relationship,120,7,0,5,0,3,0,8.26,3,1,54,0,1,0.7201,1,1,1,0,0,0,1,1,1,1,0,0,1,0
SYN-01768,synthetic_demo,2026-06-15,2026-05-05,career,41,0,3,6,3,4,3,9.81,2,1,82,1,0,0.7042,1,1,1,1,0,0,0,0,0,0,0,0,0,0
SYN-01915,synthetic_demo,2026-06-15,2026-02-09,relationship,126,6,5,5,4,5,5,7.47,2,1,8,4,0,0.9886,1,1,1,1,1,0,0,0,0,1,0,0,0,1
SYN-01933,synthetic_demo,2026-06-15,2026-02-12,career,123,1,2,8,0,3,2,10.63,3,0,180,0,0,0.7203,1,1,1,0,0,0,0,0,0,0,0,0,0,0
SYN-02303,synthetic_demo,2026-06-15,2026-03-18,education,89,12,0,2,0,2,0,9.03,4,1,12,2,0,0.6489,1,1,1,1,0,0,0,0,0,0,0,0,1,1
SYN-00188,synthetic_demo,2026-06-16,2026-01-28,relationship,139,6,1,3,0,2,1,4.34,2,0,180,0,0,0.8227,1,1,1,0,0,0,0,0,0,1,1,0,1,0
SYN-00195,synthetic_demo,2026-06-16,2024-12-28,personal_growth,535,8,0,2,0,0,0,6.56,1,0,180,0,0,0.5428,1,1,0,0,0,0,0,0,0,0,0,0,0,0
SYN-00528,synthetic_demo,2026-06-16,2025-10-30,education,229,0,6,11,5,8,6,11.72,4,0,180,0,2,0.8018,1,1,1,0,0,0,2,2,1,1,1,1,0,0
SYN-00700,synthetic_demo,2026-06-16,2026-01-22,career,145,4,2,11,2,10,2,7.76,2,1,37,0,2,0.8483,1,1,1,0,0,0,2,1,0,1,1,1,0,0
SYN-00874,synthetic_demo,2026-06-16,2025-04-12,relationship,430,4,1,3,1,2,1,6.84,3,0,180,0,0,0.8098,1,1,1,0,0,0,0,0,0,0,0,0,0,0
SYN-01075,synthetic_demo,2026-06-16,2025-06-11,personal_growth,370,29,0,1,0,0,0,2.78,1,0,180,0,0,0.6677,1,1,0,0,0,0,0,0,0,0,0,0,1,0
SYN-01434,synthetic_demo,2026-06-16,2026-01-11,finance,156,6,1,2,1,2,1,2.88,3,0,180,0,0,0.7543,1,1,1,0,0,0,0,0,0,1,0,0,0,1
SYN-01514,synthetic_demo,2026-06-16,2025-11-26,finance,202,6,2,8,2,5,2,7.0,4,1,3,0,1,0.2269,1,1,1,0,0,0,1,1,0,0,0,0,0,0
SYN-01606,synthetic_demo,2026-06-16,2026-02-08,relationship,128,7,0,3,0,3,0,8.72,2,1,77,1,2,0.9018,1,1,1,1,0,0,2,2,1,1,1,1,0,0
SYN-01840,synthetic_demo,2026-06-16,2024-12-24,family,539,6,1,4,1,3,1,11.14,4,0,180,0,0,0.6253,1,1,1,0,0,0,0,0,0,1,0,0,0,1
SYN-02075,synthetic_demo,2026-06-16,2025-09-28,personal_growth,261,30,0,0,0,0,0,5.98,0,1,69,0,0,0.5916,1,1,0,0,0,0,0,0,0,1,1,1,1,0
SYN-02251,synthetic_demo,2026-06-16,2025-09-07,relationship,282,4,2,2,1,2,2,6.61,2,0,180,0,0,0.669,1,1,1,0,0,0,0,0,0,0,0,0,1,0
SYN-02354,synthetic_demo,2026-06-16,2025-11-28,personal_growth,200,7,0,3,0,2,0,7.46,3,0,180,0,1,0.6341,1,1,1,0,0,0,1,1,1,1,0,0,0,0
SYN-00012,synthetic_demo,2026-06-17,2025-06-04,education,378,23,0,2,0,1,0,4.35,3,0,180,1,0,0.4829,1,1,1,1,1,0,0,0,0,1,0,0,0,0
SYN-00205,synthetic_demo,2026-06-17,2025-01-22,relationship,511,7,0,4,0,3,0,4.46,3,1,28,1,1,0.6548,1,1,1,1,1,0,1,1,0,1,0,0,1,1
SYN-00314,synthetic_demo,2026-06-17,2025-11-15,finance,214,6,4,7,1,4,4,10.09,2,1,35,1,0,0.9312,1,1,1,1,1,0,0,0,0,1,1,0,1,0
SYN-00439,synthetic_demo,2026-06-17,2025-04-16,personal_growth,427,1,1,9,1,3,1,1.52,2,0,180,0,0,0.8331,1,1,1,0,0,0,0,0,0,1,1,0,1,0
SYN-00635,synthetic_demo,2026-06-17,2026-01-23,education,145,7,0,3,0,2,0,6.25,3,0,180,1,0,0.8411,1,1,1,1,1,0,0,0,0,0,0,0,0,1
SYN-00703,synthetic_demo,2026-06-17,2025-01-27,career,506,12,0,2,0,1,0,6.91,1,1,25,0,0,0.6219,1,1,1,0,0,0,0,0,0,1,1,0,1,1
SYN-00945,synthetic_demo,2026-06-17,2026-05-12,family,36,7,0,1,0,0,0,5.25,3,1,68,0,0,0.5895,1,1,0,0,0,0,0,0,0,1,1,0,0,0
SYN-01201,synthetic_demo,2026-06-17,2025-06-13,relationship,369,7,0,3,0,2,0,1.82,0,0,180,0,0,0.9155,1,1,1,0,0,0,0,0,0,0,0,0,0,0
SYN-01259,synthetic_demo,2026-06-17,2025-04-20,finance,423,7,0,2,0,2,0,6.67,2,0,180,0,0,0.8395,1,1,1,0,0,0,0,0,0,1,0,0,0,0
SYN-01298,synthetic_demo,2026-06-17,2025-05-25,finance,388,4,3,7,2,6,3,10.67,5,0,180,1,1,0.8071,1,1,1,1,0,0,1,0,0,0,0,0,0,0
SYN-01513,synthetic_demo,2026-06-17,2024-12-30,relationship,534,0,6,10,4,5,2,7.86,1,1,17,0,0,0.799,1,1,1,0,0,0,0,0,0,1,1,1,0,0
SYN-01667,synthetic_demo,2026-06-17,2025-11-27,education,202,29,0,6,0,2,0,8.72,3,0,180,0,0,0.6542,1,1,1,0,0,0,0,0,0,1,0,0,1,0
SYN-01793,synthetic_demo,2026-06-17,2025-03-21,family,453,7,0,7,0,2,0,4.92,2,2,1,0,2,0.7638,1,1,1,0,0,1,2,2,1,0,0,0,1,0
SYN-01826,synthetic_demo,2026-06-17,2025-04-06,family,437,7,0,2,0,0,0,3.71,0,0,180,0,0,0.7532,1,0,0,0,0,0,0,0,0,0,0,0,1,0
SYN-01944,synthetic_demo,2026-06-17,2025-04-29,career,414,30,0,0,0,0,0,3.16,0,0,180,0,0,0.8987,1,0,0,0,0,0,0,0,0,0,0,0,1,0
SYN-02301,synthetic_demo,2026-06-17,2026-01-22,relationship,146,7,0,2,0,0,0,7.09,2,1,27,0,1,0.7691,1,1,0,0,0,0,1,1,0,0,0,0,1,0
SYN-02373,synthetic_demo,2026-06-17,2025-05-26,relationship,387,7,0,1,0,0,0,2.13,3,0,180,0,0,0.8382,1,1,0,0,0,0,0,0,0,0,0,0,1,0
SYN-00073,synthetic_demo,2026-06-18,2025-08-05,finance,317,6,1,4,1,3,1,9.41,3,1,45,0,1,0.7717,1,1,1,0,0,0,1,1,0,0,0,0,0,0
SYN-00117,synthetic_demo,2026-06-18,2025-02-16,relationship,487,24,0,10,0,4,0,4.69,3,0,180,1,0,0.6681,1,1,1,1,0,0,0,0,0,0,0,0,1,1
SYN-00120,synthetic_demo,2026-06-18,2025-08-17,family,305,5,2,7,1,4,2,4.47,2,0,180,0,1,0.7074,1,1,1,0,0,0,1,1,1,0,0,0,0,0
SYN-00992,synthetic_demo,2026-06-18,2025-12-14,career,186,28,0,3,0,1,0,2.66,2,0,180,0,1,0.6117,1,1,1,0,0,0,1,1,0,1,0,0,1,0
SYN-01236,synthetic_demo,2026-06-18,2024-12-26,relationship,539,21,0,2,0,1,0,9.42,1,0,180,0,1,0.8727,1,1,1,0,0,0,1,1,1,1,0,0,1,0
SYN-01372,synthetic_demo,2026-06-18,2025-06-04,education,379,6,1,3,0,0,1,3.08,2,1,49,0,0,0.7994,1,1,0,0,0,0,0,0,0,0,0,0,0,0
SYN-01572,synthetic_demo,2026-06-18,2025-12-12,relationship,188,6,2,5,1,1,2,5.67,5,0,180,0,0,0.8047,1,1,1,0,0,0,0,0,0,1,1,0,0,0
SYN-01596,synthetic_demo,2026-06-18,2025-11-20,career,210,20,0,2,0,2,0,4.7,4,1,60,0,1,0.6368,1,1,1,0,0,0,1,1,1,1,0,0,0,1
SYN-01792,synthetic_demo,2026-06-18,2025-01-02,finance,532,2,2,7,1,2,2,5.44,3,1,87,0,0,0.8121,1,1,1,0,0,0,0,0,0,0,0,0,1,0
SYN-02225,synthetic_demo,2026-06-18,2026-04-23,personal_growth,56,30,0,0,0,0,0,3.07,0,0,180,0,0,0.8368,1,1,0,0,0,0,0,0,0,0,0,0,1,0
SYN-02245,synthetic_demo,2026-06-18,2025-02-13,career,490,6,1,4,0,1,1,6.24,3,0,180,0,0,0.9419,1,1,1,0,0,0,0,0,0,0,0,0,0,0
SYN-02268,synthetic_demo,2026-06-18,2025-02-11,career,492,7,0,1,0,1,0,4.53,2,0,180,0,1,0.5645,1,1,1,0,0,0,1,1,1,0,0,0,1,0
SYN-02392,synthetic_demo,2026-06-18,2026-03-02,relationship,108,0,8,13,6,7,6,6.73,2,0,180,0,1,0.7157,1,1,1,0,0,0,1,1,0,0,0,0,0,0
SYN-00066,synthetic_demo,2026-06-19,2026-02-22,finance,117,7,0,2,0,1,0,1.0,3,0,180,0,0,0.7891,1,1,1,0,0,0,0,0,0,1,0,0,0,0
SYN-00113,synthetic_demo,2026-06-19,2025-02-26,career,478,1,2,9,1,6,2,7.51,3,0,180,1,0,0.8008,1,1,1,1,1,0,0,0,0,0,0,0,0,1
SYN-01020,synthetic_demo,2026-06-19,2025-03-12,personal_growth,464,6,1,3,1,1,0,9.64,3,0,180,0,0,0.9426,1,1,1,0,0,0,0,0,0,1,0,0,1,0
SYN-01229,synthetic_demo,2026-06-19,2025-02-08,finance,496,2,3,6,2,4,2,6.29,2,0,180,0,1,0.8317,1,1,1,0,0,0,1,0,0,1,1,1,0,1
SYN-01363,synthetic_demo,2026-06-19,2025-10-29,finance,233,3,1,3,1,2,1,10.48,0,1,60,0,1,0.7647,1,1,1,0,0,0,1,1,0,0,0,0,0,1
SYN-01633,synthetic_demo,2026-06-19,2026-02-07,education,132,6,1,3,0,0,0,2.62,2,0,180,0,1,0.7348,1,1,0,0,0,0,1,0,0,1,0,0,1,0
SYN-01972,synthetic_demo,2026-06-19,2025-08-08,personal_growth,315,7,0,3,0,3,0,4.64,3,1,54,0,0,0.6909,1,1,1,0,0,0,0,0,0,0,0,0,1,0
SYN-01986,synthetic_demo,2026-06-19,2025-01-14,finance,521,0,1,2,0,1,1,9.93,3,0,180,0,2,0.8737,1,1,1,0,0,0,2,1,0,0,0,0,0,0
SYN-00573,synthetic_demo,2026-06-20,2026-01-06,family,165,30,0,0,0,0,0,4.94,0,1,22,0,0,0.7751,1,1,0,0,0,0,0,0,0,1,1,1,1,0
SYN-00591,synthetic_demo,2026-06-20,2025-07-15,career,340,4,1,5,0,0,0,7.44,2,0,180,0,1,0.572,1,1,0,0,0,0,1,1,1,0,0,0,1,0
SYN-00663,synthetic_demo,2026-06-20,2026-05-15,family,36,24,0,1,0,1,0,6.57,3,0,180,0,1,0.6024,1,1,1,0,0,0,1,1,1,0,0,0,0,0
SYN-00848,synthetic_demo,2026-06-20,2025-12-08,finance,194,25,0,2,0,1,0,6.85,3,0,180,0,0,0.7244,1,1,1,0,0,0,0,0,0,0,0,0,1,0
SYN-01226,synthetic_demo,2026-06-20,2025-01-04,family,532,6,2,6,2,3,2,9.55,2,0,180,1,0,0.6787,1,1,1,1,1,0,0,0,0,1,0,0,0,1
SYN-01452,synthetic_demo,2026-06-20,2025-09-13,career,280,21,0,2,0,1,0,6.11,2,0,180,0,0,0.9259,1,1,1,0,0,0,0,0,0,0,0,0,1,0
SYN-01613,synthetic_demo,2026-06-20,2025-07-20,relationship,335,29,0,4,0,3,0,3.97,0,0,180,1,0,0.7663,1,1,1,1,0,0,0,0,0,0,0,0,0,0
SYN-01636,synthetic_demo,2026-06-20,2025-05-22,career,394,7,0,1,0,0,0,5.58,3,0,180,0,1,0.8451,1,1,0,0,0,0,1,1,1,1,0,0,1,0
SYN-01777,synthetic_demo,2026-06-20,2025-07-09,education,346,7,0,5,0,2,0,3.38,1,0,180,1,1,0.7923,1,1,1,1,1,0,1,0,0,1,1,0,1,0
SYN-02002,synthetic_demo,2026-06-20,2026-05-11,education,40,6,5,8,3,3,1,4.08,2,0,180,2,0,0.7878,1,1,1,1,1,0,0,0,0,1,1,0,0,1
SYN-02039,synthetic_demo,2026-06-20,2025-11-22,education,210,6,2,7,1,6,2,7.37,2,0,180,0,0,0.418,1,1,1,0,0,0,0,0,0,1,1,0,0,0
SYN-02309,synthetic_demo,2026-06-20,2025-12-18,career,184,15,0,1,0,0,0,3.1,4,0,180,0,0,0.8014,1,1,0,0,0,0,0,0,0,0,0,0,1,0
SYN-00371,synthetic_demo,2026-06-21,2025-01-17,personal_growth,520,6,3,6,1,4,1,7.25,2,1,48,0,1,0.8499,1,1,1,0,0,0,1,1,1,1,0,0,0,0
SYN-00531,synthetic_demo,2026-06-21,2025-11-13,personal_growth,220,6,1,1,0,1,0,9.8,3,0,180,1,0,0.6615,1,1,1,1,0,0,0,0,0,1,0,0,1,0
SYN-00685,synthetic_demo,2026-06-21,2025-04-20,education,427,7,0,4,0,2,0,4.62,4,0,180,0,0,0.7453,1,1,1,0,0,0,0,0,0,0,0,0,1,1
SYN-00757,synthetic_demo,2026-06-21,2025-10-12,career,252,21,0,1,0,1,0,5.77,0,0,180,0,0,0.6509,1,1,1,0,0,0,0,0,0,0,0,0,1,0
SYN-01282,synthetic_demo,2026-06-21,2025-11-02,career,231,29,0,1,0,1,0,2.61,1,0,180,0,0,0.7576,1,1,1,0,0,0,0,0,0,0,0,0,1,1
SYN-01437,synthetic_demo,2026-06-21,2025-03-27,personal_growth,451,6,1,5,1,4,1,8.23,1,1,19,0,2,0.8932,1,1,1,0,0,0,2,2,1,0,0,0,0,0
SYN-01482,synthetic_demo,2026-06-21,2025-10-08,relationship,256,6,3,3,1,1,3,1.74,2,0,180,0,0,0.6784,1,1,1,0,0,0,0,0,0,1,0,0,0,1
SYN-01737,synthetic_demo,2026-06-21,2025-08-03,career,322,47,0,0,0,0,0,3.12,0,0,180,0,0,0.5966,1,1,0,0,0,0,0,0,0,0,0,0,1,0
SYN-01743,synthetic_demo,2026-06-21,2025-09-29,career,265,7,0,3,0,1,0,4.09,1,0,180,0,0,0.956,1,1,1,0,0,0,0,0,0,0,0,0,0,0
SYN-02072,synthetic_demo,2026-06-21,2026-02-15,family,126,4,1,6,1,3,1,3.44,4,1,5,0,0,0.8025,1,1,1,0,0,0,0,0,0,1,0,0,0,1
SYN-02128,synthetic_demo,2026-06-21,2025-03-04,relationship,474,7,0,3,0,2,0,6.24,1,0,180,1,1,0.955,1,1,1,1,0,0,1,1,1,0,0,0,0,1
SYN-02151,synthetic_demo,2026-06-21,2026-03-26,finance,87,1,1,5,0,1,1,6.96,3,1,77,0,0,0.7442,1,1,1,0,0,0,0,0,0,0,0,0,0,1
SYN-02385,synthetic_demo,2026-06-21,2025-05-03,career,414,2,4,7,2,2,2,6.57,2,1,14,0,1,0.8359,1,1,1,0,0,0,1,1,0,1,0,0,1,0
SYN-00202,synthetic_demo,2026-06-22,2025-03-08,career,471,7,0,4,0,2,0,6.24,1,0,180,0,0,0.4258,1,1,1,0,0,0,0,0,0,0,0,0,1,0
SYN-00358,synthetic_demo,2026-06-22,2025-12-28,education,176,29,0,6,0,1,0,7.1,1,2,25,0,0,0.5734,1,1,1,0,0,1,0,0,0,0,0,0,0,0
SYN-00886,synthetic_demo,2026-06-22,2025-07-08,relationship,349,16,0,1,0,0,0,5.9,1,0,180,0,0,0.6896,1,1,0,0,0,0,0,0,0,0,0,0,1,0
SYN-00925,synthetic_demo,2026-06-22,2025-03-13,personal_growth,466,15,0,3,0,1,0,4.18,1,0,180,0,0,0.8134,1,1,1,0,0,0,0,0,0,0,0,0,0,0
SYN-00969,synthetic_demo,2026-06-22,2026-02-09,career,133,29,0,1,0,0,0,3.64,2,0,180,0,0,0.6744,1,1,0,0,0,0,0,0,0,0,0,0,1,0
SYN-01191,synthetic_demo,2026-06-22,2025-11-14,finance,220,29,0,4,0,3,0,6.97,4,1,2,0,0,0.7349,1,1,1,0,0,0,0,0,0,0,0,0,1,0
SYN-01210,synthetic_demo,2026-06-22,2025-11-14,relationship,220,7,0,5,0,2,0,4.13,1,1,65,0,0,0.9055,1,1,1,0,0,0,0,0,0,1,0,0,0,0
SYN-01244,synthetic_demo,2026-06-22,2025-12-19,finance,185,6,1,3,1,1,0,6.39,1,0,180,0,0,0.8745,1,1,1,0,0,0,0,0,0,0,0,0,0,0
SYN-01344,synthetic_demo,2026-06-22,2025-05-03,finance,415,0,3,6,0,4,2,10.12,3,0,180,1,1,0.815,1,1,1,1,1,0,1,1,1,1,0,0,0,0
SYN-01775,synthetic_demo,2026-06-22,2025-03-05,career,474,4,2,2,0,1,0,3.71,3,0,180,0,0,0.7131,1,1,1,0,0,0,0,0,0,0,0,0,1,0
SYN-00227,synthetic_demo,2026-06-23,2025-03-22,personal_growth,458,0,3,5,1,2,3,7.52,3,0,180,0,0,0.8382,1,1,1,0,0,0,0,0,0,0,0,0,0,0
SYN-00256,synthetic_demo,2026-06-23,2025-01-19,career,520,3,4,8,3,5,2,5.51,2,0,180,0,0,0.8991,1,1,1,0,0,0,0,0,0,0,0,0,0,0
SYN-00465,synthetic_demo,2026-06-23,2025-11-08,career,227,7,0,2,0,1,0,1.0,1,0,180,0,0,0.8609,1,1,1,0,0,0,0,0,0,0,0,0,1,0
SYN-00660,synthetic_demo,2026-06-23,2025-02-06,relationship,502,30,0,0,0,0,0,9.27,0,0,180,0,0,0.8622,1,0,0,0,0,0,0,0,0,1,0,0,1,0
SYN-01946,synthetic_demo,2026-06-23,2026-01-21,career,153,7,0,1,0,1,0,2.79,1,0,180,0,1,0.6372,1,1,1,0,0,0,1,1,1,0,0,0,0,0
SYN-01994,synthetic_demo,2026-06-23,2026-05-13,career,41,29,0,5,0,1,0,13.81,3,1,39,0,0,0.6044,1,1,1,0,0,0,0,0,0,1,1,0,1,0
SYN-02117,synthetic_demo,2026-06-23,2026-02-07,personal_growth,136,6,2,4,1,1,0,5.14,2,0,180,0,0,0.8936,1,1,1,0,0,0,0,0,0,1,1,0,1,0
SYN-02148,synthetic_demo,2026-06-23,2026-03-31,career,84,29,0,3,0,2,0,2.15,1,0,180,0,0,0.6442,1,1,1,0,0,0,0,0,0,0,0,0,1,1
SYN-02149,synthetic_demo,2026-06-23,2025-01-17,career,522,7,0,1,0,1,0,3.23,2,0,180,0,0,0.819,1,1,1,0,0,0,0,0,0,0,0,0,0,0
SYN-02198,synthetic_demo,2026-06-23,2025-03-13,education,467,6,1,7,0,4,0,5.66,0,0,180,0,1,0.9199,1,1,1,0,0,0,1,1,0,1,0,0,1,0
SYN-02297,synthetic_demo,2026-06-23,2025-10-30,relationship,236,29,0,1,0,0,0,1.3,3,1,42,0,0,0.6056,1,1,0,0,0,0,0,0,0,1,0,0,1,0
SYN-02313,synthetic_demo,2026-06-23,2025-05-31,finance,388,7,0,2,0,0,0,7.65,1,0,180,0,0,0.4712,1,1,0,0,0,0,0,0,0,1,1,1,0,0
SYN-00990,synthetic_demo,2026-06-24,2025-05-12,relationship,408,7,0,2,0,1,0,7.47,2,0,180,1,0,0.928,1,1,1,1,0,0,0,0,0,0,0,0,1,0
SYN-01043,synthetic_demo,2026-06-24,2026-05-20,career,35,6,5,9,3,9,5,9.69,3,0,180,3,1,0.8189,1,1,1,1,1,0,1,0,0,0,0,0,0,0
SYN-01302,synthetic_demo,2026-06-24,2025-05-06,relationship,414,33,0,0,0,0,0,1.54,0,0,180,0,0,0.7208,1,1,0,0,0,0,0,0,0,0,0,0,1,0
SYN-01574,synthetic_demo,2026-06-24,2025-02-01,career,508,10,0,2,0,1,0,2.62,2,1,75,0,0,0.5052,1,1,1,0,0,0,0,0,0,0,0,0,0,0
SYN-01673,synthetic_demo,2026-06-24,2025-02-27,career,482,7,0,2,0,1,0,5.89,3,1,52,0,1,0.8613,1,1,1,0,0,0,1,0,0,0,0,0,0,0
SYN-01769,synthetic_demo,2026-06-24,2025-05-29,relationship,391,1,1,3,0,1,1,5.59,3,0,180,0,0,0.7507,1,1,1,0,0,0,0,0,0,0,0,0,0,1
SYN-02018,synthetic_demo,2026-06-24,2025-12-24,career,182,6,1,2,0,0,1,5.41,3,0,180,0,0,0.5293,1,0,0,0,0,0,0,0,0,1,0,0,0,0
SYN-02147,synthetic_demo,2026-06-24,2025-12-02,personal_growth,204,6,1,7,1,2,1,7.05,4,1,76,0,1,0.7337,1,1,1,0,0,0,1,0,0,1,0,0,0,0
SYN-02194,synthetic_demo,2026-06-24,2025-03-24,career,457,7,0,1,0,0,0,1.78,0,0,180,0,0,0.4582,1,1,0,0,0,0,0,0,0,0,0,0,1,0
SYN-02259,synthetic_demo,2026-06-24,2026-03-02,family,114,6,4,5,3,5,4,7.23,4,0,180,2,0,0.949,1,1,1,1,1,0,0,0,0,1,1,0,1,1
SYN-02399,synthetic_demo,2026-06-24,2025-09-30,personal_growth,267,7,0,2,0,2,0,7.75,1,1,47,0,0,0.7475,1,1,1,0,0,0,0,0,0,1,0,0,0,1
SYN-00032,synthetic_demo,2026-06-25,2026-01-08,family,168,6,2,6,0,0,0,1.0,1,0,180,0,0,0.6921,1,1,0,0,0,0,0,0,0,0,0,0,0,0
SYN-00644,synthetic_demo,2026-06-25,2026-04-28,finance,58,12,0,1,0,1,0,3.59,2,1,55,0,0,0.7594,1,1,1,0,0,0,0,0,0,1,1,0,0,1
SYN-00671,synthetic_demo,2026-06-25,2025-02-27,career,483,30,0,0,0,0,0,4.5,0,0,180,0,0,0.6459,1,1,0,0,0,0,0,0,0,0,0,0,1,0
SYN-00674,synthetic_demo,2026-06-25,2026-02-09,finance,136,7,0,2,0,1,0,6.06,1,0,180,0,0,0.627,1,1,1,0,0,0,0,0,0,1,0,0,0,0
SYN-00845,synthetic_demo,2026-06-25,2025-10-31,finance,237,0,2,8,2,5,2,3.83,5,0,180,0,1,0.8647,1,1,1,0,0,0,1,1,1,1,0,0,1,0
SYN-00952,synthetic_demo,2026-06-25,2025-11-05,career,232,7,0,2,0,0,0,2.99,0,0,180,0,0,0.9229,1,1,0,0,0,0,0,0,0,1,1,1,0,0
SYN-00954,synthetic_demo,2026-06-25,2026-01-12,career,164,7,0,2,0,1,0,1.67,3,0,180,0,0,0.7042,1,1,1,0,0,0,0,0,0,0,0,0,0,1
SYN-01129,synthetic_demo,2026-06-25,2025-09-12,relationship,286,7,0,1,0,1,0,6.03,2,0,180,0,1,0.685,1,1,1,0,0,0,1,1,0,1,1,1,0,0
SYN-01246,synthetic_demo,2026-06-25,2025-10-12,education,256,10,0,1,0,0,0,5.96,0,1,3,0,0,0.3595,1,1,0,0,0,0,0,0,0,0,0,0,0,0
SYN-01307,synthetic_demo,2026-06-25,2025-06-19,personal_growth,371,29,0,1,0,0,0,5.89,2,1,85,0,0,0.6025,1,0,0,0,0,0,0,0,0,1,1,0,1,1
SYN-01494,synthetic_demo,2026-06-25,2026-03-12,finance,105,2,1,4,0,0,1,4.78,4,2,13,0,0,0.6275,1,1,0,0,0,1,0,0,0,0,0,0,0,1
SYN-00011,synthetic_demo,2026-06-26,2026-05-17,education,40,1,2,6,0,1,2,5.94,3,0,180,1,0,0.5495,1,1,1,1,0,0,0,0,0,1,1,0,0,1
SYN-00047,synthetic_demo,2026-06-26,2025-07-20,personal_growth,341,7,0,8,0,4,0,6.74,3,0,180,0,1,0.7382,1,1,1,0,0,0,1,0,0,1,0,0,0,0
SYN-00796,synthetic_demo,2026-06-26,2026-04-02,relationship,85,29,0,4,0,3,0,6.69,2,0,180,0,0,0.8456,1,1,1,0,0,0,0,0,0,0,0,0,0,0
SYN-01698,synthetic_demo,2026-06-26,2025-03-13,relationship,470,4,1,6,1,1,1,6.16,3,0,180,1,1,0.9764,1,1,1,1,1,0,1,1,0,0,0,0,0,0
SYN-02122,synthetic_demo,2026-06-26,2026-03-15,career,103,6,1,4,1,2,1,5.42,5,0,180,0,0,0.4485,1,1,1,0,0,0,0,0,0,1,1,1,0,1
SYN-02124,synthetic_demo,2026-06-26,2026-04-05,education,82,22,0,3,0,1,0,8.85,3,0,180,0,1,0.8637,1,1,1,0,0,0,1,0,0,1,1,0,1,0
SYN-00497,synthetic_demo,2026-06-27,2026-03-07,relationship,112,7,0,2,0,1,0,9.21,1,0,180,0,0,0.8117,1,1,1,0,0,0,0,0,0,0,0,0,0,0
SYN-00727,synthetic_demo,2026-06-27,2026-05-28,relationship,30,29,0,2,0,0,0,2.36,1,0,180,0,1,0.8561,1,1,0,0,0,0,1,0,0,0,0,0,1,0
SYN-00746,synthetic_demo,2026-06-27,2026-02-10,relationship,137,7,0,3,0,1,0,7.41,1,0,180,0,0,0.6445,1,1,1,0,0,0,0,0,0,0,0,0,0,0
SYN-00978,synthetic_demo,2026-06-27,2026-01-28,career,150,7,0,2,0,1,0,7.6,1,1,77,0,0,0.9427,1,1,1,0,0,0,0,0,0,0,0,0,0,0
SYN-01624,synthetic_demo,2026-06-27,2025-05-05,education,418,6,1,7,1,2,1,4.77,2,0,180,0,1,0.6808,1,1,1,0,0,0,1,0,0,1,1,1,1,1
SYN-01751,synthetic_demo,2026-06-27,2025-05-26,career,397,0,4,6,3,5,1,8.09,4,0,180,1,1,0.807,1,1,1,1,1,0,1,1,0,0,0,0,1,0
SYN-01861,synthetic_demo,2026-06-27,2025-06-13,career,379,16,0,1,0,0,0,8.04,2,1,25,0,1,0.8374,1,1,0,0,0,0,1,0,0,0,0,0,0,0
SYN-02132,synthetic_demo,2026-06-27,2025-10-29,personal_growth,241,7,0,2,0,2,0,8.78,4,1,35,0,0,0.95,1,1,1,0,0,0,0,0,0,1,0,0,1,0
SYN-02133,synthetic_demo,2026-06-27,2025-01-20,career,523,9,0,1,0,1,0,10.32,3,0,180,0,0,0.7527,1,1,1,0,0,0,0,0,0,1,0,0,1,0
SYN-02361,synthetic_demo,2026-06-27,2025-05-30,personal_growth,393,28,0,4,0,0,0,7.46,0,0,180,0,1,0.6372,1,0,0,0,0,0,1,0,0,0,0,0,1,0
SYN-00276,synthetic_demo,2026-06-28,2025-09-13,personal_growth,288,7,0,1,0,0,0,5.68,1,0,180,0,0,0.7711,1,1,0,0,0,0,0,0,0,0,0,0,0,0
SYN-00624,synthetic_demo,2026-06-28,2025-02-06,finance,507,67,0,0,0,0,0,4.11,0,0,180,0,0,0.8676,1,1,0,0,0,0,0,0,0,1,0,0,1,0
SYN-00642,synthetic_demo,2026-06-28,2026-05-04,personal_growth,55,5,1,3,0,2,1,3.49,4,0,180,0,1,0.7244,1,1,1,0,0,0,1,1,0,1,1,1,0,1
SYN-00922,synthetic_demo,2026-06-28,2025-08-25,personal_growth,307,15,0,2,0,1,0,4.93,2,0,180,1,0,0.597,1,1,1,1,1,0,0,0,0,0,0,0,0,0
SYN-00960,synthetic_demo,2026-06-28,2025-12-25,relationship,185,7,0,2,0,1,0,4.64,2,1,87,0,0,0.7995,1,1,1,0,0,0,0,0,0,0,0,0,0,1
SYN-01108,synthetic_demo,2026-06-28,2025-02-01,relationship,512,13,0,2,0,2,0,5.55,3,0,180,1,1,0.6901,1,1,1,1,1,0,1,1,1,0,0,0,1,0
SYN-01331,synthetic_demo,2026-06-28,2025-03-20,finance,465,6,3,5,2,2,3,9.66,3,2,51,0,0,0.9059,1,1,1,0,0,1,0,0,0,0,0,0,0,0
SYN-01341,synthetic_demo,2026-06-28,2025-09-06,career,295,0,1,7,1,6,0,7.02,3,0,180,1,0,0.8215,1,1,1,1,1,0,0,0,0,1,1,1,1,1
SYN-01392,synthetic_demo,2026-06-28,2025-03-18,family,467,1,5,6,3,3,5,3.66,3,1,25,0,0,0.8044,1,1,1,0,0,0,0,0,0,0,0,0,0,0
SYN-01407,synthetic_demo,2026-06-28,2025-06-20,career,373,8,0,3,0,0,0,7.05,2,0,180,0,0,0.357,1,1,0,0,0,0,0,0,0,1,0,0,1,0
SYN-01516,synthetic_demo,2026-06-28,2025-06-08,relationship,385,13,0,2,0,0,0,3.11,2,0,180,0,0,0.7859,1,1,0,0,0,0,0,0,0,1,1,0,0,0
SYN-01569,synthetic_demo,2026-06-28,2026-01-12,relationship,167,10,0,4,0,1,0,5.74,3,0,180,0,0,0.8535,1,1,1,0,0,0,0,0,0,1,1,0,0,0
SYN-01671,synthetic_demo,2026-06-28,2025-10-30,relationship,241,7,0,1,0,0,0,5.57,3,0,180,0,0,0.8747,1,1,0,0,0,0,0,0,0,0,0,0,1,0
SYN-02044,synthetic_demo,2026-06-28,2026-04-20,family,69,2,3,3,1,2,3,4.92,4,1,43,1,0,0.4505,1,1,1,1,0,0,0,0,0,0,0,0,0,0
SYN-02070,synthetic_demo,2026-06-28,2026-04-29,relationship,60,1,2,4,1,3,0,6.55,0,0,180,1,1,0.7948,1,1,1,1,1,0,1,1,0,1,1,0,0,1
SYN-02097,synthetic_demo,2026-06-28,2025-07-17,relationship,346,4,8,12,4,4,1,3.76,3,1,56,2,0,0.6958,1,1,1,1,1,0,0,0,0,1,0,0,0,1
SYN-02143,synthetic_demo,2026-06-28,2025-02-04,relationship,509,29,0,1,0,0,0,2.45,2,0,180,0,0,0.6719,1,1,0,0,0,0,0,0,0,0,0,0,1,0
SYN-02144,synthetic_demo,2026-06-28,2025-01-10,career,534,9,0,3,0,1,0,6.03,1,0,180,0,1,0.6896,1,1,1,0,0,0,1,1,0,0,0,0,1,0
SYN-00401,synthetic_demo,2026-06-29,2025-02-02,finance,512,0,2,5,1,3,2,4.45,4,0,180,0,2,0.7136,1,1,1,0,0,0,2,2,1,1,1,1,0,0
SYN-00673,synthetic_demo,2026-06-29,2025-06-15,relationship,379,1,1,5,0,0,0,2.56,1,0,180,0,0,0.7604,1,1,0,0,0,0,0,0,0,0,0,0,0,0
SYN-00677,synthetic_demo,2026-06-29,2025-09-24,family,278,30,0,0,0,0,0,4.41,0,0,180,0,0,0.5999,1,1,0,0,0,0,0,0,0,0,0,0,0,0
SYN-00759,synthetic_demo,2026-06-29,2025-05-08,finance,417,6,1,4,0,3,1,3.51,2,1,58,0,1,0.8813,1,1,1,0,0,0,1,0,0,1,0,0,0,0
SYN-01084,synthetic_demo,2026-06-29,2025-05-12,career,413,7,0,5,0,2,0,7.04,2,1,54,0,0,0.4804,1,1,1,0,0,0,0,0,0,1,1,1,0,0
SYN-01207,synthetic_demo,2026-06-29,2025-08-31,relationship,302,13,0,2,0,2,0,4.03,1,0,180,0,0,0.7778,1,1,1,0,0,0,0,0,0,1,0,0,0,0
SYN-01374,synthetic_demo,2026-06-29,2025-07-23,career,341,6,2,5,1,1,2,5.5,1,1,62,0,0,0.701,1,1,1,0,0,0,0,0,0,1,0,0,0,0
SYN-01616,synthetic_demo,2026-06-29,2025-04-26,education,429,6,1,10,0,9,1,9.67,2,0,180,2,0,0.6596,1,1,1,1,0,0,0,0,0,0,0,0,0,1
SYN-01985,synthetic_demo,2026-06-29,2025-09-29,family,273,21,0,2,0,0,0,6.3,2,0,180,0,0,0.9399,1,1,0,0,0,0,0,0,0,0,0,0,0,0
SYN-02095,synthetic_demo,2026-06-29,2026-05-08,career,52,7,0,2,0,0,0,5.09,2,0,180,0,0,0.5949,1,1,0,0,0,0,0,0,0,1,1,0,0,0
SYN-02249,synthetic_demo,2026-06-29,2025-04-07,education,448,6,3,8,1,3,3,7.26,2,0,180,0,1,0.8383,1,1,1,0,0,0,1,0,0,0,0,0,0,0
SYN-02346,synthetic_demo,2026-06-29,2026-02-27,education,122,20,0,2,0,1,0,5.52,3,0,180,0,0,0.8187,1,1,1,0,0,0,0,0,0,1,0,0,0,0
SYN-00001,synthetic_demo,2026-06-30,2025-02-05,education,510,7,0,1,0,1,0,2.46,3,0,180,0,0,0.7858,1,1,1,0,0,0,0,0,0,0,0,0,1,0
SYN-00171,synthetic_demo,2026-06-30,2025-10-05,relationship,268,4,1,3,1,1,1,5.71,2,1,9,1,0,0.9058,1,1,1,1,0,0,0,0,0,1,0,0,0,0
SYN-00354,synthetic_demo,2026-06-30,2025-07-07,career,358,2,1,3,0,2,1,7.02,2,0,180,1,2,0.8543,1,1,1,1,1,0,2,1,0,1,0,0,0,0
SYN-00366,synthetic_demo,2026-06-30,2025-02-20,family,495,8,0,4,0,0,0,6.49,3,0,180,0,0,0.9129,1,1,0,0,0,0,0,0,0,0,0,0,1,1
SYN-00397,synthetic_demo,2026-06-30,2025-03-17,personal_growth,470,2,1,3,0,0,1,8.32,2,1,28,0,0,0.7515,1,1,0,0,0,0,0,0,0,0,0,0,1,1
SYN-01506,synthetic_demo,2026-06-30,2025-03-24,education,463,29,0,1,0,0,0,8.76,2,0,180,0,0,0.6138,1,1,0,0,0,0,0,0,0,1,0,0,1,0
SYN-01566,synthetic_demo,2026-06-30,2025-11-16,family,226,0,2,7,1,6,2,9.9,3,2,58,1,1,0.9001,1,1,1,1,0,1,1,0,0,1,1,1,0,0
SYN-01607,synthetic_demo,2026-06-30,2026-02-18,career,132,23,0,2,0,1,0,4.37,2,0,180,1,0,0.9043,1,1,1,1,0,0,0,0,0,0,0,0,0,0
SYN-01674,synthetic_demo,2026-06-30,2025-12-02,finance,210,7,0,3,0,2,0,2.42,2,0,180,0,0,0.708,1,1,1,0,0,0,0,0,0,0,0,0,0,0
SYN-00017,synthetic_demo,2026-07-01,2025-05-16,career,411,4,4,10,2,8,2,8.2,3,1,78,0,1,0.8018,1,1,1,0,0,0,1,1,1,1,1,1,0,0
SYN-00041,synthetic_demo,2026-07-01,2025-03-08,finance,480,10,0,3,0,2,0,1.42,2,0,180,0,0,0.7722,1,1,1,0,0,0,0,0,0,0,0,0,0,0
SYN-00109,synthetic_demo,2026-07-01,2025-12-05,education,208,0,2,4,0,3,2,8.12,3,0,180,0,1,0.8027,1,1,1,0,0,0,1,1,0,1,1,1,0,0
SYN-00216,synthetic_demo,2026-07-01,2026-03-26,career,97,30,0,0,0,0,0,3.58,0,0,180,0,0,0.7538,1,1,0,0,0,0,0,0,0,1,1,1,1,0
SYN-00523,synthetic_demo,2026-07-01,2025-04-10,career,447,7,0,5,0,0,0,8.51,3,1,45,0,0,0.7626,1,1,0,0,0,0,0,0,0,0,0,0,1,1
SYN-00630,synthetic_demo,2026-07-01,2026-02-15,career,136,6,1,3,1,1,1,6.65,2,0,180,0,1,0.9408,1,1,1,0,0,0,1,1,0,1,0,0,1,1
SYN-01112,synthetic_demo,2026-07-01,2025-10-23,career,251,7,0,4,0,2,0,1.0,3,0,180,0,0,0.7633,1,1,1,0,0,0,0,0,0,0,0,0,0,0
SYN-01788,synthetic_demo,2026-07-01,2025-09-16,relationship,288,7,0,6,0,5,0,7.28,3,1,74,0,1,0.7237,1,1,1,0,0,0,1,0,0,0,0,0,0,0
SYN-01911,synthetic_demo,2026-07-01,2025-04-13,education,444,7,0,3,0,2,0,2.92,4,0,180,0,0,0.8277,1,1,1,0,0,0,0,0,0,1,0,0,0,1
SYN-00249,synthetic_demo,2026-07-02,2025-04-07,finance,451,20,0,2,0,0,0,5.67,1,0,180,0,0,0.6501,1,1,0,0,0,0,0,0,0,0,0,0,1,0
SYN-00417,synthetic_demo,2026-07-02,2026-03-16,family,108,30,0,0,0,0,0,7.0,0,0,180,0,1,0.9186,1,0,0,0,0,0,1,0,0,1,0,0,1,0
SYN-00485,synthetic_demo,2026-07-02,2025-10-22,relationship,253,1,1,4,1,2,0,3.76,1,0,180,0,0,0.526,1,1,1,0,0,0,0,0,0,1,0,0,0,0
SYN-00623,synthetic_demo,2026-07-02,2025-02-04,finance,513,15,0,1,0,0,0,7.93,2,0,180,0,1,0.974,1,1,0,0,0,0,1,0,0,0,0,0,1,0
SYN-01100,synthetic_demo,2026-07-02,2026-05-01,education,62,7,0,1,0,0,0,12.91,1,0,180,0,2,0.9448,1,1,0,0,0,0,2,1,0,0,0,0,1,0
SYN-01176,synthetic_demo,2026-07-02,2025-05-28,family,400,8,0,2,0,0,0,4.03,3,0,180,0,0,0.6471,1,1,0,0,0,0,0,0,0,0,0,0,0,0
SYN-01230,synthetic_demo,2026-07-02,2025-12-19,finance,195,7,0,8,0,4,0,9.66,3,0,180,1,0,0.816,1,1,1,1,0,0,0,0,0,0,0,0,0,0
SYN-01553,synthetic_demo,2026-07-02,2025-11-17,finance,227,6,5,7,2,4,3,8.87,2,0,180,0,0,0.8298,1,1,1,0,0,0,0,0,0,0,0,0,1,0
SYN-01707,synthetic_demo,2026-07-02,2025-07-14,family,353,13,0,1,0,0,0,8.21,1,0,180,0,1,0.7081,1,0,0,0,0,0,1,1,0,0,0,0,0,0
SYN-01766,synthetic_demo,2026-07-02,2026-03-19,relationship,105,9,0,1,0,0,0,4.7,0,0,180,0,0,0.7056,1,1,0,0,0,0,0,0,0,1,1,1,0,0
SYN-01836,synthetic_demo,2026-07-02,2025-11-28,family,216,29,0,1,0,0,0,8.08,3,0,180,0,0,0.3955,1,1,0,0,0,0,0,0,0,0,0,0,1,0
SYN-02262,synthetic_demo,2026-07-02,2025-04-26,relationship,432,13,0,2,0,2,0,4.36,2,0,180,1,1,0.9256,1,1,1,1,1,0,1,1,1,1,0,0,1,0
SYN-00321,synthetic_demo,2026-07-03,2025-09-14,personal_growth,292,7,0,1,0,0,0,4.9,3,0,180,0,0,0.8091,1,0,0,0,0,0,0,0,0,1,0,0,0,0
SYN-00353,synthetic_demo,2026-07-03,2026-05-21,relationship,43,6,1,2,0,1,1,3.82,1,0,180,1,1,0.5787,1,1,1,1,1,0,1,1,0,0,0,0,0,0
SYN-00466,synthetic_demo,2026-07-03,2025-07-03,finance,365,24,0,5,0,3,0,9.04,2,0,180,0,2,0.4529,1,1,1,0,0,0,2,1,0,1,0,0,0,0
SYN-00821,synthetic_demo,2026-07-03,2025-10-05,finance,271,7,0,1,0,1,0,4.73,2,0,180,0,0,0.3898,1,1,1,0,0,0,0,0,0,0,0,0,1,0
SYN-00891,synthetic_demo,2026-07-03,2025-09-24,relationship,282,7,0,3,0,1,0,4.73,2,1,36,1,0,0.8869,1,1,1,1,1,0,0,0,0,0,0,0,1,0
SYN-00931,synthetic_demo,2026-07-03,2026-01-30,career,154,7,0,11,0,7,0,8.04,4,0,180,0,0,0.6874,1,1,1,0,0,0,0,0,0,0,0,0,0,0
SYN-01442,synthetic_demo,2026-07-03,2025-04-01,career,458,6,1,4,0,2,1,5.28,3,0,180,0,0,0.739,1,1,1,0,0,0,0,0,0,0,0,0,1,0
SYN-01500,synthetic_demo,2026-07-03,2025-07-05,education,363,3,1,6,0,0,1,5.79,2,0,180,0,0,0.803,1,1,0,0,0,0,0,0,0,1,0,0,0,0
SYN-01599,synthetic_demo,2026-07-03,2025-10-31,relationship,245,7,0,4,0,1,0,4.63,2,0,180,0,0,0.9603,1,1,1,0,0,0,0,0,0,1,0,0,1,0
SYN-01967,synthetic_demo,2026-07-03,2025-03-03,career,487,19,0,5,0,4,0,5.55,1,0,180,0,0,0.8383,1,1,1,0,0,0,0,0,0,0,0,0,1,0
SYN-02265,synthetic_demo,2026-07-03,2025-06-20,education,378,6,3,4,2,3,3,7.42,3,0,180,0,0,0.7877,1,1,1,0,0,0,0,0,0,1,0,0,1,1
SYN-02381,synthetic_demo,2026-07-03,2025-02-23,career,495,8,0,2,0,1,0,8.65,1,0,180,1,0,0.8428,1,1,1,1,0,0,0,0,0,0,0,0,0,0
SYN-00605,synthetic_demo,2026-07-04,2025-08-19,family,319,15,0,4,0,1,0,2.85,2,0,180,0,0,0.7688,1,1,1,0,0,0,0,0,0,1,1,0,0,0
SYN-00824,synthetic_demo,2026-07-04,2025-06-12,personal_growth,387,3,1,4,0,1,1,5.33,2,1,66,0,1,0.8908,1,1,1,0,0,0,1,1,0,1,0,0,1,0
SYN-00919,synthetic_demo,2026-07-04,2026-01-25,education,160,5,1,9,0,4,1,3.75,1,0,180,1,0,0.3623,1,1,1,1,0,0,0,0,0,1,0,0,0,0
SYN-00957,synthetic_demo,2026-07-04,2026-01-23,education,162,0,2,4,1,2,2,9.02,2,0,180,0,0,0.7235,1,1,1,0,0,0,0,0,0,0,0,0,0,0
SYN-01002,synthetic_demo,2026-07-04,2026-03-04,relationship,122,6,1,2,0,2,1,6.15,3,0,180,1,0,0.5523,1,1,1,1,1,0,0,0,0,1,1,0,0,0
SYN-01064,synthetic_demo,2026-07-04,2026-01-18,personal_growth,167,7,0,2,0,0,0,7.82,3,0,180,0,0,0.915,1,1,0,0,0,0,0,0,0,0,0,0,0,0
SYN-01135,synthetic_demo,2026-07-04,2026-05-06,career,59,7,0,1,0,1,0,9.22,1,0,180,0,0,0.281,1,1,1,0,0,0,0,0,0,1,1,0,0,0
SYN-01165,synthetic_demo,2026-07-04,2026-05-31,relationship,34,6,1,3,1,1,1,5.6,5,1,67,0,0,0.6775,1,1,1,0,0,0,0,0,0,0,0,0,0,1
SYN-00064,synthetic_demo,2026-07-05,2025-02-08,career,512,22,0,1,0,1,0,2.98,3,0,180,0,0,0.9254,1,1,1,0,0,0,0,0,0,0,0,0,1,0
SYN-00121,synthetic_demo,2026-07-05,2025-08-30,relationship,309,6,1,1,0,0,1,1.95,2,0,180,0,0,0.9446,1,0,0,0,0,0,0,0,0,0,0,0,0,0
SYN-00407,synthetic_demo,2026-07-05,2026-01-12,personal_growth,174,7,0,3,0,1,0,1.77,1,0,180,0,0,0.7045,1,1,1,0,0,0,0,0,0,0,0,0,1,0
SYN-00538,synthetic_demo,2026-07-05,2025-02-10,relationship,510,34,0,0,0,0,0,3.97,0,0,180,0,0,0.5224,1,1,0,0,0,0,0,0,0,0,0,0,0,0
SYN-00734,synthetic_demo,2026-07-05,2025-12-10,personal_growth,207,3,3,7,1,1,3,2.99,2,0,180,2,0,0.5806,1,1,1,1,1,0,0,0,0,0,0,0,0,1
SYN-00905,synthetic_demo,2026-07-05,2025-02-25,education,495,7,0,3,0,2,0,3.96,2,1,20,0,0,0.7449,1,1,1,0,0,0,0,0,0,1,0,0,1,0
SYN-00948,synthetic_demo,2026-07-05,2026-03-12,personal_growth,115,1,4,10,2,5,3,6.01,4,2,5,0,0,0.6186,1,1,1,0,0,1,0,0,0,1,0,0,0,1
SYN-01173,synthetic_demo,2026-07-05,2025-07-30,relationship,340,7,0,3,0,1,0,5.23,3,0,180,1,1,0.766,1,1,1,1,1,0,1,0,0,0,0,0,0,0
SYN-02208,synthetic_demo,2026-07-05,2025-02-08,finance,512,17,0,1,0,1,0,5.9,4,0,180,0,0,0.3329,1,1,1,0,0,0,0,0,0,1,0,0,1,1
SYN-00244,synthetic_demo,2026-07-06,2025-02-27,career,494,7,0,2,0,2,0,9.09,2,0,180,0,1,0.8481,1,1,1,0,0,0,1,0,0,0,0,0,0,0
SYN-00420,synthetic_demo,2026-07-06,2025-12-21,relationship,197,10,0,5,0,4,0,6.4,2,1,59,0,0,0.871,1,1,1,0,0,0,0,0,0,0,0,0,0,0
SYN-00572,synthetic_demo,2026-07-06,2026-02-06,family,150,6,1,2,0,1,1,3.42,3,0,180,0,0,0.4154,1,1,1,0,0,0,0,0,0,0,0,0,0,0
SYN-00664,synthetic_demo,2026-07-06,2025-03-14,career,479,22,0,2,0,0,0,3.27,3,0,180,0,0,0.6432,1,1,0,0,0,0,0,0,0,1,1,1,1,1
SYN-00741,synthetic_demo,2026-07-06,2025-01-20,relationship,532,30,0,0,0,0,0,8.32,0,0,180,0,0,0.6121,1,1,0,0,0,0,0,0,0,0,0,0,1,0
SYN-00860,synthetic_demo,2026-07-06,2025-02-18,career,503,12,0,4,0,2,0,3.83,4,0,180,0,1,0.4882,1,1,1,0,0,0,1,0,0,1,0,0,1,0
SYN-00941,synthetic_demo,2026-07-06,2025-01-23,education,529,10,0,2,0,0,0,5.77,2,0,180,0,0,0.8814,1,1,0,0,0,0,0,0,0,0,0,0,1,0
SYN-01102,synthetic_demo,2026-07-06,2026-04-22,relationship,75,7,0,2,0,1,0,2.98,4,0,180,0,0,0.8557,1,1,1,0,0,0,0,0,0,0,0,0,1,0
SYN-01266,synthetic_demo,2026-07-06,2025-09-29,education,280,7,0,2,0,1,0,4.44,2,0,180,0,0,0.1881,1,1,1,0,0,0,0,0,0,1,0,0,1,0
SYN-01427,synthetic_demo,2026-07-06,2025-05-13,personal_growth,419,7,0,2,0,2,0,6.8,2,0,180,0,0,0.9159,1,1,1,0,0,0,0,0,0,0,0,0,1,0
SYN-01518,synthetic_demo,2026-07-06,2026-02-23,career,133,1,2,4,2,2,2,3.02,3,1,16,0,0,0.4696,1,1,1,0,0,0,0,0,0,0,0,0,0,0
SYN-01639,synthetic_demo,2026-07-06,2025-09-26,relationship,283,29,0,3,0,1,0,4.29,2,0,180,0,0,0.6644,1,1,1,0,0,0,0,0,0,0,0,0,1,0
SYN-01714,synthetic_demo,2026-07-06,2025-05-19,finance,413,16,0,3,0,1,0,1.0,1,0,180,0,0,0.736,1,1,1,0,0,0,0,0,0,1,0,0,1,0
SYN-02028,synthetic_demo,2026-07-06,2026-03-27,career,101,7,0,4,0,1,0,1.57,3,0,180,1,0,0.5511,1,1,1,1,0,0,0,0,0,1,0,0,0,0
SYN-02222,synthetic_demo,2026-07-06,2025-05-17,career,415,1,1,6,1,4,1,6.62,4,0,180,1,0,0.5553,1,1,1,1,1,0,0,0,0,1,0,0,0,0
SYN-02224,synthetic_demo,2026-07-06,2025-09-03,personal_growth,306,2,4,7,0,5,3,5.26,1,1,56,0,0,0.4297,1,1,1,0,0,0,0,0,0,0,0,0,0,0
SYN-02286,synthetic_demo,2026-07-06,2026-05-14,personal_growth,53,7,0,1,0,0,0,5.97,2,0,180,0,0,0.4355,1,0,0,0,0,0,0,0,0,1,0,0,0,0
SYN-00511,synthetic_demo,2026-07-07,2026-05-21,personal_growth,47,3,1,4,0,2,1,7.02,4,0,180,1,0,0.7239,1,1,1,1,1,0,0,0,0,1,1,1,1,1
SYN-00537,synthetic_demo,2026-07-07,2025-05-16,personal_growth,417,7,0,4,0,2,0,3.98,1,0,180,0,0,0.942,1,1,1,0,0,0,0,0,0,1,1,1,0,0
SYN-00628,synthetic_demo,2026-07-07,2025-10-18,relationship,262,6,1,3,1,1,1,1.04,4,0,180,0,0,0.8444,1,1,1,0,0,0,0,0,0,0,0,0,0,0
SYN-00801,synthetic_demo,2026-07-07,2025-11-28,career,221,3,2,7,0,3,0,1.0,2,0,180,1,1,0.5018,1,1,1,1,0,0,1,0,0,1,1,0,0,0
SYN-00956,synthetic_demo,2026-07-07,2025-08-18,career,323,0,1,5,1,3,1,1.0,2,0,180,0,0,0.7356,1,1,1,0,0,0,0,0,0,0,0,0,0,0
SYN-01117,synthetic_demo,2026-07-07,2025-11-22,relationship,227,7,0,1,0,1,0,5.53,3,0,180,1,0,0.564,1,1,1,1,1,0,0,0,0,0,0,0,0,0
SYN-01403,synthetic_demo,2026-07-07,2025-04-03,finance,460,14,0,3,0,1,0,4.4,2,0,180,0,0,0.6423,1,1,1,0,0,0,0,0,0,0,0,0,0,0
SYN-02090,synthetic_demo,2026-07-07,2025-02-22,personal_growth,500,6,1,1,0,0,1,8.99,3,0,180,0,1,0.6273,1,1,0,0,0,0,1,1,0,0,0,0,0,0
SYN-02284,synthetic_demo,2026-07-07,2025-07-26,finance,346,11,0,2,0,2,0,3.54,2,0,180,0,0,0.5762,1,1,1,0,0,0,0,0,0,1,1,0,1,0
SYN-02335,synthetic_demo,2026-07-07,2025-08-21,family,320,7,0,1,0,1,0,9.38,3,0,180,0,1,0.5595,1,1,1,0,0,0,1,1,0,1,0,0,0,0
SYN-00150,synthetic_demo,2026-07-08,2025-02-26,relationship,497,23,0,2,0,1,0,4.58,2,0,180,0,0,0.9874,1,1,1,0,0,0,0,0,0,1,1,0,1,0
SYN-00180,synthetic_demo,2026-07-08,2026-02-09,education,149,7,0,1,0,0,0,2.41,1,1,33,0,0,0.6571,1,1,0,0,0,0,0,0,0,0,0,0,0,0
SYN-00268,synthetic_demo,2026-07-08,2025-07-13,finance,360,7,0,2,0,2,0,5.32,3,0,180,0,0,0.5582,1,1,1,0,0,0,0,0,0,0,0,0,1,0
SYN-00460,synthetic_demo,2026-07-08,2025-03-09,career,486,3,1,4,1,3,1,11.28,3,0,180,1,2,0.6461,1,1,1,1,1,0,2,1,1,0,0,0,0,0
SYN-00570,synthetic_demo,2026-07-08,2025-11-02,finance,248,6,1,2,0,0,1,4.66,4,0,180,0,0,0.4833,1,0,0,0,0,0,0,0,0,0,0,0,1,0
SYN-00849,synthetic_demo,2026-07-08,2025-07-12,relationship,361,7,0,2,0,1,0,7.7,2,0,180,0,0,0.6561,1,1,1,0,0,0,0,0,0,1,1,0,0,0
SYN-00949,synthetic_demo,2026-07-08,2025-03-06,career,489,1,1,7,1,3,1,5.28,3,0,180,0,2,0.6736,1,1,1,0,0,0,2,1,1,0,0,0,0,0
SYN-01320,synthetic_demo,2026-07-08,2025-11-12,career,238,30,0,0,0,0,0,5.55,0,0,180,0,0,0.942,1,1,0,0,0,0,0,0,0,0,0,0,0,0
SYN-01658,synthetic_demo,2026-07-08,2025-06-05,career,398,4,1,2,1,1,0,5.2,2,0,180,0,1,0.6001,1,1,1,0,0,0,1,1,0,0,0,0,0,0
SYN-01692,synthetic_demo,2026-07-08,2025-09-24,family,287,7,0,3,0,2,0,6.26,2,0,180,0,1,0.5796,1,1,1,0,0,0,1,0,0,0,0,0,0,0
SYN-01735,synthetic_demo,2026-07-08,2025-06-28,relationship,375,25,0,2,0,1,0,6.2,2,0,180,0,2,0.616,1,1,1,0,0,0,2,1,1,0,0,0,1,0
SYN-01771,synthetic_demo,2026-07-08,2025-02-18,finance,505,14,0,2,0,1,0,6.32,2,0,180,1,0,0.5205,1,1,1,1,0,0,0,0,0,0,0,0,1,0
SYN-01789,synthetic_demo,2026-07-08,2025-11-13,finance,237,30,0,0,0,0,0,1.95,0,0,180,0,0,0.6294,1,1,0,0,0,0,0,0,0,0,0,0,1,0
SYN-00418,synthetic_demo,2026-07-09,2025-10-14,personal_growth,268,1,4,9,3,3,2,8.76,4,2,77,2,2,0.6692,1,1,1,1,0,1,2,1,0,1,0,0,0,1
SYN-00658,synthetic_demo,2026-07-09,2025-03-17,career,479,6,1,6,0,0,1,5.21,2,0,180,0,1,0.6714,1,0,0,0,0,0,1,1,0,1,1,1,0,0
SYN-00754,synthetic_demo,2026-07-09,2025-08-09,career,334,6,1,3,0,1,1,5.99,1,0,180,0,0,0.4482,1,1,1,0,0,0,0,0,0,1,1,0,0,0
SYN-00914,synthetic_demo,2026-07-09,2026-04-10,career,90,6,1,6,0,4,1,9.66,3,1,73,1,0,0.5938,1,1,1,1,0,0,0,0,0,1,0,0,0,1
SYN-01006,synthetic_demo,2026-07-09,2025-10-30,relationship,252,9,0,2,0,0,0,1.0,1,0,180,0,0,0.8397,1,1,0,0,0,0,0,0,0,0,0,0,1,0
SYN-01122,synthetic_demo,2026-07-09,2026-02-24,career,135,6,3,7,2,5,3,7.11,4,0,180,0,0,0.4139,1,1,1,0,0,0,0,0,0,1,1,0,1,0
SYN-01265,synthetic_demo,2026-07-09,2026-04-09,family,91,2,1,3,1,3,1,5.77,1,1,65,1,0,0.9504,1,1,1,1,0,0,0,0,0,1,0,0,0,0
SYN-01413,synthetic_demo,2026-07-09,2025-04-21,finance,444,17,0,2,0,1,0,5.17,2,1,89,1,0,0.6566,1,1,1,1,1,0,0,0,0,0,0,0,1,0
SYN-01522,synthetic_demo,2026-07-09,2025-01-29,family,526,1,1,1,0,0,1,3.93,3,0,180,0,0,0.8961,1,1,0,0,0,0,0,0,0,1,0,0,0,0
SYN-02100,synthetic_demo,2026-07-09,2025-05-13,personal_growth,422,30,0,0,0,0,0,1.52,0,0,180,0,0,0.7419,1,1,0,0,0,0,0,0,0,0,0,0,1,0
SYN-02106,synthetic_demo,2026-07-09,2025-05-29,relationship,406,6,1,3,0,2,1,6.49,2,1,44,2,0,0.7454,1,1,1,1,1,0,0,0,0,0,0,0,0,0
SYN-00078,synthetic_demo,2026-07-10,2025-10-26,relationship,257,7,0,1,0,0,0,4.88,1,1,17,0,1,0.7269,1,1,0,0,0,0,1,1,0,1,0,0,0,1
SYN-00449,synthetic_demo,2026-07-10,2026-04-08,personal_growth,93,1,1,6,0,4,1,7.9,4,0,180,0,1,0.5617,1,1,1,0,0,0,1,0,0,1,1,1,0,0
SYN-00563,synthetic_demo,2026-07-10,2025-09-20,family,293,7,0,2,0,1,0,8.11,2,0,180,0,1,0.4876,1,1,1,0,0,0,1,1,1,0,0,0,0,0
SYN-00682,synthetic_demo,2026-07-10,2026-01-03,personal_growth,188,8,0,4,0,2,0,6.22,3,0,180,0,0,0.8515,1,1,1,0,0,0,0,0,0,1,0,0,0,0
SYN-01925,synthetic_demo,2026-07-10,2025-10-18,relationship,265,20,0,10,0,6,0,2.05,3,1,90,0,0,0.8139,1,1,1,0,0,0,0,0,0,0,0,0,0,0
SYN-00014,synthetic_demo,2026-07-11,2026-06-05,education,36,0,3,8,2,2,3,6.65,3,1,71,1,0,0.589,1,1,1,1,0,0,0,0,0,1,0,0,0,1
SYN-00130,synthetic_demo,2026-07-11,2026-04-15,relationship,87,30,0,0,0,0,0,7.39,0,0,180,0,0,0.5956,1,1,0,0,0,0,0,0,0,1,0,0,1,0
SYN-00394,synthetic_demo,2026-07-11,2026-02-22,finance,139,0,1,5,1,5,1,3.85,1,0,180,1,1,0.6421,1,1,1,1,0,0,1,1,0,1,1,0,0,0
SYN-00617,synthetic_demo,2026-07-11,2025-06-28,career,378,4,2,8,1,4,1,5.12,2,1,2,1,0,0.8087,1,1,1,1,1,0,0,0,0,1,0,0,1,1
SYN-00873,synthetic_demo,2026-07-11,2025-02-02,career,524,6,2,6,2,2,2,4.7,2,0,180,0,0,0.5367,1,1,1,0,0,0,0,0,0,1,1,1,1,1
SYN-01089,synthetic_demo,2026-07-11,2025-02-08,career,518,8,0,2,0,1,0,3.73,0,0,180,0,0,0.7094,1,1,1,0,0,0,0,0,0,1,0,0,0,0
SYN-01618,synthetic_demo,2026-07-11,2025-10-07,family,277,7,0,5,0,2,0,5.88,1,0,180,0,0,0.816,1,1,1,0,0,0,0,0,0,0,0,0,1,0
SYN-01848,synthetic_demo,2026-07-11,2025-04-24,finance,443,2,1,3,1,3,1,7.0,3,0,180,0,0,0.9357,1,1,1,0,0,0,0,0,0,1,0,0,1,1
SYN-01962,synthetic_demo,2026-07-11,2025-07-10,personal_growth,366,7,0,6,0,3,0,4.94,3,0,180,0,0,0.2444,1,1,1,0,0,0,0,0,0,0,0,0,1,0
SYN-02239,synthetic_demo,2026-07-11,2025-10-08,personal_growth,276,9,0,1,0,0,0,8.47,3,0,180,0,0,0.6519,1,1,0,0,0,0,0,0,0,1,0,0,1,0
SYN-00684,synthetic_demo,2026-07-12,2025-11-27,relationship,227,6,1,6,1,2,1,2.89,3,0,180,0,0,0.8566,1,1,1,0,0,0,0,0,0,0,0,0,0,1
SYN-00787,synthetic_demo,2026-07-12,2025-11-15,career,239,7,0,2,0,0,0,5.29,3,0,180,0,0,0.8437,1,1,0,0,0,0,0,0,0,1,0,0,0,0
SYN-00826,synthetic_demo,2026-07-12,2025-12-09,family,215,13,0,1,0,0,0,5.72,3,0,180,0,0,0.4017,1,1,0,0,0,0,0,0,0,1,0,0,1,0
SYN-01214,synthetic_demo,2026-07-12,2025-11-16,career,238,30,0,0,0,0,0,6.8,0,0,180,0,0,0.5879,1,1,0,0,0,0,0,0,0,1,1,1,0,0
SYN-01222,synthetic_demo,2026-07-12,2025-02-18,personal_growth,509,5,3,5,1,4,3,7.97,1,0,180,0,0,0.5899,1,1,1,0,0,0,0,0,0,0,0,0,0,0
SYN-01310,synthetic_demo,2026-07-12,2026-05-12,relationship,61,2,8,13,3,7,4,1.9,2,2,67,0,1,0.8392,1,1,1,0,0,1,1,1,0,1,1,1,0,1
SYN-01619,synthetic_demo,2026-07-12,2026-03-25,personal_growth,109,30,0,0,0,0,0,3.6,0,0,180,0,0,0.7825,1,1,0,0,0,0,0,0,0,1,0,0,1,0
SYN-01816,synthetic_demo,2026-07-12,2025-11-17,career,237,6,2,7,1,3,2,4.13,3,1,86,0,0,0.7381,1,1,1,0,0,0,0,0,0,0,0,0,1,0
SYN-01868,synthetic_demo,2026-07-12,2025-10-27,relationship,258,7,0,2,0,1,0,3.59,2,0,180,0,0,0.7543,1,1,1,0,0,0,0,0,0,1,0,0,1,0
SYN-01938,synthetic_demo,2026-07-12,2026-02-02,career,160,7,0,3,0,1,0,4.86,2,0,180,1,0,0.7128,1,1,1,1,0,0,0,0,0,1,1,1,0,0
SYN-02093,synthetic_demo,2026-07-12,2025-03-23,career,476,30,0,0,0,0,0,5.98,0,0,180,0,0,0.9448,1,1,0,0,0,0,0,0,0,1,0,0,1,0
SYN-02289,synthetic_demo,2026-07-12,2025-02-01,relationship,526,0,2,2,1,1,0,4.36,1,0,180,0,0,0.5455,1,1,1,0,0,0,0,0,0,0,0,0,0,0
SYN-00302,synthetic_demo,2026-07-13,2026-03-30,career,105,7,0,1,0,1,0,5.33,4,0,180,0,0,0.5867,1,1,1,0,0,0,0,0,0,0,0,0,1,0
SYN-00586,synthetic_demo,2026-07-13,2025-04-08,relationship,461,7,0,4,0,2,0,6.75,0,0,180,0,0,0.5604,1,1,1,0,0,0,0,0,0,0,0,0,0,0
SYN-00833,synthetic_demo,2026-07-13,2025-06-25,relationship,383,7,0,2,0,1,0,1.0,2,0,180,0,0,0.8175,1,1,1,0,0,0,0,0,0,0,0,0,0,0
SYN-00987,synthetic_demo,2026-07-13,2025-01-27,education,532,7,0,3,0,3,0,4.22,1,0,180,1,0,0.8775,1,1,1,1,1,0,0,0,0,0,0,0,0,0
SYN-01037,synthetic_demo,2026-07-13,2025-11-24,relationship,231,7,0,4,0,1,0,2.4,3,0,180,0,0,0.3959,1,1,1,0,0,0,0,0,0,0,0,0,1,0
SYN-01044,synthetic_demo,2026-07-13,2025-06-02,finance,406,27,0,2,0,1,0,5.8,1,0,180,0,2,0.8681,1,1,1,0,0,0,2,2,0,1,1,0,1,0
SYN-01405,synthetic_demo,2026-07-13,2026-04-23,career,81,4,2,6,2,4,2,5.33,2,0,180,0,0,0.9291,1,1,1,0,0,0,0,0,0,1,1,0,0,0
SYN-01971,synthetic_demo,2026-07-13,2025-05-11,education,428,2,4,7,2,5,3,5.78,3,0,180,0,0,0.8438,1,1,1,0,0,0,0,0,0,1,1,1,0,0
SYN-02069,synthetic_demo,2026-07-13,2025-02-06,finance,522,8,0,4,0,4,0,6.59,4,1,87,0,0,0.5835,1,1,1,0,0,0,0,0,0,0,0,0,0,1
SYN-00182,synthetic_demo,2026-07-14,2025-12-25,finance,201,7,0,4,0,3,0,2.96,3,0,180,0,0,0.6744,1,1,1,0,0,0,0,0,0,1,1,0,0,0
SYN-00196,synthetic_demo,2026-07-14,2025-05-17,personal_growth,423,7,0,4,0,1,0,8.03,2,0,180,0,0,0.8292,1,1,1,0,0,0,0,0,0,0,0,0,1,0
SYN-00277,synthetic_demo,2026-07-14,2026-01-03,personal_growth,192,18,0,1,0,1,0,4.77,1,2,11,0,0,0.9517,1,1,1,0,0,1,0,0,0,1,0,0,0,0
SYN-00359,synthetic_demo,2026-07-14,2025-10-27,personal_growth,260,7,0,3,0,0,0,6.87,3,0,180,0,0,0.8561,1,1,0,0,0,0,0,0,0,1,1,0,0,0
SYN-00436,synthetic_demo,2026-07-14,2025-12-22,relationship,204,29,0,3,0,2,0,4.9,3,0,180,0,0,0.873,1,1,1,0,0,0,0,0,0,0,0,0,0,0
SYN-00508,synthetic_demo,2026-07-14,2026-03-08,relationship,128,7,0,2,0,1,0,5.85,2,0,180,0,0,0.8102,1,1,1,0,0,0,0,0,0,0,0,0,0,0
SYN-00751,synthetic_demo,2026-07-14,2025-06-17,finance,392,7,0,6,0,5,0,4.88,2,0,180,0,1,0.7471,1,1,1,0,0,0,1,0,0,0,0,0,0,0
SYN-00807,synthetic_demo,2026-07-14,2025-01-22,finance,538,29,0,2,0,1,0,7.51,2,1,5,0,1,0.7538,1,1,1,0,0,0,1,0,0,1,0,0,1,0
SYN-00851,synthetic_demo,2026-07-14,2026-04-01,finance,104,8,0,1,0,0,0,10.42,2,1,6,0,0,0.568,1,1,0,0,0,0,0,0,0,0,0,0,1,1
SYN-01183,synthetic_demo,2026-07-14,2025-08-08,finance,340,7,0,2,0,1,0,5.28,2,0,180,0,0,0.8735,1,1,1,0,0,0,0,0,0,0,0,0,0,0
SYN-01316,synthetic_demo,2026-07-14,2025-04-30,finance,440,26,0,1,0,0,0,3.56,1,0,180,0,1,0.5938,1,1,0,0,0,0,1,1,0,1,0,0,1,0
SYN-01428,synthetic_demo,2026-07-14,2025-03-16,finance,485,7,0,2,0,1,0,4.65,2,1,69,1,1,0.706,1,1,1,1,0,0,1,0,0,1,0,0,0,1
SYN-01575,synthetic_demo,2026-07-14,2026-01-18,personal_growth,177,6,2,4,1,1,2,5.13,2,0,180,0,1,0.7385,1,1,1,0,0,0,1,1,1,1,1,0,1,0
SYN-01617,synthetic_demo,2026-07-14,2025-07-02,career,377,6,2,4,1,3,2,5.04,2,1,8,0,2,0.5169,1,1,1,0,0,0,2,2,2,1,0,0,0,1
SYN-01846,synthetic_demo,2026-07-14,2025-04-16,finance,454,5,1,1,0,0,1,6.93,2,0,180,0,0,0.4998,1,1,0,0,0,0,0,0,0,1,0,0,0,0
SYN-01917,synthetic_demo,2026-07-14,2025-02-04,career,525,1,1,4,0,1,1,3.76,3,0,180,0,0,0.5969,1,1,1,0,0,0,0,0,0,1,1,0,0,0
SYN-02141,synthetic_demo,2026-07-14,2025-05-05,career,435,3,2,7,2,2,2,5.3,3,0,180,0,0,0.8994,1,1,1,0,0,0,0,0,0,0,0,0,1,0
SYN-00024,synthetic_demo,2026-07-15,2025-01-27,career,534,6,1,3,1,2,0,5.38,2,0,180,1,0,0.5854,1,1,1,1,0,0,0,0,0,0,0,0,0,0
SYN-00447,synthetic_demo,2026-07-15,2026-05-01,finance,75,30,0,0,0,0,0,9.46,0,0,180,0,1,0.5377,1,1,0,0,0,0,1,0,0,1,1,0,1,0
SYN-00835,synthetic_demo,2026-07-15,2025-03-16,relationship,486,2,2,7,1,4,1,4.86,2,2,79,0,0,0.5861,1,1,1,0,0,1,0,0,0,1,1,0,0,0
SYN-01272,synthetic_demo,2026-07-15,2025-10-13,personal_growth,275,0,1,5,1,3,1,6.99,5,1,70,0,1,0.6675,1,1,1,0,0,0,1,1,0,0,0,0,0,0
SYN-01294,synthetic_demo,2026-07-15,2025-12-11,education,216,3,1,4,0,2,1,4.99,3,0,180,1,0,0.4104,1,1,1,1,0,0,0,0,0,1,0,0,0,1
SYN-01314,synthetic_demo,2026-07-15,2025-10-01,finance,287,7,0,3,0,2,0,7.9,4,1,70,0,0,0.6604,1,1,1,0,0,0,0,0,0,0,0,0,0,0
SYN-01380,synthetic_demo,2026-07-15,2025-04-26,career,445,30,0,0,0,0,0,3.6,0,0,180,0,0,0.7073,1,1,0,0,0,0,0,0,0,0,0,0,1,0
SYN-01923,synthetic_demo,2026-07-15,2025-12-31,finance,196,5,1,7,1,5,1,9.32,2,0,180,0,0,0.8633,1,1,1,0,0,0,0,0,0,1,0,0,1,0
SYN-01984,synthetic_demo,2026-07-15,2025-02-17,finance,513,7,0,3,0,2,0,5.4,2,0,180,0,0,0.7599,1,1,1,0,0,0,0,0,0,1,0,0,0,0
SYN-02098,synthetic_demo,2026-07-15,2026-03-18,finance,119,18,0,4,0,4,0,9.27,4,0,180,1,0,0.7437,1,1,1,1,0,0,0,0,0,0,0,0,1,0
SYN-02246,synthetic_demo,2026-07-15,2026-04-10,education,96,19,0,2,0,1,0,4.18,2,0,180,0,0,0.5491,1,1,1,0,0,0,0,0,0,0,0,0,1,0
SYN-02256,synthetic_demo,2026-07-15,2025-02-16,finance,514,7,0,1,0,0,0,4.72,1,0,180,0,0,0.43,1,1,0,0,0,0,0,0,0,1,1,1,0,0
SYN-00235,synthetic_demo,2026-07-16,2026-03-11,personal_growth,127,4,1,2,1,1,1,7.84,3,0,180,0,0,0.7962,1,1,1,0,0,0,0,0,0,1,1,0,1,0
SYN-00263,synthetic_demo,2026-07-16,2025-11-22,family,236,7,0,2,0,1,0,7.91,2,0,180,0,0,0.5154,1,1,1,0,0,0,0,0,0,1,0,0,0,0
SYN-00559,synthetic_demo,2026-07-16,2026-01-26,career,171,7,0,3,0,0,0,8.42,2,0,180,0,0,0.6302,1,1,0,0,0,0,0,0,0,0,0,0,0,0
SYN-00955,synthetic_demo,2026-07-16,2026-06-02,career,44,2,2,6,1,3,2,3.12,3,0,180,0,0,0.2601,1,1,1,0,0,0,0,0,0,0,0,0,0,0
SYN-01046,synthetic_demo,2026-07-16,2025-05-20,finance,422,14,0,2,0,0,0,7.48,5,1,4,0,1,0.6294,1,1,0,0,0,0,1,1,1,0,0,0,1,1
SYN-01198,synthetic_demo,2026-07-16,2026-02-09,career,157,7,0,2,0,1,0,4.93,0,0,180,0,0,0.6266,1,1,1,0,0,0,0,0,0,0,0,0,1,0
SYN-01304,synthetic_demo,2026-07-16,2026-04-06,finance,101,29,0,3,0,3,0,5.53,2,1,18,1,0,0.7797,1,1,1,1,1,0,0,0,0,0,0,0,0,0
SYN-01336,synthetic_demo,2026-07-16,2025-10-10,education,279,7,0,2,0,0,0,1.0,0,0,180,0,0,0.7119,1,1,0,0,0,0,0,0,0,0,0,0,0,0
SYN-01399,synthetic_demo,2026-07-16,2025-11-01,career,257,6,1,3,1,2,0,5.07,3,0,180,0,1,0.7133,1,1,1,0,0,0,1,1,0,0,0,0,1,0
SYN-01524,synthetic_demo,2026-07-16,2025-06-10,family,401,30,0,0,0,0,0,7.87,0,0,180,0,0,0.8292,1,1,0,0,0,0,0,0,0,0,0,0,0,0
SYN-01567,synthetic_demo,2026-07-16,2025-06-26,personal_growth,385,30,0,0,0,0,0,3.14,0,1,29,0,0,0.7386,1,1,0,0,0,0,0,0,0,0,0,0,1,0
SYN-00173,synthetic_demo,2026-07-17,2025-12-07,education,222,2,1,4,0,1,1,4.84,3,0,180,1,0,0.692,1,1,1,1,0,0,0,0,0,1,1,0,0,0
SYN-00516,synthetic_demo,2026-07-17,2025-04-16,relationship,457,11,0,1,0,1,0,6.23,1,0,180,0,0,0.6459,1,1,1,0,0,0,0,0,0,1,0,0,0,0
SYN-00601,synthetic_demo,2026-07-17,2026-06-11,education,36,7,0,2,0,1,0,1.0,2,0,180,0,0,0.7798,1,1,1,0,0,0,0,0,0,1,1,1,0,0
SYN-00776,synthetic_demo,2026-07-17,2025-12-26,career,203,14,0,2,0,1,0,5.03,2,0,180,0,0,0.7489,1,1,1,0,0,0,0,0,0,1,0,0,1,0
SYN-00858,synthetic_demo,2026-07-17,2025-01-24,relationship,539,2,1,7,1,4,1,4.81,3,1,72,1,0,0.2892,1,1,1,1,0,0,0,0,0,1,0,0,0,0
SYN-00868,synthetic_demo,2026-07-17,2026-02-26,family,141,7,0,3,0,0,0,2.57,1,0,180,0,0,0.338,1,1,0,0,0,0,0,0,0,0,0,0,0,0
SYN-00926,synthetic_demo,2026-07-17,2025-09-12,career,308,9,0,2,0,1,0,4.41,5,0,180,0,0,0.6343,1,1,1,0,0,0,0,0,0,1,0,0,0,0
SYN-01140,synthetic_demo,2026-07-17,2025-02-28,career,504,7,0,2,0,1,0,7.62,0,0,180,1,0,0.8839,1,1,1,1,1,0,0,0,0,0,0,0,0,0
SYN-01313,synthetic_demo,2026-07-17,2026-02-15,career,152,15,0,2,0,0,0,5.11,4,0,180,0,0,0.8788,1,1,0,0,0,0,0,0,0,1,0,0,0,1
SYN-01542,synthetic_demo,2026-07-17,2025-07-02,career,380,7,0,2,0,1,0,6.61,2,1,79,0,0,0.5221,1,1,1,0,0,0,0,0,0,0,0,0,1,0
SYN-01739,synthetic_demo,2026-07-17,2026-02-12,relationship,155,4,1,3,0,0,1,4.55,2,1,35,0,0,0.8183,1,1,0,0,0,0,0,0,0,0,0,0,0,0
SYN-01857,synthetic_demo,2026-07-17,2025-03-24,relationship,480,6,1,5,1,2,0,6.67,2,0,180,0,0,0.7834,1,1,1,0,0,0,0,0,0,1,1,0,0,0
SYN-02082,synthetic_demo,2026-07-17,2025-02-19,relationship,513,8,0,3,0,2,0,8.18,2,0,180,0,0,0.6541,1,1,1,0,0,0,0,0,0,1,0,0,1,0
SYN-00063,synthetic_demo,2026-07-18,2025-06-06,relationship,407,0,1,6,1,3,1,7.16,3,0,180,0,1,0.8836,1,1,1,0,0,0,1,1,1,1,1,1,0,0
SYN-00115,synthetic_demo,2026-07-18,2025-07-24,education,359,3,1,2,1,1,0,7.79,4,0,180,0,0,0.9557,1,1,1,0,0,0,0,0,0,1,0,0,0,1
SYN-00350,synthetic_demo,2026-07-18,2025-12-26,career,204,30,0,0,0,0,0,2.37,0,0,180,0,0,0.7983,1,0,0,0,0,0,0,0,0,0,0,0,0,0
SYN-00544,synthetic_demo,2026-07-18,2025-12-01,education,229,0,1,5,1,2,1,8.23,2,2,4,2,0,0.8519,1,1,1,1,0,1,0,0,0,1,1,1,1,0
SYN-00557,synthetic_demo,2026-07-18,2026-01-07,career,192,6,1,4,0,2,1,5.88,3,1,44,0,0,0.8762,1,1,1,0,0,0,0,0,0,1,0,0,1,0
SYN-00680,synthetic_demo,2026-07-18,2026-06-05,personal_growth,43,15,0,3,0,0,0,5.01,2,0,180,0,0,0.5556,1,1,0,0,0,0,0,0,0,0,0,0,0,0
SYN-01060,synthetic_demo,2026-07-18,2025-07-23,career,360,2,2,4,2,3,1,7.62,2,1,58,1,0,0.4547,1,1,1,1,1,0,0,0,0,1,1,0,0,0
SYN-01111,synthetic_demo,2026-07-18,2025-03-29,relationship,476,6,1,12,1,9,1,6.78,3,1,60,1,1,0.9236,1,1,1,1,0,0,1,1,0,1,0,0,1,0
SYN-01223,synthetic_demo,2026-07-18,2026-04-29,relationship,80,6,1,6,1,4,1,6.83,2,0,180,0,0,0.6608,1,1,1,0,0,0,0,0,0,1,0,0,1,0
SYN-01536,synthetic_demo,2026-07-18,2026-01-15,personal_growth,184,6,2,6,1,3,2,7.53,2,1,2,0,1,0.3941,1,1,1,0,0,0,1,0,0,0,0,0,0,1
SYN-01563,synthetic_demo,2026-07-18,2026-04-24,career,85,7,0,3,0,2,0,8.14,1,1,52,0,1,0.9883,1,1,1,0,0,0,1,1,0,1,0,0,0,0
SYN-01945,synthetic_demo,2026-07-18,2026-03-04,relationship,136,30,0,0,0,0,0,5.37,0,0,180,0,0,0.8445,1,0,0,0,0,0,0,0,0,1,0,0,0,0
SYN-02073,synthetic_demo,2026-07-18,2026-01-07,education,192,8,0,2,0,0,0,4.31,3,0,180,0,0,0.8588,1,0,0,0,0,0,0,0,0,0,0,0,0,0
SYN-02241,synthetic_demo,2026-07-18,2026-03-10,family,130,6,4,9,1,4,0,4.66,3,0,180,0,0,0.9098,1,1,1,0,0,0,0,0,0,1,0,0,1,1
SYN-02332,synthetic_demo,2026-07-18,2025-02-28,career,505,29,0,2,0,2,0,6.22,2,0,180,0,0,0.472,1,1,1,0,0,0,0,0,0,0,0,0,1,0
SYN-02336,synthetic_demo,2026-07-18,2026-05-17,personal_growth,62,23,0,5,0,2,0,4.96,2,0,180,0,0,0.7169,1,1,1,0,0,0,0,0,0,0,0,0,0,0
SYN-00186,synthetic_demo,2026-07-19,2025-11-08,career,253,2,1,2,0,0,1,6.18,3,1,86,0,0,0.7207,1,1,0,0,0,0,0,0,0,0,0,0,1,0
SYN-00239,synthetic_demo,2026-07-19,2025-05-04,family,441,6,1,3,0,2,0,4.2,2,0,180,0,0,0.5983,1,1,1,0,0,0,0,0,0,0,0,0,0,0
SYN-00275,synthetic_demo,2026-07-19,2025-08-25,family,328,6,2,4,1,3,0,4.0,3,0,180,1,0,0.8392,1,1,1,1,0,0,0,0,0,0,0,0,1,0
SYN-00679,synthetic_demo,2026-07-19,2026-04-27,personal_growth,83,7,0,2,0,1,0,3.73,0,0,180,0,0,0.8301,1,1,1,0,0,0,0,0,0,0,0,0,0,0
SYN-00730,synthetic_demo,2026-07-19,2026-03-20,finance,121,7,0,2,0,1,0,7.21,3,1,3,0,1,0.9392,1,1,1,0,0,0,1,1,1,0,0,0,1,0
SYN-01446,synthetic_demo,2026-07-19,2026-05-08,finance,72,1,5,7,4,5,5,9.23,2,0,180,0,0,0.8789,1,1,1,0,0,0,0,0,0,0,0,0,0,0
SYN-01640,synthetic_demo,2026-07-19,2025-04-19,education,456,6,1,4,0,1,1,3.91,2,2,61,0,0,0.7362,1,1,1,0,0,1,0,0,0,0,0,0,1,1
SYN-01812,synthetic_demo,2026-07-19,2025-08-31,career,322,7,0,5,0,4,0,5.01,2,0,180,0,0,0.8148,1,1,1,0,0,0,0,0,0,0,0,0,0,0
SYN-01975,synthetic_demo,2026-07-19,2025-10-16,finance,276,6,2,10,2,4,2,5.09,3,0,180,2,0,0.4983,1,1,1,1,0,0,0,0,0,0,0,0,0,0
SYN-01976,synthetic_demo,2026-07-19,2025-03-01,finance,505,6,1,3,1,1,1,8.23,4,1,15,0,0,0.621,1,1,1,0,0,0,0,0,0,1,1,1,1,1
SYN-02182,synthetic_demo,2026-07-19,2025-11-14,career,247,3,1,4,0,0,1,6.59,3,1,30,0,1,0.6458,1,0,0,0,0,0,1,1,1,1,0,0,1,0
SYN-02231,synthetic_demo,2026-07-19,2025-07-14,relationship,370,27,0,2,0,1,0,3.33,0,0,180,0,0,0.8919,1,1,1,0,0,0,0,0,0,0,0,0,1,0
SYN-00072,synthetic_demo,2026-07-20,2026-02-22,family,148,7,0,3,0,3,0,4.06,3,0,180,1,1,0.9373,1,1,1,1,0,0,1,0,0,0,0,0,1,0
SYN-00149,synthetic_demo,2026-07-20,2025-12-22,family,210,0,2,3,0,1,2,3.25,2,0,180,1,0,0.6776,1,1,1,1,0,0,0,0,0,0,0,0,0,1
SYN-00156,synthetic_demo,2026-07-20,2026-01-20,career,181,31,0,0,0,0,0,7.57,0,0,180,0,0,0.3874,1,1,0,0,0,0,0,0,0,0,0,0,1,0
SYN-00219,synthetic_demo,2026-07-20,2025-07-20,family,365,7,0,5,0,4,0,11.54,3,0,180,0,1,0.888,1,1,1,0,0,0,1,1,0,0,0,0,1,0
SYN-00484,synthetic_demo,2026-07-20,2026-04-26,personal_growth,85,7,0,3,0,1,0,8.19,5,0,180,0,0,0.663,1,1,1,0,0,0,0,0,0,1,1,1,0,0
SYN-00745,synthetic_demo,2026-07-20,2025-02-04,career,531,8,0,2,0,2,0,4.61,0,0,180,1,0,0.7675,1,1,1,1,0,0,0,0,0,1,0,0,0,0
SYN-01051,synthetic_demo,2026-07-20,2025-08-17,personal_growth,337,7,0,3,0,0,0,5.25,1,0,180,0,0,0.8641,1,1,0,0,0,0,0,0,0,1,0,0,0,0
SYN-01054,synthetic_demo,2026-07-20,2025-10-05,career,288,4,1,4,1,3,1,5.76,2,0,180,0,0,0.5986,1,1,1,0,0,0,0,0,0,1,1,1,0,1
SYN-01433,synthetic_demo,2026-07-20,2025-08-23,finance,331,2,1,7,0,3,1,6.4,2,0,180,1,0,0.8004,1,1,1,1,0,0,0,0,0,1,1,0,1,0
SYN-01723,synthetic_demo,2026-07-20,2025-07-18,relationship,367,6,1,5,1,3,0,8.34,2,2,36,1,0,0.8186,1,1,1,1,1,1,0,0,0,0,0,0,1,0
SYN-01978,synthetic_demo,2026-07-20,2026-01-25,career,176,7,0,7,0,2,0,5.09,1,0,180,0,0,0.7126,1,1,1,0,0,0,0,0,0,1,0,0,0,0
SYN-02209,synthetic_demo,2026-07-20,2025-10-24,family,269,5,4,8,4,6,4,7.32,4,1,40,1,2,0.8367,1,1,1,1,0,0,2,1,1,1,1,1,0,0
SYN-01007,synthetic_demo,2026-07-21,2026-02-06,family,165,0,2,6,1,4,2,4.0,4,1,31,0,0,0.637,1,1,1,0,0,0,0,0,0,1,1,1,0,0
SYN-01338,synthetic_demo,2026-07-21,2025-12-11,career,222,4,1,2,0,0,1,1.0,2,0,180,0,0,0.6455,1,0,0,0,0,0,0,0,0,1,1,0,0,0
SYN-01397,synthetic_demo,2026-07-21,2026-04-17,relationship,95,7,0,2,0,1,0,4.05,3,0,180,1,0,0.6386,1,1,1,1,1,0,0,0,0,0,0,0,1,0
SYN-01406,synthetic_demo,2026-07-21,2025-02-19,relationship,517,9,0,3,0,0,0,5.08,2,0,180,0,0,0.6211,1,1,0,0,0,0,0,0,0,0,0,0,0,1
SYN-01511,synthetic_demo,2026-07-21,2025-09-01,personal_growth,323,17,0,4,0,2,0,6.19,5,1,11,0,1,0.7974,1,1,1,0,0,0,1,1,1,1,0,0,0,0
SYN-01657,synthetic_demo,2026-07-21,2026-04-21,relationship,91,7,0,2,0,2,0,7.41,2,1,33,0,1,0.836,1,1,1,0,0,0,1,1,1,1,1,0,0,1
SYN-01662,synthetic_demo,2026-07-21,2025-06-05,personal_growth,411,6,2,6,1,2,2,4.33,2,0,180,0,0,0.4908,1,1,1,0,0,0,0,0,0,1,1,1,0,0
SYN-02040,synthetic_demo,2026-07-21,2026-03-22,finance,121,0,4,7,3,5,2,9.34,3,0,180,1,0,0.7926,1,1,1,1,1,0,0,0,0,1,0,0,0,0
SYN-02264,synthetic_demo,2026-07-21,2025-07-23,career,363,0,5,8,2,5,5,6.67,3,0,180,1,2,0.5603,1,1,1,1,0,0,2,0,0,1,1,1,1,0
SYN-00065,synthetic_demo,2026-07-22,2025-11-24,career,240,7,0,1,0,0,0,7.56,0,0,180,0,1,0.3607,1,1,0,0,0,0,1,1,0,0,0,0,0,0
SYN-00972,synthetic_demo,2026-07-22,2025-09-22,finance,303,9,0,4,0,3,0,3.89,4,0,180,0,0,0.5781,1,1,1,0,0,0,0,0,0,1,0,0,1,1
SYN-01144,synthetic_demo,2026-07-22,2026-03-25,career,119,14,0,1,0,0,0,5.6,2,0,180,0,1,0.7311,1,1,0,0,0,0,1,1,0,0,0,0,1,0
SYN-01318,synthetic_demo,2026-07-22,2025-12-25,finance,209,7,0,4,0,3,0,4.71,1,0,180,0,1,0.741,1,1,1,0,0,0,1,1,0,0,0,0,1,0
SYN-01475,synthetic_demo,2026-07-22,2026-03-10,family,134,7,0,2,0,1,0,3.93,2,1,66,0,0,0.8406,1,1,1,0,0,0,0,0,0,0,0,0,0,0
SYN-01530,synthetic_demo,2026-07-22,2026-04-23,education,90,7,0,5,0,1,0,4.42,3,0,180,0,0,0.8221,1,1,1,0,0,0,0,0,0,1,1,0,0,0
SYN-01804,synthetic_demo,2026-07-22,2025-09-17,relationship,308,6,1,3,0,2,1,4.26,2,1,60,1,1,0.967,1,1,1,1,0,0,1,1,1,1,0,0,1,0
SYN-01898,synthetic_demo,2026-07-22,2025-04-14,education,464,6,1,3,1,1,1,8.59,5,0,180,0,0,0.8256,1,1,1,0,0,0,0,0,0,0,0,0,0,0
SYN-01989,synthetic_demo,2026-07-22,2026-02-28,finance,144,2,1,2,0,1,1,6.81,2,1,63,0,1,0.9556,1,1,1,0,0,0,1,0,0,1,0,0,0,0
SYN-00148,synthetic_demo,2026-07-23,2025-11-27,education,238,2,2,5,1,3,2,6.14,1,1,53,0,0,0.8518,1,1,1,0,0,0,0,0,0,1,0,0,0,0
SYN-00151,synthetic_demo,2026-07-23,2025-09-09,career,317,4,1,7,1,3,1,5.97,1,0,180,0,0,0.4532,1,1,1,0,0,0,0,0,0,1,0,0,0,0
SYN-00262,synthetic_demo,2026-07-23,2025-03-11,career,499,6,1,1,0,1,0,1.44,1,0,180,0,0,0.4864,1,1,1,0,0,0,0,0,0,1,0,0,1,1
SYN-00348,synthetic_demo,2026-07-23,2025-08-08,relationship,349,7,0,2,0,0,0,2.6,1,0,180,0,0,0.7055,1,0,0,0,0,0,0,0,0,0,0,0,0,0
SYN-00647,synthetic_demo,2026-07-23,2026-04-22,family,92,2,2,4,1,2,2,8.73,2,0,180,1,0,0.5101,1,1,1,1,0,0,0,0,0,1,1,1,1,1
SYN-00678,synthetic_demo,2026-07-23,2025-08-07,personal_growth,350,0,7,16,3,9,5,6.3,2,0,180,1,1,0.8967,1,1,1,1,1,0,1,1,0,1,0,0,0,0
SYN-00765,synthetic_demo,2026-07-23,2025-03-07,career,503,0,1,1,0,1,1,9.26,3,1,36,0,1,0.4939,1,1,1,0,0,0,1,0,0,0,0,0,0,0
SYN-00837,synthetic_demo,2026-07-23,2025-10-25,relationship,271,7,0,1,0,1,0,7.24,3,1,44,1,1,0.6786,1,1,1,1,1,0,1,1,0,0,0,0,0,1
SYN-00973,synthetic_demo,2026-07-23,2026-02-10,career,163,7,0,2,0,1,0,5.87,2,0,180,0,0,0.6861,1,1,1,0,0,0,0,0,0,0,0,0,0,1
SYN-01454,synthetic_demo,2026-07-23,2025-08-18,education,339,7,0,1,0,1,0,4.34,2,0,180,0,0,0.6061,1,1,1,0,0,0,0,0,0,1,1,1,1,0
SYN-01677,synthetic_demo,2026-07-23,2025-11-03,finance,262,6,1,1,1,1,1,1.08,4,0,180,0,0,0.493,1,1,1,0,0,0,0,0,0,0,0,0,0,0
SYN-02357,synthetic_demo,2026-07-23,2025-05-10,career,439,18,0,3,0,0,0,1.4,2,1,85,0,0,0.8436,1,1,0,0,0,0,0,0,0,0,0,0,1,0
SYN-00022,synthetic_demo,2026-07-24,2025-02-22,career,517,7,0,1,0,0,0,4.99,1,0,180,0,0,0.6264,1,1,0,0,0,0,0,0,0,1,1,1,0,0
SYN-00061,synthetic_demo,2026-07-24,2026-04-14,finance,101,7,0,3,0,2,0,4.79,5,1,8,1,0,0.8257,1,1,1,1,1,0,0,0,0,1,0,0,1,0
SYN-00290,synthetic_demo,2026-07-24,2025-07-10,relationship,379,7,0,3,0,3,0,4.94,2,1,63,0,1,0.8497,1,1,1,0,0,0,1,1,1,0,0,0,0,1
SYN-00334,synthetic_demo,2026-07-24,2026-03-24,education,122,7,0,2,0,1,0,8.32,1,0,180,1,1,0.5373,1,1,1,1,1,0,1,1,1,0,0,0,1,0
SYN-00625,synthetic_demo,2026-07-24,2026-01-29,education,176,4,1,2,1,1,1,3.09,3,0,180,0,0,0.521,1,1,1,0,0,0,0,0,0,1,1,0,1,1
SYN-00750,synthetic_demo,2026-07-24,2025-06-23,relationship,396,10,0,2,0,1,0,5.65,0,0,180,0,0,0.662,1,1,1,0,0,0,0,0,0,0,0,0,1,0
SYN-00902,synthetic_demo,2026-07-24,2026-05-11,relationship,74,20,0,5,0,4,0,6.99,3,0,180,0,1,0.698,1,1,1,0,0,0,1,1,0,1,0,0,1,0
SYN-01258,synthetic_demo,2026-07-24,2025-12-17,career,219,16,0,1,0,1,0,1.92,2,0,180,0,1,0.7893,1,1,1,0,0,0,1,1,0,1,0,0,1,1
SYN-01423,synthetic_demo,2026-07-24,2026-02-07,finance,167,7,0,6,0,5,0,8.49,5,1,37,2,1,0.6527,1,1,1,1,0,0,1,1,1,1,0,0,0,0
SYN-01501,synthetic_demo,2026-07-24,2025-10-22,finance,275,6,1,5,1,3,1,6.04,1,1,75,0,1,0.2442,1,1,1,0,0,0,1,1,1,0,0,0,1,1
SYN-01507,synthetic_demo,2026-07-24,2026-03-22,personal_growth,124,5,1,4,1,1,1,4.28,2,1,77,0,0,0.8235,1,1,1,0,0,0,0,0,0,1,1,0,0,0
SYN-01847,synthetic_demo,2026-07-24,2025-04-06,education,474,6,1,3,0,2,0,4.1,2,0,180,0,0,0.683,1,1,1,0,0,0,0,0,0,1,0,0,0,0
SYN-01884,synthetic_demo,2026-07-24,2026-02-19,career,155,12,0,2,0,1,0,2.34,2,0,180,1,1,0.8329,1,1,1,1,0,0,1,1,1,0,0,0,1,0
SYN-01965,synthetic_demo,2026-07-24,2026-01-22,finance,183,6,1,4,0,2,1,5.13,2,0,180,0,0,0.5414,1,1,1,0,0,0,0,0,0,1,0,0,0,0
SYN-02014,synthetic_demo,2026-07-24,2025-09-04,finance,323,30,0,0,0,0,0,3.27,0,0,180,0,0,0.8859,1,1,0,0,0,0,0,0,0,0,0,0,1,0
SYN-01270,synthetic_demo,2026-07-25,2026-04-19,relationship,97,6,1,3,1,1,1,5.59,3,0,180,0,0,0.7862,1,1,1,0,0,0,0,0,0,1,1,0,0,0
SYN-01560,synthetic_demo,2026-07-25,2026-03-28,career,119,2,5,14,3,11,3,5.16,4,2,31,0,1,0.4793,1,1,1,0,0,1,1,1,1,0,0,0,0,1
SYN-01704,synthetic_demo,2026-07-25,2025-08-28,education,331,5,1,6,1,3,1,6.41,4,2,39,0,1,0.8249,1,1,1,0,0,1,1,0,0,1,1,0,0,1
SYN-01905,synthetic_demo,2026-07-25,2025-12-16,career,221,13,0,2,0,0,0,2.66,1,1,46,0,0,0.8492,1,1,0,0,0,0,0,0,0,1,0,0,1,0
SYN-01916,synthetic_demo,2026-07-25,2025-03-21,family,491,30,0,0,0,0,0,1.77,0,0,180,0,0,0.8195,1,1,0,0,0,0,0,0,0,0,0,0,0,0
SYN-01954,synthetic_demo,2026-07-25,2025-06-14,education,406,7,0,1,0,0,0,9.57,1,0,180,0,1,0.5906,1,1,0,0,0,0,1,1,0,0,0,0,0,1
SYN-00099,synthetic_demo,2026-07-26,2025-10-04,family,295,6,1,3,0,0,1,7.33,4,0,180,0,0,0.478,1,1,0,0,0,0,0,0,0,1,0,0,1,1
SYN-00456,synthetic_demo,2026-07-26,2025-02-26,personal_growth,515,8,0,3,0,2,0,6.84,2,0,180,2,0,0.7484,1,1,1,1,1,0,0,0,0,0,0,0,1,0
SYN-00518,synthetic_demo,2026-07-26,2025-11-17,relationship,251,7,0,5,0,0,0,6.22,0,1,7,0,0,0.9069,1,1,0,0,0,0,0,0,0,0,0,0,0,0
SYN-01068,synthetic_demo,2026-07-26,2025-06-14,relationship,407,7,0,2,0,1,0,2.81,3,1,13,0,1,0.8322,1,1,1,0,0,0,1,0,0,0,0,0,0,0
SYN-02162,synthetic_demo,2026-07-26,2026-06-12,career,44,29,0,1,0,0,0,4.66,0,0,180,0,0,0.8679,1,1,0,0,0,0,0,0,0,0,0,0,1,0
SYN-02287,synthetic_demo,2026-07-26,2025-10-31,education,268,7,0,4,0,2,0,7.04,1,1,11,0,0,0.3234,1,1,1,0,0,0,0,0,0,0,0,0,1,0
SYN-00161,synthetic_demo,2026-07-27,2026-04-19,career,99,0,1,5,1,3,1,4.66,2,0,180,0,1,0.2604,1,1,1,0,0,0,1,0,0,1,1,0,0,0
SYN-00368,synthetic_demo,2026-07-27,2026-01-21,career,187,13,0,2,0,0,0,3.28,1,0,180,0,0,0.4418,1,1,0,0,0,0,0,0,0,0,0,0,1,0
SYN-00571,synthetic_demo,2026-07-27,2025-08-05,personal_growth,356,9,0,2,0,1,0,2.56,3,0,180,1,0,0.8275,1,1,1,1,0,0,0,0,0,0,0,0,1,0
SYN-00675,synthetic_demo,2026-07-27,2026-01-05,relationship,203,7,0,1,0,1,0,4.25,1,0,180,0,1,0.4825,1,1,1,0,0,0,1,1,1,0,0,0,1,0
SYN-01056,synthetic_demo,2026-07-27,2026-06-05,relationship,52,11,0,1,0,0,0,7.53,2,0,180,0,0,0.5454,1,1,0,0,0,0,0,0,0,1,0,0,1,0
SYN-01107,synthetic_demo,2026-07-27,2026-04-08,family,110,6,1,6,1,3,1,10.91,3,1,61,0,0,0.6982,1,1,1,0,0,0,0,0,0,1,1,0,1,0
SYN-01134,synthetic_demo,2026-07-27,2026-06-15,relationship,42,6,1,1,0,0,0,5.13,3,0,180,0,1,0.3841,1,1,0,0,0,0,1,0,0,0,0,0,1,0
SYN-01186,synthetic_demo,2026-07-27,2026-02-04,relationship,173,7,0,1,0,0,0,5.71,1,0,180,0,0,0.6989,1,1,0,0,0,0,0,0,0,0,0,0,0,1
SYN-01424,synthetic_demo,2026-07-27,2026-06-27,personal_growth,30,6,2,6,0,0,2,4.16,3,0,180,0,0,0.8554,1,1,0,0,0,0,0,0,0,0,0,0,1,1
SYN-01495,synthetic_demo,2026-07-27,2025-10-27,education,273,6,1,2,0,1,1,4.26,3,0,180,0,0,0.5568,1,1,1,0,0,0,0,0,0,0,0,0,0,0
SYN-01576,synthetic_demo,2026-07-27,2026-04-06,career,112,21,0,2,0,0,0,4.22,3,0,180,0,0,0.8574,1,0,0,0,0,0,0,0,0,0,0,0,0,0
SYN-00241,synthetic_demo,2026-07-28,2026-02-04,finance,174,2,2,5,1,1,2,8.69,1,1,49,1,0,0.6613,1,1,1,1,1,0,0,0,0,1,0,0,0,0
SYN-00383,synthetic_demo,2026-07-28,2025-07-20,relationship,373,15,0,2,0,1,0,3.72,1,0,180,0,0,0.7043,1,1,1,0,0,0,0,0,0,0,0,0,0,1
SYN-00576,synthetic_demo,2026-07-28,2025-02-25,career,518,6,2,5,1,3,1,8.05,3,0,180,0,0,0.674,1,1,1,0,0,0,0,0,0,1,0,0,0,0
SYN-00967,synthetic_demo,2026-07-28,2025-12-22,family,218,16,0,3,0,3,0,4.78,2,1,55,0,1,0.609,1,1,1,0,0,0,1,0,0,0,0,0,0,0
SYN-00989,synthetic_demo,2026-07-28,2025-04-14,career,470,7,0,2,0,1,0,4.51,2,1,28,0,0,0.7914,1,1,1,0,0,0,0,0,0,0,0,0,1,1
SYN-01097,synthetic_demo,2026-07-28,2026-03-18,career,132,12,0,3,0,1,0,8.08,4,0,180,0,0,0.5747,1,1,1,0,0,0,0,0,0,0,0,0,0,0
SYN-01157,synthetic_demo,2026-07-28,2025-02-20,relationship,523,6,4,9,1,5,4,3.49,2,2,78,2,0,0.5596,1,1,1,1,1,1,0,0,0,1,0,0,0,1
SYN-01297,synthetic_demo,2026-07-28,2026-02-18,career,160,2,4,10,3,4,4,7.53,4,0,180,1,0,0.924,1,1,1,1,0,0,0,0,0,1,0,0,0,0
SYN-01315,synthetic_demo,2026-07-28,2025-03-02,career,513,0,1,3,1,1,1,7.55,3,0,180,0,0,0.817,1,1,1,0,0,0,0,0,0,1,0,0,0,0
SYN-01555,synthetic_demo,2026-07-28,2025-09-03,career,328,7,0,7,0,2,0,5.27,2,0,180,0,1,0.71,1,1,1,0,0,0,1,0,0,0,0,0,0,0
SYN-01889,synthetic_demo,2026-07-28,2025-12-28,career,212,7,0,1,0,0,0,8.88,3,0,180,0,0,0.6062,1,1,0,0,0,0,0,0,0,0,0,0,0,0
SYN-01930,synthetic_demo,2026-07-28,2025-08-08,relationship,354,4,6,13,4,9,5,5.06,3,0,180,0,1,0.5961,1,1,1,0,0,0,1,1,0,1,0,0,0,0
SYN-01957,synthetic_demo,2026-07-28,2026-06-23,education,35,6,1,2,1,2,1,5.4,2,0,180,0,1,0.662,1,1,1,0,0,0,1,1,0,1,1,1,0,0
SYN-02270,synthetic_demo,2026-07-28,2025-02-12,personal_growth,531,5,4,6,3,3,4,8.82,0,0,180,2,0,0.769,1,1,1,1,1,0,0,0,0,0,0,0,1,1
SYN-02308,synthetic_demo,2026-07-28,2025-05-28,relationship,426,6,3,5,1,3,2,6.61,1,1,9,0,0,0.8266,1,1,1,0,0,0,0,0,0,1,0,0,1,1
SYN-02333,synthetic_demo,2026-07-28,2026-02-24,career,154,1,1,3,1,2,1,7.07,1,1,83,0,1,0.8826,1,1,1,0,0,0,1,1,0,0,0,0,0,0
SYN-00132,synthetic_demo,2026-07-29,2025-12-30,finance,211,7,0,3,0,0,0,1.17,0,0,180,0,0,0.5037,1,1,0,0,0,0,0,0,0,0,0,0,0,0
SYN-00197,synthetic_demo,2026-07-29,2025-03-28,personal_growth,488,6,2,7,2,2,2,4.15,3,1,65,0,1,0.692,1,1,1,0,0,0,1,1,1,0,0,0,0,1
SYN-00522,synthetic_demo,2026-07-29,2025-09-19,career,313,1,4,8,2,4,3,9.36,4,2,61,1,0,0.8178,1,1,1,1,0,1,0,0,0,0,0,0,0,0
SYN-01032,synthetic_demo,2026-07-29,2025-02-05,finance,539,29,0,2,0,0,0,7.55,3,0,180,0,0,0.4832,1,1,0,0,0,0,0,0,0,0,0,0,1,0
SYN-01189,synthetic_demo,2026-07-29,2025-09-11,education,321,2,5,8,3,4,4,8.77,3,1,35,0,1,0.6058,1,1,1,0,0,0,1,0,0,1,0,0,0,0
SYN-01359,synthetic_demo,2026-07-29,2025-09-16,finance,316,7,0,1,0,1,0,6.73,2,1,42,0,1,0.6893,1,1,1,0,0,0,1,1,1,1,1,1,1,1
SYN-01417,synthetic_demo,2026-07-29,2025-08-15,finance,348,19,0,3,0,2,0,2.77,4,0,180,1,0,0.5804,1,1,1,1,1,0,0,0,0,0,0,0,1,0
SYN-01665,synthetic_demo,2026-07-29,2025-09-27,family,305,7,0,1,0,1,0,4.15,1,0,180,0,0,0.3803,1,1,1,0,0,0,0,0,0,0,0,0,0,0
SYN-02058,synthetic_demo,2026-07-29,2026-01-12,career,198,21,0,2,0,0,0,7.58,4,0,180,0,0,0.7269,1,1,0,0,0,0,0,0,0,0,0,0,1,0
SYN-02317,synthetic_demo,2026-07-29,2025-05-15,relationship,440,6,5,6,2,2,1,6.34,1,0,180,0,1,0.5974,1,1,1,0,0,0,1,0,0,1,0,0,1,0
SYN-02374,synthetic_demo,2026-07-29,2026-02-23,career,156,1,3,9,1,5,3,2.78,3,0,180,1,0,0.2973,1,1,1,1,1,0,0,0,0,1,0,0,0,1
SYN-00051,synthetic_demo,2026-07-30,2025-02-10,finance,535,12,0,4,0,1,0,6.62,3,0,180,0,0,0.3313,1,1,1,0,0,0,0,0,0,0,0,0,0,0
SYN-00243,synthetic_demo,2026-07-30,2025-08-28,career,336,21,0,1,0,1,0,5.99,2,0,180,0,0,0.9103,1,1,1,0,0,0,0,0,0,1,0,0,1,0
SYN-00486,synthetic_demo,2026-07-30,2026-05-17,education,74,6,3,7,0,3,3,4.8,2,1,13,1,0,0.9626,1,1,1,1,1,0,0,0,0,1,1,1,0,1
SYN-00502,synthetic_demo,2026-07-30,2025-11-14,relationship,258,7,0,5,0,2,0,1.23,2,0,180,0,0,0.3581,1,1,1,0,0,0,0,0,0,0,0,0,1,0
SYN-00738,synthetic_demo,2026-07-30,2025-07-09,education,386,16,0,2,0,1,0,3.07,1,0,180,0,0,0.5459,1,1,1,0,0,0,0,0,0,1,1,1,1,0
SYN-00897,synthetic_demo,2026-07-30,2025-10-12,career,291,11,0,10,0,2,0,3.95,1,1,49,0,1,0.8112,1,1,1,0,0,0,1,0,0,1,0,0,0,0
SYN-00915,synthetic_demo,2026-07-30,2026-05-07,finance,84,7,0,4,0,2,0,5.82,3,0,180,0,0,0.756,1,1,1,0,0,0,0,0,0,0,0,0,0,1
SYN-01330,synthetic_demo,2026-07-30,2025-02-26,career,519,7,0,1,0,0,0,3.62,1,0,180,0,0,0.8208,1,1,0,0,0,0,0,0,0,0,0,0,0,0
SYN-01448,synthetic_demo,2026-07-30,2026-03-15,relationship,137,6,1,4,1,4,0,5.93,3,2,1,0,0,0.4123,1,1,1,0,0,1,0,0,0,0,0,0,0,0
SYN-01478,synthetic_demo,2026-07-30,2025-05-25,career,431,4,2,5,2,3,1,8.6,3,0,180,1,0,0.4594,1,1,1,1,1,0,0,0,0,1,0,0,0,0
SYN-01620,synthetic_demo,2026-07-30,2025-05-08,finance,448,9,0,5,0,1,0,9.09,3,0,180,0,1,0.9235,1,1,1,0,0,0,1,1,0,0,0,0,1,0
SYN-01709,synthetic_demo,2026-07-30,2026-06-16,personal_growth,44,3,1,4,1,2,1,6.41,2,0,180,0,1,0.6022,1,1,1,0,0,0,1,1,0,1,0,0,1,0
SYN-01794,synthetic_demo,2026-07-30,2026-01-04,career,207,6,1,4,0,3,0,1.0,2,1,4,0,0,0.7799,1,1,1,0,0,0,0,0,0,1,0,0,0,0
SYN-01805,synthetic_demo,2026-07-30,2026-01-09,career,202,6,1,5,1,2,1,3.89,1,1,36,0,1,0.6199,1,1,1,0,0,0,1,0,0,1,1,0,1,0
SYN-01820,synthetic_demo,2026-07-30,2025-05-29,career,427,6,2,6,2,2,1,8.26,3,0,180,1,1,0.6583,1,1,1,1,0,0,1,0,0,0,0,0,0,1
SYN-02227,synthetic_demo,2026-07-30,2025-09-04,career,329,7,0,1,0,0,0,6.97,0,0,180,0,1,0.8072,1,0,0,0,0,0,1,0,0,0,0,0,1,0
SYN-00399,synthetic_demo,2026-07-31,2025-02-20,education,526,4,1,4,0,2,1,4.67,4,0,180,0,0,0.5831,1,1,1,0,0,0,0,0,0,0,0,0,0,1
SYN-00546,synthetic_demo,2026-07-31,2026-03-13,personal_growth,140,27,0,2,0,1,0,8.58,3,0,180,0,0,0.7418,1,1,1,0,0,0,0,0,0,0,0,0,1,0
SYN-01026,synthetic_demo,2026-07-31,2025-10-06,relationship,298,30,0,0,0,0,0,4.29,0,0,180,0,0,0.7506,1,1,0,0,0,0,0,0,0,1,0,0,1,0
SYN-01342,synthetic_demo,2026-07-31,2025-02-13,relationship,533,7,0,1,0,1,0,7.78,3,0,180,0,0,0.9192,1,1,1,0,0,0,0,0,0,0,0,0,0,0
SYN-01590,synthetic_demo,2026-07-31,2026-01-26,finance,186,2,1,3,0,2,1,8.1,1,0,180,1,1,0.7171,1,1,1,1,1,0,1,1,1,1,0,0,0,0
SYN-01615,synthetic_demo,2026-07-31,2025-09-17,family,317,7,0,1,0,0,0,3.57,3,0,180,0,0,0.6915,1,1,0,0,0,0,0,0,0,1,0,0,0,0
SYN-01626,synthetic_demo,2026-07-31,2026-04-10,finance,112,7,0,4,0,3,0,11.2,3,0,180,0,0,0.8555,1,1,1,0,0,0,0,0,0,1,0,0,1,0
SYN-01897,synthetic_demo,2026-07-31,2026-02-19,relationship,162,7,0,6,0,2,0,5.56,2,1,40,0,0,0.6453,1,1,1,0,0,0,0,0,0,1,1,1,1,0
SYN-02153,synthetic_demo,2026-07-31,2025-08-31,finance,334,6,5,8,3,3,5,6.04,2,0,180,1,1,0.8369,1,1,1,1,1,0,1,1,0,0,0,0,0,0
